workload,QueryID,QuerySize,labels,eligible_count,true_selectivity
sel_0p5,0,5,"2,7,42,72,137",2794,0.0046377061779093141
sel_0p5,1,6,"1,2,4,36,72,91",3356,0.0055705590311609368
sel_0p5,2,8,"1,2,23,57,70,87,166,521",1758,0.002918069957324472
sel_0p5,3,6,"1,2,30,174,374,382",1085,0.0018009703661530443
sel_0p5,4,7,"1,2,23,57,87,166,521",2340,0.0038841204210120954
sel_0p5,5,6,"1,2,20,46,98,154",2485,0.0041248030966731016
sel_0p5,6,5,"2,3,10,18,62",1696,0.0028151573649728692
sel_0p5,7,5,"1,2,57,87,521",2344,0.0038907599430992959
sel_0p5,8,6,"1,2,3,9,17,27",5373,0.0089185380436316193
sel_0p5,9,6,"1,7,9,12,23,38",1075,0.0017843715609350439
sel_0p5,10,5,"1,2,10,14,70",2594,0.0043057300735493062
sel_0p5,11,7,"1,2,3,4,6,16,70",1396,0.0023171932084328569
sel_0p5,12,6,"1,2,17,26,299,498",1708,0.0028350759312344696
sel_0p5,13,5,"1,3,7,12,16",7724,0.012820917150383516
sel_0p5,14,5,"1,2,12,102,498",3956,0.0065664873442409614
sel_0p5,15,5,"1,2,7,9,43",5773,0.0095824902523516352
sel_0p5,16,5,"1,2,26,299,498",5275,0.0087558697524952149
sel_0p5,17,7,"1,2,6,12,23,38,70",1732,0.0028749130637576708
sel_0p5,18,7,"2,6,9,24,72,80,103",1324,0.0021976818108632541
sel_0p5,19,5,"1,2,5,29,728",20,3.3197610436000814e-05
sel_0p5,20,7,"2,3,4,20,98,396,522",1508,0.0025030998268744616
sel_0p5,21,7,"1,2,4,11,12,16,72",1457,0.0024184459202626594
sel_0p5,22,5,"1,2,49,70,585",2405,0.0039920126549290984
sel_0p5,23,10,"2,6,13,15,60,112,261,845,1019,1969",128,0.00021246470679040522
sel_0p5,24,7,"1,2,9,19,47,96,231",1342,0.0022275596602556549
sel_0p5,25,5,"2,36,70,72,91",1388,0.0023039141642584569
sel_0p5,26,5,"1,16,83,163,498",1294,0.0021478853952092529
sel_0p5,27,5,"1,2,14,302,713",1444,0.0023968674734792588
sel_0p5,28,7,"1,2,4,6,12,23,38",1991,0.0033048221189038813
sel_0p5,29,5,"1,4,6,12,14",2626,0.004358846250246907
sel_0p5,30,9,"2,6,9,11,24,27,72,80,103",1324,0.0021976818108632541
sel_0p5,31,5,"1,3,9,14,16",5633,0.0093501069792996296
sel_0p5,32,5,"2,4,23,38,39",1700,0.0028217968870600696
sel_0p5,33,7,"1,2,3,6,12,16,190",3275,0.0054361087088951338
sel_0p5,34,6,"1,2,4,12,14,23",3305,0.005485905124549135
sel_0p5,35,6,"1,2,13,24,27,80",953,0.001581866137275439
sel_0p5,36,7,"1,2,3,6,12,16,70",1651,0.0027404627414918674
sel_0p5,37,8,"1,2,4,7,11,36,67,80",1483,0.0024616028138294607
sel_0p5,38,5,"1,2,57,521,535",2363,0.0039222976730134964
sel_0p5,39,6,"1,2,14,26,299,498",2546,0.0042260558085029038
sel_0p5,40,5,"1,2,6,48,52",5330,0.0088471631811942175
sel_0p5,41,7,"2,4,7,11,36,67,80",1483,0.0024616028138294607
sel_0p5,42,8,"1,2,4,20,98,114,194,498",20,3.3197610436000814e-05
sel_0p5,43,6,"1,5,8,28,42,81",1461,0.0024250854423498599
sel_0p5,44,5,"2,6,18,24,95",979,0.00162502303084224
sel_0p5,45,5,"1,2,6,49,70",7685,0.012756181810033313
sel_0p5,46,5,"1,9,13,16,23",2246,0.0037280916519628919
sel_0p5,47,10,"1,2,6,9,11,24,27,72,80,103",1324,0.0021976818108632541
sel_0p5,48,9,"1,2,8,12,20,23,31,98,1499",20,3.3197610436000814e-05
sel_0p5,49,8,"1,2,6,23,57,166,204,521",1762,0.002924709479411672
sel_0p5,50,5,"1,3,16,17,26",3408,0.0056568728182945392
sel_0p5,51,6,"2,4,5,7,48,114",1295,0.0021495452757310527
sel_0p5,52,5,"1,2,38,66,72",2146,0.0035621035997828875
sel_0p5,53,5,"1,2,12,16,37",2186,0.0036284988206548891
sel_0p5,54,5,"3,9,11,17,27",2041,0.0033878161449938833
sel_0p5,55,8,"1,2,4,6,11,70,72,91",2073,0.0034409323216914845
sel_0p5,56,6,"1,12,38,83,163,498",703,0.0011668960068254286
sel_0p5,57,6,"1,10,46,87,147,325",1495,0.002481521380091061
sel_0p5,58,5,"2,4,12,38,498",1360,0.0022574375096480557
sel_0p5,59,6,"1,2,4,14,38,788",1627,0.0027006256089686666
sel_0p5,60,6,"1,2,3,4,20,396",1979,0.0032849035526422809
sel_0p5,61,7,"1,2,6,27,72,80,103",1400,0.0023238327305200573
sel_0p5,62,8,"1,2,3,4,7,11,36,72",2368,0.0039305970756224971
sel_0p5,63,6,"1,2,6,48,52,70",3276,0.0054377685894169336
sel_0p5,64,5,"1,4,7,11,42",4047,0.0067175364717247657
sel_0p5,65,5,"1,2,11,16,26",7174,0.011907982863393493
sel_0p5,66,6,"1,7,9,11,21,29",1932,0.0032068891681176787
sel_0p5,67,5,"1,2,6,257,289",5184,0.0086048206250114116
sel_0p5,68,5,"2,4,10,14,788",3362,0.0055805183142917372
sel_0p5,69,5,"1,2,3,96,231",1563,0.0025943932555734638
sel_0p5,70,5,"2,4,6,7,29",3395,0.0056352943715111386
sel_0p5,71,6,"2,4,11,29,36,72",2085,0.0034608508879530853
sel_0p5,72,7,"1,2,8,9,12,16,23",2248,0.0037314114130064919
sel_0p5,73,5,"2,9,24,27,91",1641,0.002723863936273867
sel_0p5,74,5,"1,2,31,107,128",5225,0.0086728757264052138
sel_0p5,75,7,"1,2,6,14,70,91,788",1319,0.0021893824082542539
sel_0p5,76,6,"1,2,3,9,37,52",2073,0.0034409323216914845
sel_0p5,77,5,"1,2,7,17,72",1410,0.0023404315357380577
sel_0p5,78,7,"1,2,11,24,27,80,95",4081,0.0067739724094659668
sel_0p5,79,5,"1,2,7,11,49",6619,0.010986749173794471
sel_0p5,80,5,"1,2,6,65,289",5298,0.0087940470044966159
sel_0p5,81,6,"1,2,48,52,70,585",1931,0.0032052292875958789
sel_0p5,82,6,"1,2,3,14,299,498",2515,0.0041745995123271028
sel_0p5,83,7,"1,2,3,4,6,12,70",1891,0.0031388340667238774
sel_0p5,84,5,"1,6,10,18,69",1650,0.0027388028609700672
sel_0p5,85,6,"2,3,4,6,16,70",1396,0.0023171932084328569
sel_0p5,86,8,"2,3,20,23,39,98,396,522",1477,0.0024516435306986602
sel_0p5,87,5,"1,2,4,16,72",5898,0.0097899753175766414
sel_0p5,88,5,"1,6,32,46,69",2808,0.0046609445052145145
sel_0p5,89,5,"1,2,9,12,43",1610,0.0026724076400980656
sel_0p5,90,5,"1,2,8,159,491",2535,0.0042077971227631036
sel_0p5,91,7,"1,2,3,4,7,11,14",2021,0.0033546185345578825
sel_0p5,92,5,"1,2,3,10,38",3658,0.0060718429487445491
sel_0p5,93,8,"1,2,3,4,7,11,49,72",1345,0.0022325393018210551
sel_0p5,94,5,"2,4,11,29,72",7917,0.013141274091090923
sel_0p5,95,7,"1,2,4,7,11,36,49",2468,0.004096585127802501
sel_0p5,96,6,"1,2,9,13,27,38",1852,0.0030740987263736756
sel_0p5,97,5,"1,2,18,322,811",1148,0.0019055428390264469
sel_0p5,98,5,"1,2,20,26,299",1075,0.0017843715609350439
sel_0p5,99,5,"1,4,7,42,72",4109,0.0068204490640763676
sel_0p5,100,5,"1,2,3,4,6",10810,0.017943308440658442
sel_0p5,101,6,"1,2,4,7,10,12",8632,0.014328088664177953
sel_0p5,102,5,"1,2,3,23,43",2997,0.0049746619238347223
sel_0p5,103,7,"1,2,3,4,7,36,67",2097,0.0034807694542146857
sel_0p5,104,5,"2,23,39,498,522",2796,0.0046410259389529146
sel_0p5,105,5,"1,4,7,11,29",10754,0.01785035513143764
sel_0p5,106,5,"1,2,12,23,24",2649,0.004397023502248308
sel_0p5,107,5,"5,185,199,209,3290",637,0.0010573438923866261
sel_0p5,108,8,"1,2,4,7,9,29,43,72",1927,0.0031985897655086785
sel_0p5,109,5,"1,6,11,70,72",2398,0.0039803934912764983
sel_0p5,110,7,"3,12,23,39,43,498,522",717,0.0011901343341306292
sel_0p5,111,7,"1,2,3,12,23,39,498",4930,0.0081832109724742016
sel_0p5,112,5,"1,4,10,11,95",1765,0.0029296891209770722
sel_0p5,113,6,"1,2,3,14,16,26",3484,0.0057830237379513424
sel_0p5,114,6,"2,4,11,36,70,72",1399,0.0023221728499982571
sel_0p5,115,8,"1,2,3,4,7,11,29,72",3463,0.0057481662469935418
sel_0p5,116,5,"2,4,11,45,72",1788,0.0029678663729784732
sel_0p5,117,5,"1,2,11,80,103",2481,0.0041181635745859016
sel_0p5,118,7,"1,2,3,9,12,19,38",3688,0.0061216393643985503
sel_0p5,119,5,"1,2,204,373,498",5240,0.0086977739342322148
sel_0p5,120,7,"1,2,8,12,83,163,498",1304,0.0021644842004272533
sel_0p5,121,6,"1,2,6,11,36,91",1723,0.0028599741390614702
sel_0p5,122,6,"1,2,4,7,72,167",3327,0.0055224224960287362
sel_0p5,123,6,"1,2,6,11,70,72",2398,0.0039803934912764983
sel_0p5,124,5,"1,2,7,72,137",5211,0.0086496373991000134
sel_0p5,125,6,"2,4,7,29,42,72",2329,0.0038658617352722953
sel_0p5,126,10,"1,2,3,4,7,9,11,21,29,72",1294,0.0021478853952092529
sel_0p5,127,6,"1,2,4,9,14,16",3542,0.0058792968082157443
sel_0p5,128,6,"4,11,31,49,107,128",427,0.00070876898280861739
sel_0p5,129,6,"1,2,20,98,166,204",2741,0.0045497325102539119
sel_0p5,130,5,"1,2,3,6,70",5313,0.0088189452123236169
sel_0p5,131,5,"2,3,9,13,126",3418,0.0056734716235125396
sel_0p5,132,6,"1,3,14,16,299,498",2273,0.0037729084260514929
sel_0p5,133,5,"2,57,70,204,521",1776,0.0029479478067168724
sel_0p5,134,5,"1,2,25,35,185",5192,0.0086180996691858115
sel_0p5,135,6,"1,2,3,4,13,72",2543,0.0042210761669375036
sel_0p5,136,5,"2,6,12,16,70",2297,0.0038127455585746936
sel_0p5,137,5,"1,2,9,134,453",1347,0.0022358590628646551
sel_0p5,138,6,"1,2,3,16,26,498",2786,0.0046244271337349142
sel_0p5,139,5,"1,2,6,7,70",2594,0.0043057300735493062
sel_0p5,140,6,"1,11,24,27,80,95",4081,0.0067739724094659668
sel_0p5,141,5,"1,2,3,6,81",2884,0.0047870954248713177
sel_0p5,142,8,"1,9,12,13,19,38,66,72",1577,0.0026176315828786642
sel_0p5,143,7,"1,2,3,9,27,36,95",709,0.001176855289956229
sel_0p5,144,5,"1,2,3,16,37",4261,0.007072750903389974
sel_0p5,145,6,"1,2,6,52,70,585",1931,0.0032052292875958789
sel_0p5,146,5,"1,2,4,61,243",2360,0.0039173180314480962
sel_0p5,147,7,"1,2,4,7,9,11,72",4874,0.0080902576632533984
sel_0p5,148,5,"3,6,12,16,17",1397,0.0023188530889546571
sel_0p5,149,5,"2,3,4,6,70",2714,0.004504915736165311
sel_0p5,150,7,"1,2,9,24,27,38,80",1115,0.0018507667818070455
sel_0p5,151,8,"1,2,20,87,92,98,166,204",2460,0.0040833060836281002
sel_0p5,152,6,"1,2,11,24,72,80",3001,0.0049813014459219223
sel_0p5,153,10,"1,2,4,5,30,31,34,156,159,491",20,3.3197610436000814e-05
sel_0p5,154,5,"1,2,3,9,134",3505,0.005817881228909143
sel_0p5,155,6,"1,2,12,17,18,180",2653,0.0044036630243355079
sel_0p5,156,6,"1,2,3,20,396,498",1708,0.0028350759312344696
sel_0p5,157,7,"1,2,3,6,9,12,16",1391,0.0023088938058238567
sel_0p5,158,5,"1,2,10,12,18",10373,0.017217940652631825
sel_0p5,159,6,"1,2,4,7,29,42",2899,0.0048119936326983187
sel_0p5,160,5,"1,83,163,204,498",1853,0.0030757586068954758
sel_0p5,161,8,"1,2,3,4,16,26,299,498",1706,0.0028317561701908696
sel_0p5,162,5,"2,3,4,14,16",6145,0.01019996580646125
sel_0p5,163,6,"1,2,7,8,12,29",2317,0.0038459431690106944
sel_0p5,164,5,"1,2,3,4,126",4479,0.0074346048571423832
sel_0p5,165,5,"1,2,4,18,19",4098,0.0068021903783365674
sel_0p5,166,5,"1,2,6,10,157",2196,0.0036450976258728895
sel_0p5,167,5,"1,2,4,11,37",1943,0.0032251478538574793
sel_0p5,168,6,"2,3,4,7,14,23",1727,0.0028666136611486706
sel_0p5,169,5,"1,2,17,28,135",1087,0.0018042901271966443
sel_0p5,170,7,"2,4,6,12,23,38,70",1716,0.00284835497540887
sel_0p5,171,5,"1,2,4,11,90",2147,0.0035637634803046877
sel_0p5,172,5,"1,3,6,12,70",2441,0.0040517683537139
sel_0p5,173,5,"1,7,11,29,72",7941,0.013181111223614124
sel_0p5,174,6,"1,4,36,70,72,91",1382,0.0022939548811276565
sel_0p5,175,7,"1,2,4,7,11,72,137",2195,0.0036434377453510897
sel_0p5,176,5,"1,8,16,31,128",1440,0.0023902279513920589
sel_0p5,177,5,"1,2,4,7,65",2058,0.0034160341138644839
sel_0p5,178,5,"3,6,12,16,190",3275,0.0054361087088951338
sel_0p5,179,5,"2,4,5,8,271",4887,0.0081118361100367999
sel_0p5,180,5,"1,2,42,72,137",3262,0.0054145302621117332
sel_0p5,181,6,"1,2,3,12,16,190",3419,0.0056751315040343394
sel_0p5,182,5,"1,2,11,42,72",3093,0.0051340104539275263
sel_0p5,183,5,"2,4,9,16,299",917,0.0015221104384906374
sel_0p5,184,8,"1,2,3,4,9,16,26,160",1442,0.0023935477124356589
sel_0p5,185,5,"2,4,12,13,66",1114,0.0018491069012852455
sel_0p5,186,6,"1,2,3,12,39,522",3070,0.0050958332019261253
sel_0p5,187,5,"1,2,10,32,41",1658,0.0027520819051444676
sel_0p5,188,5,"1,2,4,11,26",8240,0.013677415499632337
sel_0p5,189,7,"1,2,4,11,36,49,91",1568,0.002602692658182464
sel_0p5,190,5,"1,2,10,20,157",2227,0.0036965539220486909
sel_0p5,191,7,"2,3,14,16,26,299,498",2273,0.0037729084260514929
sel_0p5,192,5,"1,4,7,12,27",2847,0.0047256798455647163
sel_0p5,193,8,"1,2,6,48,49,52,70,585",1416,0.0023503908188688576
sel_0p5,194,11,"1,2,3,9,11,31,54,115,210,264,272",20,3.3197610436000814e-05
sel_0p5,195,5,"1,2,14,140,830",1128,0.0018723452285904461
sel_0p5,196,5,"1,24,27,80,95",6519,0.010820761121614467
sel_0p5,197,7,"1,2,4,83,204,373,498",808,0.001341183461614433
sel_0p5,198,6,"1,3,4,21,29,72",2573,0.0042708725825915048
sel_0p5,199,5,"1,4,9,16,17",7472,0.012402627258889905
sel_0p5,200,6,"1,9,10,12,19,180",1384,0.0022972746421712565
sel_0p5,201,5,"2,4,11,36,91",7066,0.011728715767039089
sel_0p5,202,6,"1,2,7,11,12,39",3048,0.005059315830446524
sel_0p5,203,5,"1,2,15,265,273",5245,0.0087060733368412146
sel_0p5,204,7,"1,4,6,23,38,48,52",2069,0.0034342927996042845
sel_0p5,205,6,"1,2,3,4,9,14",3975,0.0065980250741551625
sel_0p5,206,6,"1,2,3,9,16,66",2344,0.0038907599430992959
sel_0p5,207,7,"1,2,4,6,23,38,48",2094,0.0034757898126492855
sel_0p5,208,6,"1,2,4,12,23,70",1854,0.0030774184874172755
sel_0p5,209,5,"1,2,9,10,118",3261,0.0054128703815899334
sel_0p5,210,5,"1,2,46,79,154",5564,0.0092355752232954266
sel_0p5,211,5,"1,2,10,40,54",1480,0.0024566231722640604
sel_0p5,212,8,"1,2,3,4,6,12,16,70",1313,0.0021794231251234535
sel_0p5,213,9,"1,2,4,9,17,21,27,38,160",1448,0.0024035069955664593
sel_0p5,214,6,"1,2,12,20,46,98",1520,0.002523018393136062
sel_0p5,215,6,"2,3,4,6,12,16",3894,0.0064635747518893586
sel_0p5,216,5,"1,2,3,16,19",6470,0.010739426976046264
sel_0p5,217,5,"2,3,4,12,70",1923,0.0031919502434214785
sel_0p5,218,5,"1,2,9,13,115",1629,0.0027039453700122666
sel_0p5,219,6,"1,2,23,57,67,77",1315,0.0021827428861670539
sel_0p5,220,5,"1,2,3,536,2526",1596,0.0026491693127928652
sel_0p5,221,5,"1,3,4,9,17",9182,0.015241022951167974
sel_0p5,222,5,"1,2,5,37,271",1673,0.0027769801129714682
sel_0p5,223,5,"1,2,9,19,38",7519,0.012480641643414506
sel_0p5,224,6,"1,2,20,98,194,498",1503,0.0024948004242654614
sel_0p5,225,5,"2,4,6,12,38",2866,0.0047572175754789173
sel_0p5,226,6,"1,2,3,13,126,163",1180,0.0019586590157240481
sel_0p5,227,5,"1,2,7,8,11",4329,0.0071856227788723763
sel_0p5,228,5,"2,4,10,11,36",2280,0.0037845275897040931
sel_0p5,229,5,"1,9,10,13,72",1701,0.0028234567675818694
sel_0p5,230,5,"1,2,78,544,791",5163,0.0085699631340536101
sel_0p5,231,8,"1,2,3,4,7,11,72,137",1302,0.0021611644393836533
sel_0p5,232,5,"2,4,9,16,17",7472,0.012402627258889905
sel_0p5,233,5,"3,4,9,16,17",7305,0.012125427211749298
sel_0p5,234,9,"1,2,6,9,11,24,72,80,103",1324,0.0021976818108632541
sel_0p5,235,5,"3,7,9,12,43",1140,0.0018922637948520465
sel_0p5,236,5,"2,12,14,38,788",631,0.0010473846092558259
sel_0p5,237,6,"1,2,48,49,52,585",1416,0.0023503908188688576
sel_0p5,238,5,"1,2,6,20,97",1360,0.0022574375096480557
sel_0p5,239,6,"1,3,6,9,12,16",1391,0.0023088938058238567
sel_0p5,240,5,"1,2,6,107,248",3097,0.0051406499760147262
sel_0p5,241,5,"2,3,4,11,29",4562,0.0075723749404517865
sel_0p5,242,6,"3,4,7,8,11,12",2195,0.0036434377453510897
sel_0p5,243,6,"1,2,20,26,98,299",1071,0.0017777320388478437
sel_0p5,244,5,"1,2,7,11,67",6473,0.010744406617611665
sel_0p5,245,7,"1,2,5,12,20,67,98",20,3.3197610436000814e-05
sel_0p5,246,5,"1,6,9,80,103",1384,0.0022972746421712565
sel_0p5,247,5,"2,9,11,80,89",1508,0.0025030998268744616
sel_0p5,248,8,"1,2,3,9,12,19,38,134",700,0.0011619163652600286
sel_0p5,249,5,"2,10,21,61,204",1144,0.0018989033169392467
sel_0p5,250,7,"1,2,3,4,12,23,38",3061,0.0050808942772299246
sel_0p5,251,8,"1,2,3,4,7,11,12,23",3160,0.0052452224488881288
sel_0p5,252,7,"2,23,57,87,166,204,521",2338,0.0038808006599684954
sel_0p5,253,6,"2,6,49,52,70,585",1416,0.0023503908188688576
sel_0p5,254,5,"1,2,9,10,325",1885,0.0031288747835930769
sel_0p5,255,6,"2,3,4,7,11,49",3354,0.0055672392701173372
sel_0p5,256,12,"1,2,3,4,7,12,13,38,66,72,89,134",20,3.3197610436000814e-05
sel_0p5,257,8,"1,2,4,6,23,38,48,52",2069,0.0034342927996042845
sel_0p5,258,5,"1,4,23,38,52",2278,0.0037812078286604931
sel_0p5,259,8,"1,2,3,9,12,16,23,38",1166,0.0019354206884188475
sel_0p5,260,5,"1,23,57,87,521",2342,0.0038874401820556954
sel_0p5,261,5,"2,3,4,9,13",6331,0.010508703583516058
sel_0p5,262,5,"1,2,4,45,48",3858,0.0064038190531045579
sel_0p5,263,8,"1,2,3,4,7,9,16,21",1814,0.003011023266545274
sel_0p5,264,5,"1,2,23,38,39",2043,0.0033911359060374833
sel_0p5,265,6,"1,2,4,7,11,16",8352,0.01386332211807394
sel_0p5,266,7,"1,2,3,4,7,11,72",6194,0.010281299952029452
sel_0p5,267,5,"2,15,302,387,537",1554,0.0025794543308772636
sel_0p5,268,5,"1,2,9,19,37",3455,0.005734887202819141
sel_0p5,269,7,"1,2,3,4,7,11,91",2902,0.0048169732742637181
sel_0p5,270,8,"1,2,3,4,9,13,16,92",1873,0.0031089562173314766
sel_0p5,271,5,"1,2,39,102,204",1677,0.0027836196350586686
sel_0p5,272,7,"1,6,48,49,52,70,585",1416,0.0023503908188688576
sel_0p5,273,5,"2,9,19,37,38",1825,0.0030292819522850746
sel_0p5,274,7,"1,2,3,4,7,11,26",4656,0.0077284037095009901
sel_0p5,275,5,"2,7,9,11,21",5006,0.008309361892131004
sel_0p5,276,8,"1,2,7,42,72,83,163,498",20,3.3197610436000814e-05
sel_0p5,277,6,"1,2,4,7,11,49",6340,0.010523642508212258
sel_0p5,278,6,"1,2,24,27,91,95",3782,0.0062776681334477547
sel_0p5,279,5,"1,2,7,10,29",4394,0.0072935150127893793
sel_0p5,280,6,"1,2,10,12,19,66",1406,0.0023337920136508573
sel_0p5,281,5,"1,2,7,10,325",2500,0.0041497013045001018
sel_0p5,282,8,"1,2,5,6,17,22,54,162",20,3.3197610436000814e-05
sel_0p5,283,6,"1,2,7,29,72,137",1473,0.0024450040086114603
sel_0p5,284,5,"1,2,6,12,190",5259,0.008729311664146415
sel_0p5,285,5,"1,2,4,11,91",10555,0.017520038907599431
sel_0p5,286,8,"1,2,6,10,14,70,91,788",1319,0.0021893824082542539
sel_0p5,287,5,"1,7,11,16,21",2253,0.0037397108156154921
sel_0p5,288,8,"2,3,4,14,16,26,299,498",1558,0.0025860938529644636
sel_0p5,289,6,"1,3,6,12,16,70",1651,0.0027404627414918674
sel_0p5,290,5,"1,2,7,21,72",6112,0.01014518974924185
sel_0p5,291,6,"1,2,6,12,16,190",3461,0.0057448464859499414
sel_0p5,292,5,"1,2,8,101,1526",1454,0.0024134662786972592
sel_0p5,293,7,"1,2,9,11,24,27,80",3693,0.0061299387670075509
sel_0p5,294,8,"1,2,4,7,9,11,43,72",1813,0.0030093633860234742
sel_0p5,295,6,"2,3,4,7,11,36",4888,0.0081134959905585988
sel_0p5,296,5,"1,2,9,10,14",2825,0.0046891624740851151
sel_0p5,297,6,"1,2,12,14,16,23",2469,0.0040982450083243008
sel_0p5,298,6,"1,4,10,14,38,788",1626,0.0026989657284468664
sel_0p5,299,5,"4,11,36,70,72",1399,0.0023221728499982571
sel_0p5,300,6,"1,3,4,9,17,27",4859,0.0080653594554263991
sel_0p5,301,5,"1,2,4,6,10",6217,0.010319477204030853
sel_0p5,302,5,"1,2,4,6,14",6127,0.010170087957068851
sel_0p5,303,6,"1,6,10,20,30,157",1666,0.002765360949318868
sel_0p5,304,5,"1,2,10,18,337",2827,0.0046924822351287155
sel_0p5,305,8,"1,2,3,4,6,12,16,190",1846,0.0030641394432428756
sel_0p5,306,5,"2,3,16,113,160",68,0.00011287187548240277
sel_0p5,307,5,"2,3,6,16,190",3278,0.005441088350460534
sel_0p5,308,6,"2,11,24,27,80,95",4081,0.0067739724094659668
sel_0p5,309,5,"1,3,4,12,70",1923,0.0031919502434214785
sel_0p5,310,9,"1,2,6,9,11,27,72,80,103",1324,0.0021976818108632541
sel_0p5,311,6,"2,21,45,72,167,412",928,0.001540369124230438
sel_0p5,312,7,"1,2,4,7,12,16,163",2271,0.0037695886650078929
sel_0p5,313,6,"1,3,7,13,16,163",851,0.0014125583240518348
sel_0p5,314,5,"1,2,12,65,289",2465,0.0040916054862371008
sel_0p5,315,5,"1,2,3,4,95",4186,0.0069482598642549706
sel_0p5,316,5,"3,4,7,11,23",4151,0.0068901640459919696
sel_0p5,317,7,"1,2,12,18,94,125,131",1418,0.0023537105799124581
sel_0p5,318,7,"2,8,9,12,19,38,66",1756,0.0029147501962808716
sel_0p5,319,6,"1,2,9,11,24,27",6702,0.011124519257103874
sel_0p5,320,7,"2,3,4,9,14,16,17",1918,0.0031836508408124783
sel_0p5,321,7,"2,4,7,9,21,29,43",1490,0.0024732219774820608
sel_0p5,322,9,"1,2,3,4,14,16,26,299,498",1558,0.0025860938529644636
sel_0p5,323,5,"2,7,11,29,43",1612,0.002675727401141666
sel_0p5,324,5,"1,7,11,12,72",3329,0.0055257422570723358
sel_0p5,325,5,"1,2,4,7,91",6927,0.011497992374508883
sel_0p5,326,6,"1,2,3,7,72,137",1817,0.0030160029081106742
sel_0p5,327,6,"1,2,3,7,26,36",2330,0.003867521615794095
sel_0p5,328,6,"1,6,49,52,70,585",1416,0.0023503908188688576
sel_0p5,329,9,"1,2,6,70,107,158,175,248,603",1460,0.0024234255618280597
sel_0p5,330,6,"1,2,4,11,36,72",6100,0.010125271182980249
sel_0p5,331,6,"1,2,3,9,16,17",8025,0.013320541187445328
sel_0p5,332,5,"3,4,9,16,26",5736,0.0095210746730450338
sel_0p5,333,7,"1,2,9,13,19,38,72",2857,0.0047422786507827167
sel_0p5,334,7,"1,3,4,9,14,16,17",1918,0.0031836508408124783
sel_0p5,335,5,"1,2,3,120,173",976,0.0016200433892768398
sel_0p5,336,7,"1,2,4,9,14,16,17",1974,0.0032766041500332807
sel_0p5,337,6,"2,6,11,36,70,91",1663,0.0027603813077534678
sel_0p5,338,5,"1,2,24,91,95",5412,0.0089832733839818203
sel_0p5,339,5,"1,2,7,11,47",1342,0.0022275596602556549
sel_0p5,340,5,"1,7,42,72,137",2794,0.0046377061779093141
sel_0p5,341,5,"1,8,9,12,23",4260,0.0070710910228681742
sel_0p5,342,6,"1,4,7,11,36,49",2468,0.004096585127802501
sel_0p5,343,6,"1,2,4,83,163,498",2171,0.0036036006128278885
sel_0p5,344,6,"1,6,23,57,70,521",2852,0.0047339792481737161
sel_0p5,345,7,"1,2,3,4,12,39,498",3474,0.005766424932733342
sel_0p5,346,6,"1,2,3,6,12,190",3415,0.0056684919819471394
sel_0p5,347,6,"2,4,9,18,39,90",1429,0.0023719692656522583
sel_0p5,348,5,"1,2,3,6,12",9603,0.015939832650845791
sel_0p5,349,7,"2,4,6,11,36,70,91",1662,0.002758721427231668
sel_0p5,350,6,"1,20,39,98,498,522",1455,0.0024151261592190595
sel_0p5,351,6,"1,15,60,63,392,881",4999,0.0082977427284784046
sel_0p5,352,6,"2,4,6,12,16,70",1317,0.0021860626472106539
sel_0p5,353,7,"2,6,48,49,52,70,585",1416,0.0023503908188688576
sel_0p5,354,6,"1,7,9,21,45,48",1992,0.0033064819994256815
sel_0p5,355,7,"1,2,3,4,12,16,17",3826,0.0063507028764069563
sel_0p5,356,5,"1,9,24,72,192",2391,0.0039687743276238981
sel_0p5,357,5,"1,2,10,12,38",3024,0.0050194786979233233
sel_0p5,358,7,"2,8,11,14,16,23,31",1406,0.0023337920136508573
sel_0p5,359,6,"1,2,4,6,7,70",1589,0.002637550149140265
sel_0p5,360,5,"1,2,4,23,38",8252,0.013697334065893936
sel_0p5,361,6,"1,2,3,7,11,36",4942,0.0082031295387358025
sel_0p5,362,6,"1,2,6,10,14,91",1388,0.0023039141642584569
sel_0p5,363,5,"1,2,9,24,192",3901,0.0064751939155419597
sel_0p5,364,5,"1,2,3,21,67",1324,0.0021976818108632541
sel_0p5,365,7,"1,2,3,4,14,16,17",3352,0.0055639195090737368
sel_0p5,366,7,"1,2,6,48,52,70,585",1931,0.0032052292875958789
sel_0p5,367,6,"1,2,3,14,16,498",2525,0.0041911983175451032
sel_0p5,368,5,"1,2,4,9,26",6895,0.011444876197811281
sel_0p5,369,5,"1,2,13,261,1969",4804,0.0079740660267273965
sel_0p5,370,5,"1,2,49,67,77",1862,0.0030906975315916759
sel_0p5,371,6,"1,2,3,4,6,16",4804,0.0079740660267273965
sel_0p5,372,8,"1,2,3,8,9,12,23,38",1269,0.0021063883821642519
sel_0p5,373,6,"1,3,4,9,16,17",7305,0.012125427211749298
sel_0p5,374,5,"1,2,4,7,42",6627,0.011000028217968871
sel_0p5,375,5,"1,2,7,42,137",2802,0.0046509852220837141
sel_0p5,376,7,"2,9,24,72,80,95,192",1388,0.0023039141642584569
sel_0p5,377,7,"1,2,3,11,16,26,36",2572,0.004269212702069705
sel_0p5,378,10,"1,2,3,4,7,9,11,12,16,118",58,9.6273070264402374e-05
sel_0p5,379,8,"1,2,23,57,87,166,204,521",2338,0.0038808006599684954
sel_0p5,380,6,"1,2,11,24,80,91",2577,0.0042775121046787056
sel_0p5,381,6,"1,2,3,4,14,16",6145,0.01019996580646125
sel_0p5,382,7,"1,2,3,12,23,204,498",796,0.0013212648953528324
sel_0p5,383,7,"1,2,3,4,7,26,92",2039,0.0033844963839502833
sel_0p5,384,5,"9,12,19,37,38",1431,0.0023752890266958582
sel_0p5,385,5,"1,2,10,18,49",9441,0.015670932006314184
sel_0p5,386,6,"20,70,78,87,166,204",1790,0.0029711861340220732
sel_0p5,387,5,"1,2,3,26,160",2007,0.0033313802072526821
sel_0p5,388,8,"1,2,4,6,12,23,38,70",1716,0.00284835497540887
sel_0p5,389,6,"1,2,3,4,9,11",10443,0.017334132289157825
sel_0p5,390,5,"1,2,16,83,163",1305,0.0021661440809490531
sel_0p5,391,5,"1,2,3,23,522",5230,0.0086811751290142136
sel_0p5,392,7,"1,2,12,39,204,373,498",1364,0.0022640770317352557
sel_0p5,393,6,"1,2,7,11,29,72",7941,0.013181111223614124
sel_0p5,394,6,"1,2,4,7,11,29",10754,0.01785035513143764
sel_0p5,395,5,"23,46,79,226,299",108,0.0001792670963544044
sel_0p5,396,6,"1,2,3,4,6,12",6032,0.010012399307497847
sel_0p5,397,7,"1,2,4,7,11,42,72",2580,0.004282491746244105
sel_0p5,398,9,"1,2,3,12,20,39,396,498,522",1421,0.0023586902214778578
sel_0p5,399,5,"1,3,4,9,27",6634,0.011011647381621472
sel_0p5,400,5,"1,4,29,36,72",2252,0.0037380509350936919
sel_0p5,401,8,"1,2,3,12,23,39,102,498",2843,0.0047190403234775163
sel_0p5,402,5,"2,4,16,80,95",1333,0.0022126207355594543
sel_0p5,403,6,"1,2,7,42,72,137",2794,0.0046377061779093141
sel_0p5,404,5,"1,3,4,6,12",6032,0.010012399307497847
sel_0p5,405,6,"2,48,49,52,70,585",1416,0.0023503908188688576
sel_0p5,406,7,"1,2,3,4,9,11,36",3555,0.0059008752549991449
sel_0p5,407,5,"1,2,6,70,204",3993,0.0066279029235475628
sel_0p5,408,5,"1,3,4,14,16",6145,0.01019996580646125
sel_0p5,409,7,"1,2,4,6,38,48,52",2098,0.0034824293347364855
sel_0p5,410,6,"2,3,4,9,11,26",3829,0.0063556825179723565
sel_0p5,411,6,"1,2,11,16,26,36",3908,0.0064868130791945599
sel_0p5,412,6,"1,2,3,6,16,70",1761,0.0029230495988898718
sel_0p5,413,6,"1,2,3,4,16,17",10526,0.017471902372467228
sel_0p5,414,10,"1,2,6,9,11,24,27,72,103,192",1308,0.0021711237225144533
sel_0p5,415,6,"1,2,4,9,16,17",7472,0.012402627258889905
sel_0p5,416,6,"1,2,48,49,70,585",1418,0.0023537105799124581
sel_0p5,417,5,"2,8,14,28,31",2911,0.0048319121989599187
sel_0p5,418,5,"1,2,3,9,21",6302,0.010460567048383858
sel_0p5,419,5,"3,4,6,16,190",1846,0.0030641394432428756
sel_0p5,420,5,"2,3,29,36,72",1255,0.0020831500548590511
sel_0p5,421,5,"1,2,3,8,57",2681,0.0044501396789459096
sel_0p5,422,5,"1,12,23,38,70",1744,0.0028948316300192712
sel_0p5,423,6,"1,3,4,10,126,160",738,0.0012249918250884302
sel_0p5,424,9,"1,2,4,6,32,44,53,57,298",20,3.3197610436000814e-05
sel_0p5,425,5,"1,2,15,20,273",1944,0.0032268077343792795
sel_0p5,426,5,"1,3,4,6,16",4804,0.0079740660267273965
sel_0p5,427,5,"1,2,4,6,38",5676,0.0094214818417370314
sel_0p5,428,5,"2,5,20,194,273",392,0.00065067316454561601
sel_0p5,429,5,"2,7,12,16,18",3128,0.0051921062721905281
sel_0p5,430,5,"1,2,4,17,48",2536,0.0042094570032849034
sel_0p5,431,6,"2,3,4,6,7,12",1929,0.003201909526552279
sel_0p5,432,5,"1,2,4,9,27",7544,0.012522138656459509
sel_0p5,433,5,"1,2,49,52,70",2466,0.0040932653667589006
sel_0p5,434,7,"1,2,3,4,6,12,16",3894,0.0064635747518893586
sel_0p5,435,9,"1,2,6,9,11,24,27,72,80",1756,0.0029147501962808716
sel_0p5,436,7,"1,2,6,70,87,166,204",3325,0.0055191027349851358
sel_0p5,437,5,"1,2,6,7,22",1471,0.0024416842475678603
sel_0p5,438,6,"1,2,6,7,49,70",1646,0.0027321633388828672
sel_0p5,439,5,"1,2,39,204,498",1841,0.0030558400406338754
sel_0p5,440,5,"1,2,94,125,131",5396,0.0089567152956330203
sel_0p5,441,7,"1,2,3,4,9,10,11",1551,0.0025744746893118634
sel_0p5,442,6,"1,4,7,29,72,91",1424,0.0023636698630432581
sel_0p5,443,5,"1,2,23,57,535",1939,0.0032185083317702794
sel_0p5,444,5,"1,2,23,57,521",5570,0.009245534506426227
sel_0p5,445,6,"1,2,7,11,16,26",4521,0.0075043198390579843
sel_0p5,446,5,"2,3,16,38,160",2483,0.0041214833356295012
sel_0p5,447,5,"1,7,9,21,29",2422,0.004020230623799699
sel_0p5,448,5,"1,2,10,31,138",2032,0.0033728772202976831
sel_0p5,449,5,"1,2,11,14,142",1830,0.0030375813548940748
sel_0p5,450,6,"2,23,57,107,158,175",1985,0.0032948628357730809
sel_0p5,451,5,"1,2,27,52,80",1303,0.0021628243199054531
sel_0p5,452,5,"1,2,3,4,47",1350,0.0022408387044300553
sel_0p5,453,7,"2,3,9,14,16,299,498",1204,0.0019984961482472493
sel_0p5,454,9,"2,3,4,7,9,10,12,18,19",991,0.0016449415971038406
sel_0p5,455,8,"1,2,23,57,107,248,521,603",1317,0.0021860626472106539
sel_0p5,456,5,"1,2,5,10,325",1346,0.0022341991823428549
sel_0p5,457,5,"1,2,7,12,47",1775,0.0029462879261950726
sel_0p5,458,5,"1,2,20,98,396",5210,0.0086479775185782128
sel_0p5,459,7,"1,2,4,6,70,72,91",2087,0.0034641706489966853
sel_0p5,460,5,"2,4,8,35,271",2680,0.0044484797984241098
sel_0p5,461,6,"1,2,9,24,27,72",4410,0.0073200731011381802
sel_0p5,462,6,"1,2,3,12,13,66",1245,0.0020665512496410507
sel_0p5,463,5,"5,31,101,271,1526",1492,0.0024765417385256608
sel_0p5,464,6,"2,3,4,9,16,17",7305,0.012125427211749298
sel_0p5,465,7,"1,4,7,21,29,48,167",1066,0.0017694326362388435
sel_0p5,466,5,"2,4,23,38,522",1442,0.0023935477124356589
sel_0p5,467,6,"1,2,10,12,49,90",1843,0.0030591598016774754
sel_0p5,468,8,"1,3,4,7,11,98,396,522",1022,0.0016963978932796418
sel_0p5,469,6,"1,2,4,11,36,67",4160,0.0069051029706881702
sel_0p5,470,5,"1,2,8,12,23",7936,0.013172811821005125
sel_0p5,471,5,"2,9,12,23,31",1741,0.002889851988453871
sel_0p5,472,7,"1,2,4,11,38,48,49",967,0.0016051044645806396
sel_0p5,473,8,"1,2,3,4,7,16,26,92",1413,0.0023454111773034579
sel_0p5,474,6,"1,3,9,12,37,38",1984,0.0032932029552512811
sel_0p5,475,5,"1,4,7,13,38",2010,0.0033363598488180819
sel_0p5,476,5,"2,6,11,24,192",2510,0.0041663001097181022
sel_0p5,477,14,"1,2,3,4,7,8,12,24,31,43,83,95,163,498",20,3.3197610436000814e-05
sel_0p5,478,5,"2,9,11,24,27",6702,0.011124519257103874
sel_0p5,479,5,"1,3,4,9,91",2338,0.0038808006599684954
sel_0p5,480,6,"1,2,3,6,16,190",3278,0.005441088350460534
sel_0p5,481,7,"1,2,6,11,27,95,192",1877,0.0031155957394186765
sel_0p5,482,5,"1,2,3,4,72",10523,0.017466922730901828
sel_0p5,483,6,"1,4,6,23,38,48",2094,0.0034757898126492855
sel_0p5,484,5,"2,3,4,11,42",3546,0.0058859363303029452
sel_0p5,485,6,"1,2,4,7,12,18",6351,0.010541901193952059
sel_0p5,486,5,"1,2,3,4,37",4160,0.0069051029706881702
sel_0p5,487,5,"2,3,9,16,17",8026,0.013322201067967127
sel_0p5,488,5,"2,12,102,204,498",1312,0.0021777632446016537
sel_0p5,489,5,"2,4,5,35,271",2184,0.0036251790596112891
sel_0p5,490,7,"1,2,4,8,14,17,23",978,0.00162336315032044
sel_0p5,491,5,"1,2,3,12,46",1778,0.0029512675677604728
sel_0p5,492,7,"1,2,4,11,36,80,91",2022,0.0033562784150796827
sel_0p5,493,5,"2,24,27,91,95",3782,0.0062776681334477547
sel_0p5,494,5,"1,2,39,102,498",5213,0.008652957160143613
sel_0p5,495,5,"1,2,3,11,24",6485,0.010764325183873266
sel_0p5,496,5,"1,2,4,9,43",4700,0.0078014384524601917
sel_0p5,497,7,"2,6,10,14,70,91,788",1319,0.0021893824082542539
sel_0p5,498,5,"1,2,3,6,190",3430,0.0056933901897741404
sel_0p5,499,5,"1,2,10,70,788",2385,0.0039588150444930977
sel_0p5,500,6,"1,3,4,12,16,190",1886,0.0031305346641148772
sel_0p5,501,6,"1,2,4,23,38,39",1700,0.0028217968870600696
sel_0p5,502,6,"1,2,5,8,14,17",2077,0.0034475718437786849
sel_0p5,503,5,"2,3,10,14,788",1864,0.0030940172926352759
sel_0p5,504,5,"2,3,4,9,17",9182,0.015241022951167974
sel_0p5,505,8,"1,2,12,39,102,204,373,498",1312,0.0021777632446016537
sel_0p5,506,8,"1,2,4,7,10,18,19,39",2117,0.0035139670646506865
sel_0p5,507,6,"1,3,7,12,16,163",2437,0.0040451288316266992
sel_0p5,508,5,"1,3,4,16,190",1912,0.0031736915576816779
sel_0p5,509,8,"1,2,4,50,79,83,163,498",20,3.3197610436000814e-05
sel_0p5,510,5,"2,8,12,23,31",3795,0.0062992465802311553
sel_0p5,511,6,"1,2,6,48,52,585",1931,0.0032052292875958789
sel_0p5,512,5,"1,3,4,14,38",2657,0.0044103025464227088
sel_0p5,513,5,"2,3,7,72,137",1817,0.0030160029081106742
sel_0p5,514,5,"1,2,6,18,20",1382,0.0022939548811276565
sel_0p5,515,7,"1,2,3,7,9,42,72",1079,0.0017910110830222441
sel_0p5,516,5,"1,2,4,9,52",1287,0.0021362662315566527
sel_0p5,517,5,"2,4,7,29,42",2899,0.0048119936326983187
sel_0p5,518,5,"2,4,7,12,45",2743,0.0045530522712975124
sel_0p5,519,5,"1,2,20,98,498",8197,0.013606040637194936
sel_0p5,520,6,"1,2,3,4,9,17",9181,0.015239363070646175
sel_0p5,521,8,"1,3,4,14,16,26,299,498",1558,0.0025860938529644636
sel_0p5,522,6,"1,2,4,11,72,776",20,3.3197610436000814e-05
sel_0p5,523,9,"1,2,4,7,9,10,12,19,39",2181,0.0036201994180458889
sel_0p5,524,8,"1,2,3,4,9,16,27,126",1461,0.0024250854423498599
sel_0p5,525,6,"1,2,7,12,17,167",1581,0.0026242711049658646
sel_0p5,526,5,"1,3,4,6,14",2498,0.0041463815434565022
sel_0p5,527,6,"2,3,4,6,12,14",1665,0.0027637010687970678
sel_0p5,528,7,"1,2,3,4,9,11,17",2198,0.0036484173869164899
sel_0p5,529,6,"1,2,9,19,38,66",2755,0.0045729708375591123
sel_0p5,530,7,"1,2,3,4,9,26,92",1632,0.0027089250115776668
sel_0p5,531,6,"1,2,4,12,45,48",1738,0.0028848723468884708
sel_0p5,532,5,"1,3,6,12,16",6215,0.010316157442987254
sel_0p5,533,6,"2,4,7,11,29,72",7898,0.013109736361176723
sel_0p5,534,5,"1,2,4,36,91",7326,0.012160284702707099
sel_0p5,535,5,"1,2,6,16,190",3470,0.005759785410646142
sel_0p5,536,5,"1,2,10,31,96",1942,0.0032234879733356791
sel_0p5,537,7,"1,2,4,7,29,42,72",2329,0.0038658617352722953
sel_0p5,538,5,"4,9,36,72,91",635,0.0010540241313430258
sel_0p5,539,7,"1,3,4,8,9,12,16",2910,0.0048302523184381189
sel_0p5,540,5,"1,2,9,11,24",10804,0.017933349157527641
sel_0p5,541,5,"1,11,72,95,192",2017,0.0033479790124706825
sel_0p5,542,7,"1,2,3,4,6,12,14",1665,0.0027637010687970678
sel_0p5,543,5,"1,2,3,10,16",9157,0.015199525938122974
sel_0p5,544,5,"2,3,4,16,52",1073,0.0017810517998914437
sel_0p5,545,7,"1,2,3,4,7,9,11",6958,0.011549448670684683
sel_0p5,546,5,"3,9,12,38,66",1345,0.0022325393018210551
sel_0p5,547,5,"1,2,3,27,95",5182,0.008601500863967812
sel_0p5,548,5,"1,24,27,95,192",3140,0.005212024838452128
sel_0p5,549,5,"1,2,43,45,87",1963,0.0032583454642934801
sel_0p5,550,6,"1,2,9,11,43,72",2016,0.0033463191319488823
sel_0p5,551,6,"2,3,4,7,11,16",5246,0.0087077332173630135
sel_0p5,552,5,"1,9,11,36,80",1128,0.0018723452285904461
sel_0p5,553,6,"1,4,23,38,48,52",2076,0.0034459119632568847
sel_0p5,554,5,"1,2,6,34,187",1854,0.0030774184874172755
sel_0p5,555,6,"1,2,3,12,23,46",1719,0.0028533346169742702
sel_0p5,556,5,"1,2,5,182,474",1133,0.0018806446311994463
sel_0p5,557,5,"1,2,6,12,16",8016,0.013305602262749128
sel_0p5,558,5,"1,2,12,17,24",7686,0.012757841690555114
sel_0p5,559,6,"1,2,3,9,14,16",5633,0.0093501069792996296
sel_0p5,560,6,"1,2,4,6,12,14",2625,0.0043571863697251072
sel_0p5,561,6,"1,2,9,12,19,38",4738,0.0078645139122885937
sel_0p5,562,5,"2,23,38,48,52",2078,0.0034492317243004847
sel_0p5,563,5,"2,4,6,11,91",2679,0.0044468199179023091
sel_0p5,564,5,"1,2,4,6,36",2136,0.0035455047945648871
sel_0p5,565,5,"1,2,14,67,117",1150,0.0019088626000700469
sel_0p5,566,5,"1,2,95,103,192",1782,0.0029579070898476728
sel_0p5,567,5,"3,14,26,299,498",2513,0.0041712797512835024
sel_0p5,568,7,"1,2,7,9,12,18,39",2306,0.0038276844832708943
sel_0p5,569,5,"1,2,163,204,373",1854,0.0030774184874172755
sel_0p5,570,5,"2,3,9,14,16",5634,0.0093517668598214303
sel_0p5,571,5,"1,2,16,34,135",1683,0.0027935789181894686
sel_0p5,572,7,"2,3,7,11,21,29,72",2325,0.0038592222131850948
sel_0p5,573,5,"1,2,15,118,302",999,0.0016582206412782408
sel_0p5,574,5,"1,2,9,16,17",8454,0.014032629931297546
sel_0p5,575,5,"1,2,8,14,17",5775,0.0095858100133952365
sel_0p5,576,6,"1,2,7,9,42,72",1709,0.0028367358117562698
sel_0p5,577,6,"1,2,3,12,23,522",3914,0.0064967723623253594
sel_0p5,578,5,"1,9,12,23,31",1741,0.002889851988453871
sel_0p5,579,5,"1,2,5,8,31",9251,0.015355554707172177
sel_0p5,580,5,"1,11,27,72,103",3275,0.0054361087088951338
sel_0p5,581,6,"2,4,6,23,38,48",2094,0.0034757898126492855
sel_0p5,582,6,"1,2,4,11,36,91",7066,0.011728715767039089
sel_0p5,583,5,"2,3,4,12,190",2008,0.0033330400877744819
sel_0p5,584,6,"3,4,7,9,23,26",1581,0.0026242711049658646
sel_0p5,585,5,"1,2,5,72,1434",1383,0.0022956147616494567
sel_0p5,586,6,"1,2,4,6,12,38",2866,0.0047572175754789173
sel_0p5,587,6,"1,2,4,11,29,72",7917,0.013141274091090923
sel_0p5,588,5,"1,2,15,38,302",1639,0.002720544175230267
sel_0p5,589,6,"1,4,6,11,72,91",2177,0.0036135598959586889
sel_0p5,590,7,"1,3,4,6,12,16,70",1313,0.0021794231251234535
sel_0p5,591,5,"10,12,17,18,118",2883,0.0047854355443495179
sel_0p5,592,5,"1,2,6,20,30",8265,0.013718912512677338
sel_0p5,593,5,"1,2,16,26,36",3926,0.0065166909285869603
sel_0p5,594,5,"2,3,6,12,14",1877,0.0031155957394186765
sel_0p5,595,5,"1,2,8,14,830",1661,0.0027570615467098678
sel_0p5,596,6,"1,2,8,9,12,23",4260,0.0070710910228681742
sel_0p5,597,5,"2,4,11,21,36",3250,0.0053946116958501324
sel_0p5,598,5,"1,2,5,109,161",20,3.3197610436000814e-05
sel_0p5,599,5,"1,6,49,70,585",2404,0.0039903527744072978
sel_0p5,600,5,"1,2,20,92,98",5629,0.0093434674572124305
sel_0p5,601,7,"1,2,6,10,18,24,27",1141,0.0018939236753738465
sel_0p5,602,5,"2,24,80,91,95",4925,0.0081749115698652019
sel_0p5,603,5,"2,4,21,24,412",1424,0.0023636698630432581
sel_0p5,604,7,"1,2,6,48,49,70,585",1418,0.0023537105799124581
sel_0p5,605,5,"2,4,7,42,72",4109,0.0068204490640763676
sel_0p5,606,5,"1,3,4,16,17",10526,0.017471902372467228
sel_0p5,607,5,"1,3,12,16,70",1663,0.0027603813077534678
sel_0p5,608,5,"1,2,20,30,106",1546,0.0025661752867028632
sel_0p5,609,7,"1,2,3,9,14,16,17",2096,0.0034791095736928855
sel_0p5,610,7,"1,2,4,9,12,23,38",1510,0.0025064195879180616
sel_0p5,611,6,"2,24,27,80,91,95",3666,0.0060851219929189499
sel_0p5,612,5,"1,2,48,49,412",2055,0.0034110544722990841
sel_0p5,613,7,"1,2,12,21,24,45,95",1289,0.0021395859926002527
sel_0p5,614,5,"1,2,4,11,80",5920,0.0098264926890562418
sel_0p5,615,8,"1,2,3,14,16,26,299,498",2273,0.0037729084260514929
sel_0p5,616,7,"1,4,7,9,11,29,72",2647,0.0043937037412047084
sel_0p5,617,6,"1,2,10,18,325,408",2271,0.0037695886650078929
sel_0p5,618,9,"1,2,3,4,7,11,29,36,72",1187,0.0019702781793766483
sel_0p5,619,6,"2,3,4,9,13,23",2475,0.0041082042914551012
sel_0p5,620,6,"1,3,4,7,9,12",5684,0.0094347608859114314
sel_0p5,621,6,"1,2,7,11,36,67",4126,0.0068486670329469682
sel_0p5,622,5,"1,2,4,48,167",3732,0.0061946741073577527
sel_0p5,623,6,"2,4,21,45,49,412",2404,0.0039903527744072978
sel_0p5,624,6,"1,3,4,14,16,17",3352,0.0055639195090737368
sel_0p5,625,6,"1,2,3,14,37,52",849,0.0014092385630082346
sel_0p5,626,8,"2,4,7,9,10,12,18,39",2269,0.0037662689039642924
sel_0p5,627,5,"4,9,29,43,72",1927,0.0031985897655086785
sel_0p5,628,5,"1,2,4,11,49",10168,0.016877665145662815
sel_0p5,629,8,"1,2,3,20,23,98,396,522",2171,0.0036036006128278885
sel_0p5,630,6,"1,2,3,4,7,17",5931,0.009844751374796042
sel_0p5,631,6,"2,6,9,24,27,103",1983,0.0032915430747294809
sel_0p5,632,5,"1,2,6,20,124",5331,0.0088488230617160182
sel_0p5,633,5,"1,2,8,9,10",4585,0.0076105521924531875
sel_0p5,634,5,"1,2,4,7,49",9836,0.016326584812425202
sel_0p5,635,5,"1,5,20,98,194",2055,0.0034110544722990841
sel_0p5,636,5,"4,8,35,685,1682",2668,0.004428561232162509
sel_0p5,637,5,"1,10,72,137,788",1243,0.0020632314885974507
sel_0p5,638,5,"2,10,58,1184,1289",5113,0.008486969107963609
sel_0p5,639,5,"4,7,11,29,72",7898,0.013109736361176723
sel_0p5,640,12,"1,2,4,7,9,21,23,38,43,92,160,163",20,3.3197610436000814e-05
sel_0p5,641,7,"1,2,3,4,9,23,92",2288,0.0037978066338784935
sel_0p5,642,7,"1,2,9,11,24,27,72",4091,0.0067905712146839672
sel_0p5,643,5,"1,2,6,10,1289",1685,0.002796898679233069
sel_0p5,644,5,"1,2,6,18,34",1372,0.0022773560759096561
sel_0p5,645,5,"1,2,10,16,788",1716,0.00284835497540887
sel_0p5,646,7,"2,3,4,6,12,16,70",1313,0.0021794231251234535
sel_0p5,647,5,"1,2,6,12,70",6592,0.010941932399705869
sel_0p5,648,7,"1,2,3,4,9,16,17",7305,0.012125427211749298
sel_0p5,649,6,"2,6,107,158,248,603",1516,0.002516378871048862
sel_0p5,650,5,"1,3,4,14,788",1527,0.0025346375567886622
sel_0p5,651,6,"1,2,9,12,19,23",1752,0.0029081106741936716
sel_0p5,652,6,"4,7,12,39,90,118",2111,0.0035040077815198861
sel_0p5,653,7,"1,2,4,11,70,72,91",2073,0.0034409323216914845
sel_0p5,654,5,"1,2,4,7,39",6919,0.011484713330334483
sel_0p5,655,5,"1,2,5,8,182",4778,0.0079309091331605953
sel_0p5,656,5,"1,2,4,7,18",8535,0.014167080253563348
sel_0p5,657,5,"2,9,19,24,27",1297,0.0021528650367746531
sel_0p5,658,5,"1,5,8,30,31",4175,0.0069300011785151704
sel_0p5,659,7,"1,2,3,4,9,23,38",2412,0.0040036318185816986
sel_0p5,660,5,"1,2,24,27,91",3822,0.0063440633543197563
sel_0p5,661,6,"1,2,7,29,42,72",2354,0.0039073587483172958
sel_0p5,662,5,"2,7,11,29,72",7941,0.013181111223614124
sel_0p5,663,8,"1,2,4,6,11,36,72,91",1388,0.0023039141642584569
sel_0p5,664,9,"1,2,6,57,70,78,87,204,521",1466,0.0024333848449588601
sel_0p5,665,5,"1,2,6,36,70",2098,0.0034824293347364855
sel_0p5,666,7,"2,3,4,7,9,11,72",3213,0.005333196116543531
sel_0p5,667,6,"1,2,3,4,12,37",1261,0.0020931093379898515
sel_0p5,668,5,"1,2,27,72,103",3276,0.0054377685894169336
sel_0p5,669,5,"2,5,8,30,31",4117,0.0068337281082507684
sel_0p5,670,5,"1,2,10,14,38",3626,0.0060187267720469484
sel_0p5,671,6,"1,2,11,21,29,72",3542,0.0058792968082157443
sel_0p5,672,5,"1,2,3,135,198",20,3.3197610436000814e-05
sel_0p5,673,6,"1,2,3,7,27,45",976,0.0016200433892768398
sel_0p5,674,7,"1,2,3,7,11,12,23",3165,0.0052535218514971295
sel_0p5,675,6,"1,2,4,7,21,45",4830,0.0080172229202941977
sel_0p5,676,5,"1,2,6,23,52",2420,0.0040169108627560986
sel_0p5,677,8,"1,4,6,11,36,70,72,91",1382,0.0022939548811276565
sel_0p5,678,5,"1,2,87,166,204",5242,0.0087010936952758144
sel_0p5,679,5,"2,8,14,23,28",3796,0.0063009064607529551
sel_0p5,680,5,"3,4,12,16,190",1886,0.0031305346641148772
sel_0p5,681,6,"1,5,23,96,114,202",874,0.0014507355760532356
sel_0p5,682,10,"1,2,8,9,12,13,19,38,66,72",1475,0.0024483237696550602
sel_0p5,683,5,"2,7,9,27,43",1323,0.0021960219303414539
sel_0p5,684,6,"1,2,3,23,98,396",2317,0.0038459431690106944
sel_0p5,685,5,"1,2,322,1411,2269",1475,0.0024483237696550602
sel_0p5,686,6,"1,2,12,18,90,118",3969,0.0065880657910243621
sel_0p5,687,5,"1,2,4,6,190",2755,0.0045729708375591123
sel_0p5,688,6,"1,2,16,26,299,498",2628,0.0043621660112905074
sel_0p5,689,6,"1,2,6,12,39,498",1868,0.0031006568147224764
sel_0p5,690,7,"1,2,6,11,24,27,72",3229,0.0053597542048923318
sel_0p5,691,6,"1,2,3,7,9,13",3198,0.0053082979087165309
sel_0p5,692,6,"1,2,3,12,37,38",3634,0.0060320058162213483
sel_0p5,693,5,"2,3,9,16,19",6110,0.01014186998819825
sel_0p5,694,5,"1,2,9,12,38",8186,0.013587781951455134
sel_0p5,695,5,"4,10,12,17,39",2973,0.0049348247913115215
sel_0p5,696,5,"1,3,8,12,38",2933,0.0048684295704395199
sel_0p5,697,5,"1,11,16,26,91",2023,0.0033579382956014825
sel_0p5,698,5,"2,4,6,29,49",1151,0.0019105224805918469
sel_0p5,699,9,"1,2,4,6,11,36,70,72,91",1382,0.0022939548811276565
sel_0p5,700,6,"1,2,3,6,12,14",1877,0.0031155957394186765
sel_0p5,701,5,"1,2,10,18,143",3230,0.0053614140854141316
sel_0p5,702,5,"1,4,11,36,72",6100,0.010125271182980249
sel_0p5,703,6,"2,4,6,36,70,91",1694,0.0028118376039292692
sel_0p5,704,6,"2,3,7,21,29,72",2575,0.0042741923436351052
sel_0p5,705,6,"1,2,3,4,11,91",3712,0.0061614764969217519
sel_0p5,706,5,"1,2,3,13,163",2019,0.0033512987735142825
sel_0p5,707,6,"1,2,24,80,91,95",4925,0.0081749115698652019
sel_0p5,708,6,"1,2,4,7,16,26",5566,0.0092388949843390279
sel_0p5,709,5,"1,2,3,14,16",9965,0.016540709399737407
sel_0p5,710,5,"1,2,9,12,16",9801,0.016268488994162202
sel_0p5,711,5,"2,9,24,27,72",4410,0.0073200731011381802
sel_0p5,712,7,"1,2,3,4,7,26,52",640,0.001062323533952026
sel_0p5,713,6,"1,3,4,45,49,95",998,0.0016565607607564408
sel_0p5,714,5,"1,2,10,18,118",8289,0.013758749645200538
sel_0p5,715,6,"1,4,9,11,38,45",2179,0.0036168796570022889
sel_0p5,716,5,"1,2,7,11,26",6203,0.010296238876725653
sel_0p5,717,7,"1,2,39,102,204,373,498",1675,0.0027802998740150682
sel_0p5,718,8,"1,2,3,4,7,11,36,49",1571,0.0026076722997478642
sel_0p5,719,5,"1,4,9,16,26",5910,0.0098098938838382405
sel_0p5,720,5,"2,3,12,14,23",2981,0.0049481038354859215
sel_0p5,721,6,"2,3,9,16,26,498",1461,0.0024250854423498599
sel_0p5,722,5,"1,2,5,19,231",2995,0.0049713421627911227
sel_0p5,723,6,"1,2,7,10,18,72",1698,0.0028184771260164692
sel_0p5,724,5,"1,4,21,29,72",4259,0.0070694311423463736
sel_0p5,725,6,"1,2,3,14,16,17",3827,0.0063523627569287561
sel_0p5,726,6,"1,2,4,6,49,585",1126,0.0018690254675468459
sel_0p5,727,8,"1,2,3,4,20,23,396,522",1508,0.0025030998268744616
sel_0p5,728,6,"1,2,4,7,17,29",1488,0.0024699022164384609
sel_0p5,729,7,"1,4,7,11,21,24,95",2400,0.0039837132523200978
sel_0p5,730,6,"1,2,7,45,49,72",1159,0.0019238015247662473
sel_0p5,731,8,"1,2,3,4,9,14,16,17",1918,0.0031836508408124783
sel_0p5,732,6,"1,2,11,24,80,95",5887,0.0097717166318368395
sel_0p5,733,5,"1,2,4,12,38",8301,0.013778668211462139
sel_0p5,734,8,"1,2,3,4,9,13,16,38",2762,0.0045845900012117125
sel_0p5,735,8,"1,2,3,4,7,11,12,16",2363,0.0039222976730134964
sel_0p5,736,6,"1,2,16,83,163,498",1294,0.0021478853952092529
sel_0p5,737,6,"1,4,7,29,42,72",2329,0.0038658617352722953
sel_0p5,738,8,"1,2,11,24,27,80,91,95",1760,0.002921389718368072
sel_0p5,739,7,"1,45,49,107,175,248,603",1311,0.0021761033640798535
sel_0p5,740,5,"1,2,10,12,14",3191,0.0052966787450639307
sel_0p5,741,5,"1,2,8,12,16",7349,0.0121984619547085
sel_0p5,742,12,"1,2,3,7,12,16,23,37,46,79,265,313",20,3.3197610436000814e-05
sel_0p5,743,8,"1,2,3,9,12,19,37,38",1431,0.0023752890266958582
sel_0p5,744,5,"1,2,24,27,80",8656,0.014367925796701153
sel_0p5,745,5,"1,2,4,204,498",1730,0.0028715933027140708
sel_0p5,746,6,"1,2,6,12,23,70",2707,0.0044932965725127108
sel_0p5,747,7,"1,2,10,18,94,125,131",2570,0.0042658929410261046
sel_0p5,748,5,"1,9,11,24,103",3221,0.0053464751607179319
sel_0p5,749,7,"3,4,7,8,12,16,17",962,0.0015968050619716394
sel_0p5,750,6,"1,24,27,80,91,95",3666,0.0060851219929189499
sel_0p5,751,5,"1,2,11,36,49",3802,0.0063108657438837555
sel_0p5,752,6,"1,2,4,10,14,788",3362,0.0055805183142917372
sel_0p5,753,6,"1,2,6,12,16,70",2297,0.0038127455585746936
sel_0p5,754,5,"1,3,9,16,17",8025,0.013320541187445328
sel_0p5,755,7,"1,2,14,21,61,204,613",4347,0.0072155006282647776
sel_0p5,756,7,"1,2,4,8,9,11,72",1331,0.0022093009745158543
sel_0p5,757,5,"1,2,7,11,92",1811,0.0030060436249798738
sel_0p5,758,6,"1,4,7,11,14,16",2363,0.0039222976730134964
sel_0p5,759,5,"1,8,14,17,28",2968,0.0049265253887025209
sel_0p5,760,5,"2,3,14,26,498",2613,0.0043372678034635063
sel_0p5,761,6,"1,2,3,8,12,31",2663,0.0044202618295535083
sel_0p5,762,8,"1,2,6,11,36,70,72,91",1382,0.0022939548811276565
sel_0p5,763,7,"1,3,4,9,11,26,49",636,0.0010556840118648261
sel_0p5,764,6,"1,2,9,10,12,180",1697,0.0028168172454946694
sel_0p5,765,5,"1,2,57,70,132",1851,0.0030724388458518758
sel_0p5,766,6,"1,2,3,6,12,16",6215,0.010316157442987254
sel_0p5,767,7,"1,2,4,23,38,48,52",2076,0.0034459119632568847
sel_0p5,768,6,"1,10,18,24,25,791",712,0.001181834931521629
sel_0p5,769,6,"1,2,4,11,26,49",2067,0.0034309730385606845
sel_0p5,770,7,"1,2,3,4,9,13,92",2092,0.0034724700516056855
sel_0p5,771,5,"2,6,12,16,190",3461,0.0057448464859499414
sel_0p5,772,7,"1,2,5,29,42,81,210",1541,0.002557875884093863
sel_0p5,773,8,"1,2,3,4,14,26,299,498",1776,0.0029479478067168724
sel_0p5,774,7,"1,2,3,4,16,17,27",4949,0.0082147487023884018
sel_0p5,775,5,"1,2,4,6,7",9402,0.015606196665963985
sel_0p5,776,6,"1,2,83,163,373,498",1855,0.0030790783679390758
sel_0p5,777,5,"1,2,60,63,392",4782,0.0079375486552477961
sel_0p5,778,6,"1,2,9,10,12,18",5044,0.008372437351959406
sel_0p5,779,5,"1,6,10,14,70",2446,0.0040600677563228998
sel_0p5,780,6,"1,2,39,102,204,498",1676,0.0027819597545368684
sel_0p5,781,9,"1,2,3,4,7,9,21,29,72",1453,0.0024118063981754595
sel_0p5,782,7,"2,3,9,34,64,108,408",1172,0.0019453799715496479
sel_0p5,783,5,"1,2,36,80,91",2957,0.0049082667029627207
sel_0p5,784,5,"1,2,5,20,124",1296,0.0021512051562528529
sel_0p5,785,7,"1,2,3,14,16,26,299",2273,0.0037729084260514929
sel_0p5,786,5,"1,2,11,36,72",6273,0.010412430513251657
sel_0p5,787,6,"2,4,7,21,72,167",2257,0.0037463503377026921
sel_0p5,788,6,"1,3,4,7,11,36",4888,0.0081134959905585988
sel_0p5,789,5,"1,2,3,9,17",10764,0.01786695393665564
sel_0p5,790,6,"1,2,4,6,70,585",2450,0.0040667072784100998
sel_0p5,791,6,"1,2,12,83,102,163",1785,0.002962886731413073
sel_0p5,792,5,"1,2,302,537,2247",1705,0.0028300962896690698
sel_0p5,793,6,"1,2,6,11,27,103",2412,0.0040036318185816986
sel_0p5,794,5,"1,2,8,17,39",1315,0.0021827428861670539
sel_0p5,795,5,"1,2,6,12,38",3693,0.0061299387670075509
sel_0p5,796,5,"1,2,11,80,91",4459,0.0074014072467063824
sel_0p5,797,6,"1,2,8,12,23,31",3795,0.0062992465802311553
sel_0p5,798,5,"1,4,29,42,72",2352,0.0039040389872736963
sel_0p5,799,5,"1,2,3,9,14",8882,0.014743058794627962
sel_0p5,800,10,"1,2,3,4,9,14,16,26,299,498",811,0.0013461631031798332
sel_0p5,801,6,"2,4,7,36,67,95",1550,0.0025728148087900632
sel_0p5,802,5,"1,2,5,210,271",2795,0.0046393660584311139
sel_0p5,803,5,"1,2,4,14,16",8627,0.014319789261568952
sel_0p5,804,5,"1,2,7,9,41",1314,0.0021810830056452537
sel_0p5,805,5,"2,11,24,27,72",5483,0.0091011249010296245
sel_0p5,806,5,"1,2,3,16,84",1590,0.0026392100296620648
sel_0p5,807,6,"1,2,4,6,12,16",4227,0.0070163149656487728
sel_0p5,808,6,"1,2,3,7,12,27",2374,0.0039405563587532966
sel_0p5,809,5,"2,9,10,12,39",2654,0.0044053229048573086
sel_0p5,810,6,"1,2,3,9,11,36",3805,0.0063158453854491557
sel_0p5,811,5,"1,9,11,24,27",6702,0.011124519257103874
sel_0p5,812,5,"1,2,80,91,95",7167,0.011896363699740892
sel_0p5,813,5,"1,2,7,26,29",1459,0.0024217656813062594
sel_0p5,814,6,"1,11,24,45,91,95",1422,0.0023603501019996581
sel_0p5,815,6,"1,2,3,7,12,29",3425,0.0056850907871651398
sel_0p5,816,5,"2,7,9,21,29",2422,0.004020230623799699
sel_0p5,817,6,"1,2,49,52,70,585",1416,0.0023503908188688576
sel_0p5,818,6,"1,2,3,9,12,16",8231,0.013662476574936137
sel_0p5,819,9,"1,2,3,4,9,11,16,26,36",1904,0.003160412513507278
sel_0p5,820,5,"1,7,29,42,72",2354,0.0039073587483172958
sel_0p5,821,5,"1,2,5,14,17",3883,0.0064453160661495585
sel_0p5,822,6,"1,3,4,9,14,16",3216,0.0053381757581089312
sel_0p5,823,5,"1,2,11,89,192",1828,0.0030342615938504748
sel_0p5,824,5,"4,7,9,167,412",1297,0.0021528650367746531
sel_0p5,825,7,"1,2,5,8,30,31,81",2134,0.0035421850335212871
sel_0p5,826,6,"1,2,3,23,37,46",1117,0.0018540865428506455
sel_0p5,827,6,"1,2,5,20,98,194",2055,0.0034110544722990841
sel_0p5,828,5,"2,12,16,169,190",433,0.0007187282659394177
sel_0p5,829,8,"1,2,6,20,87,92,98,166",2039,0.0033844963839502833
sel_0p5,830,5,"1,2,4,6,12",10667,0.017705945526041034
sel_0p5,831,5,"1,2,3,17,27",9530,0.015818661372754388
sel_0p5,832,10,"1,2,6,9,11,24,27,72,95,103",1408,0.0023371117746944577
sel_0p5,833,8,"1,2,3,4,9,11,21,38",2199,0.0036500772674382897
sel_0p5,834,6,"1,4,7,36,67,72",1935,0.0032118688096830789
sel_0p5,835,5,"1,2,4,23,48",3826,0.0063507028764069563
sel_0p5,836,5,"1,2,10,95,167",1162,0.0019287811663316475
sel_0p5,837,6,"2,4,7,11,49,412",2268,0.0037646090234424927
sel_0p5,838,5,"1,2,3,37,45",1403,0.0023288123720854575
sel_0p5,839,5,"1,2,11,36,91",7259,0.012049072707746496
sel_0p5,840,6,"1,2,9,12,16,163",2068,0.0034326329190824843
sel_0p5,841,8,"1,2,4,7,12,24,45,167",1515,0.0025147189905270618
sel_0p5,842,9,"1,2,9,11,24,27,72,80,192",1575,0.0026143118218350642
sel_0p5,843,5,"2,3,4,12,23",8363,0.013881580803813742
sel_0p5,844,7,"1,2,4,7,11,16,48",1338,0.0022209201381684545
sel_0p5,845,7,"1,2,3,4,9,14,26",1466,0.0024333848449588601
sel_0p5,846,5,"1,2,25,38,40",1521,0.0025246782736578622
sel_0p5,847,6,"1,2,4,11,21,36",3250,0.0053946116958501324
sel_0p5,848,6,"1,2,24,27,80,89",2135,0.0035438449140430873
sel_0p5,849,5,"1,2,8,14,138",2469,0.0040982450083243008
sel_0p5,850,5,"1,2,12,16,190",3615,0.0060004680863071473
sel_0p5,851,7,"2,12,39,83,102,163,498",1784,0.0029612268508912728
sel_0p5,852,5,"4,9,16,17,160",2692,0.0044683983646857097
sel_0p5,853,5,"6,70,107,158,175",2305,0.003826024602749094
sel_0p5,854,5,"2,3,4,6,14",2498,0.0041463815434565022
sel_0p5,855,6,"1,2,12,39,204,498",1365,0.0022657369122570559
sel_0p5,856,6,"1,3,16,79,226,498",1603,0.0026607884764454654
sel_0p5,857,5,"2,11,24,89,95",2259,0.003749670098746292
sel_0p5,858,5,"2,3,4,9,19",4964,0.0082396469102154028
sel_0p5,859,5,"1,3,14,26,498",2613,0.0043372678034635063
sel_0p5,860,5,"2,3,12,16,66",1355,0.0022491381070390555
sel_0p5,861,8,"1,2,6,70,78,87,166,204",2593,0.0043040701930275056
sel_0p5,862,6,"1,4,7,9,10,19",4151,0.0068901640459919696
sel_0p5,863,5,"1,4,11,72,91",5003,0.0083043822505656038
sel_0p5,864,7,"1,3,4,7,11,72,137",1302,0.0021611644393836533
sel_0p5,865,7,"1,2,3,9,11,16,36",2441,0.0040517683537139
sel_0p5,866,8,"1,2,4,7,10,12,17,788",1143,0.0018972434364174467
sel_0p5,867,7,"1,2,4,8,9,11,23",1284,0.0021312865899912525
sel_0p5,868,5,"1,3,12,16,95",1459,0.0024217656813062594
sel_0p5,869,6,"1,2,11,70,72,91",2074,0.0034425922022132847
sel_0p5,870,5,"1,2,11,27,89",1765,0.0029296891209770722
sel_0p5,871,8,"1,2,3,4,9,11,16,38",1996,0.0033131215215128815
sel_0p5,872,6,"1,2,9,19,38,72",3099,0.0051439697370583267
sel_0p5,873,9,"1,2,3,4,7,11,16,26,36",1557,0.0025844339724426634
sel_0p5,874,7,"2,20,23,87,92,166,521",1253,0.0020798302938154511
sel_0p5,875,5,"2,125,131,137,308",104,0.00017262757426720425
sel_0p5,876,6,"1,2,9,10,19,66",2063,0.0034243335164734841
sel_0p5,877,8,"1,2,3,4,11,21,29,72",2325,0.0038592222131850948
sel_0p5,878,7,"1,2,4,7,9,19,39",2231,0.0037031934441358913
sel_0p5,879,5,"1,2,10,30,41",2903,0.0048186331547855187
sel_0p5,880,6,"1,2,3,16,26,299",2598,0.0043123695956365062
sel_0p5,881,6,"1,2,4,6,11,36",2012,0.0033396796098616823
sel_0p5,882,6,"1,4,14,16,26,299",1558,0.0025860938529644636
sel_0p5,883,5,"1,3,11,24,26",1516,0.002516378871048862
sel_0p5,884,5,"1,2,4,10,788",5981,0.0099277454008860448
sel_0p5,885,6,"1,2,4,11,16,27",2949,0.0048949876587883207
sel_0p5,886,5,"1,3,6,12,190",3415,0.0056684919819471394
sel_0p5,887,5,"1,4,5,8,271",4891,0.008118475632123999
sel_0p5,888,5,"1,4,11,12,49",2141,0.0035538041971738873
sel_0p5,889,7,"1,2,3,4,9,14,16",3216,0.0053381757581089312
sel_0p5,890,5,"1,2,10,14,788",5780,0.0095941094160042362
sel_0p5,891,7,"1,2,4,7,11,29,72",7898,0.013109736361176723
sel_0p5,892,5,"1,2,9,11,13",2714,0.004504915736165311
sel_0p5,893,5,"1,2,4,5,194",2431,0.0040351695484958996
sel_0p5,894,5,"1,2,12,16,70",2333,0.0038725012573594952
sel_0p5,895,5,"1,2,9,16,134",2065,0.0034276532775170845
sel_0p5,896,8,"1,6,9,24,27,72,80,103",1324,0.0021976818108632541
sel_0p5,897,6,"1,2,3,9,30,37",1377,0.0022856554785186563
sel_0p5,898,5,"1,3,11,42,72",1866,0.0030973370536788764
sel_0p5,899,6,"1,2,4,10,38,788",1885,0.0031288747835930769
sel_0p5,900,6,"1,2,4,7,42,72",4109,0.0068204490640763676
sel_0p5,901,5,"2,6,11,49,70",1304,0.0021644842004272533
sel_0p5,902,7,"1,2,3,4,7,9,16",6698,0.011117879735016673
sel_0p5,903,7,"1,2,24,27,45,80,91",875,0.0014523954565750358
sel_0p5,904,5,"7,8,10,18,31",613,0.0010175067598634251
sel_0p5,905,9,"1,2,4,9,10,12,18,19,39",2134,0.0035421850335212871
sel_0p5,906,5,"1,2,9,14,16",6637,0.01101662702318687
sel_0p5,907,5,"4,5,22,44,162",402,0.0006672719697636164
sel_0p5,908,5,"1,6,12,16,70",2297,0.0038127455585746936
sel_0p5,909,6,"1,2,48,49,52,70",2348,0.0038973994651864958
sel_0p5,910,6,"1,2,4,49,70,585",1126,0.0018690254675468459
sel_0p5,911,5,"1,2,6,70,91",5328,0.008843843420150618
sel_0p5,912,6,"1,2,4,11,36,49",3700,0.0061415579306601511
sel_0p5,913,6,"2,6,23,57,204,521",1775,0.0029462879261950726
sel_0p5,914,6,"1,3,4,14,23,27",1641,0.002723863936273867
sel_0p5,915,7,"1,2,4,6,12,16,190",1917,0.0031819909602906781
sel_0p5,916,8,"1,2,3,4,12,14,16,23",1087,0.0018042901271966443
sel_0p5,917,7,"2,3,4,7,11,36,72",2368,0.0039305970756224971
sel_0p5,918,5,"1,2,14,17,114",1150,0.0019088626000700469
sel_0p5,919,5,"1,2,6,9,10",4024,0.0066793592197233647
sel_0p5,920,5,"1,2,6,10,147",1643,0.002727183697317467
sel_0p5,921,5,"1,2,9,43,45",1540,0.0025562160035720628
sel_0p5,922,6,"1,2,9,11,16,38",2416,0.0040102713406688986
sel_0p5,923,5,"2,7,11,29,36",2525,0.0041911983175451032
sel_0p5,924,5,"1,2,13,41,482",1662,0.002758721427231668
sel_0p5,925,5,"2,4,70,72,91",2087,0.0034641706489966853
sel_0p5,926,5,"1,2,3,134,453",1500,0.0024898207827000612
sel_0p5,927,6,"1,2,21,72,80,95",640,0.001062323533952026
sel_0p5,928,5,"1,2,7,42,72",7099,0.01178349182425849
sel_0p5,929,5,"6,11,24,27,192",2370,0.0039339168366660966
sel_0p5,930,7,"1,3,4,6,12,16,190",1846,0.0030641394432428756
sel_0p5,931,5,"7,10,90,118,180",1509,0.0025047597073962614
sel_0p5,932,5,"1,2,6,70,78",5321,0.0088322242564980169
sel_0p5,933,7,"1,2,3,4,7,11,29",4487,0.0074478839013167831
sel_0p5,934,6,"1,4,7,11,29,72",7898,0.013109736361176723
sel_0p5,935,7,"1,6,9,11,24,72,192",1952,0.0032400867785536795
sel_0p5,936,5,"1,4,7,10,163",1275,0.0021163476652950519
sel_0p5,937,9,"2,7,10,12,17,18,90,118,180",1365,0.0022657369122570559
sel_0p5,938,9,"1,2,4,7,9,10,12,18,19",3199,0.0053099577892383306
sel_0p5,939,5,"1,2,20,98,1499",5240,0.0086977739342322148
sel_0p5,940,7,"1,2,4,6,12,38,70",1772,0.0029413082846296724
sel_0p5,941,6,"1,2,24,27,80,95",6519,0.010820761121614467
sel_0p5,942,6,"2,4,7,21,29,72",4257,0.007066111381302774
sel_0p5,943,5,"2,4,11,36,72",6100,0.010125271182980249
sel_0p5,944,7,"1,2,4,7,9,11,36",2787,0.0046260870142567139
sel_0p5,945,8,"3,4,7,9,13,16,26,72",120,0.0001991856626160049
sel_0p5,946,5,"1,4,7,11,24",5535,0.0091874386881632252
sel_0p5,947,5,"1,2,32,46,69",5394,0.0089533955345894208
sel_0p5,948,6,"2,3,4,26,37,52",844,0.0014009391603992344
sel_0p5,949,5,"1,2,3,16,67",2268,0.0037646090234424927
sel_0p5,950,5,"1,2,13,19,72",5376,0.0089235176851970195
sel_0p5,951,5,"1,6,9,24,103",2139,0.0035504844361302873
sel_0p5,952,5,"1,20,98,166,204",2741,0.0045497325102539119
sel_0p5,953,8,"1,2,4,7,11,48,138,164",20,3.3197610436000814e-05
sel_0p5,954,10,"1,2,4,17,20,27,28,98,160,522",20,3.3197610436000814e-05
sel_0p5,955,5,"2,10,87,147,325",1601,0.0026574687154018654
sel_0p5,956,5,"6,11,36,70,91",1663,0.0027603813077534678
sel_0p5,957,5,"1,2,83,163,373",1855,0.0030790783679390758
sel_0p5,958,5,"1,2,10,18,131",7070,0.011735355289126288
sel_0p5,959,6,"1,2,4,204,373,498",1712,0.00284171545332167
sel_0p5,960,6,"1,2,4,10,12,14",2180,0.0036185395375240891
sel_0p5,961,5,"2,4,11,16,26",6213,0.010312837681943654
sel_0p5,962,5,"1,4,10,14,788",3362,0.0055805183142917372
sel_0p5,963,8,"1,2,9,11,24,27,72,103",2425,0.0040252102653650992
sel_0p5,964,7,"1,2,4,7,10,18,90",3299,0.0054759458414183346
sel_0p5,965,7,"1,2,3,11,12,17,23",1290,0.0021412458731220525
sel_0p5,966,8,"1,2,3,8,9,12,16,38",2022,0.0033562784150796827
sel_0p5,967,6,"1,6,11,36,70,91",1663,0.0027603813077534678
sel_0p5,968,6,"1,2,4,5,8,210",2310,0.0038343240053580942
sel_0p5,969,5,"1,2,6,70,585",5273,0.0087525499914516153
sel_0p5,970,7,"1,2,24,27,80,91,95",3666,0.0060851219929189499
sel_0p5,971,7,"1,2,21,24,45,49,412",1506,0.0024997800658308617
sel_0p5,972,5,"1,20,70,92,98",3521,0.0058444393172579438
sel_0p5,973,5,"1,2,3,15,25",3164,0.0052518619709753288
sel_0p5,974,6,"1,2,3,4,11,49",4526,0.0075126192416669849
sel_0p5,975,6,"1,2,3,4,16,26",7958,0.013209329192484725
sel_0p5,976,6,"2,4,7,12,16,72",2257,0.0037463503377026921
sel_0p5,977,5,"1,4,7,36,80",2617,0.0043439073255507072
sel_0p5,978,7,"1,4,14,16,26,299,498",1558,0.0025860938529644636
sel_0p5,979,7,"1,2,6,48,49,52,70",2346,0.0038940797041428958
sel_0p5,980,5,"1,2,3,6,9",5842,0.0096970220083558382
sel_0p5,981,5,"1,7,10,12,18",7063,0.011723736125473689
sel_0p5,982,7,"1,3,4,11,17,26,27",1574,0.0026126519413132644
sel_0p5,983,6,"1,4,11,29,67,72",1375,0.0022823357174750563
sel_0p5,984,5,"1,2,9,16,299",1391,0.0023088938058238567
sel_0p5,985,6,"1,2,4,38,48,167",1563,0.0025943932555734638
sel_0p5,986,5,"1,2,24,38,80",1506,0.0024997800658308617
sel_0p5,987,6,"1,2,4,11,13,36",1081,0.0017943308440658441
sel_0p5,988,5,"2,4,11,49,72",3154,0.0052352631657573284
sel_0p5,989,5,"3,7,9,12,24",1342,0.0022275596602556549
sel_0p5,990,5,"1,2,8,12,39",2518,0.004179579153892503
sel_0p5,991,5,"1,12,14,23,128",446,0.00074030671272281819
sel_0p5,992,6,"1,2,163,204,373,498",1854,0.0030774184874172755
sel_0p5,993,5,"1,2,20,98,194",5349,0.0088787009111084177
sel_0p5,994,5,"1,2,19,194,231",1702,0.0028251166481036696
sel_0p5,995,5,"1,2,9,10,788",1700,0.0028217968870600696
sel_0p5,996,5,"1,27,80,95,192",2332,0.003870841376837695
sel_0p5,997,7,"1,2,4,10,14,38,788",1626,0.0026989657284468664
sel_0p5,998,5,"1,2,14,38,788",1654,0.0027454423830572676
sel_0p5,999,7,"2,9,11,24,27,72,80",2391,0.0039687743276238981
sel_1,0,6,"1,2,9,12,19,37",2148,0.0035654233608264879
sel_1,1,6,"1,2,5,29,210,233",1981,0.0032882233136858809
sel_1,2,5,"1,2,11,36,72",6273,0.010412430513251657
sel_1,3,5,"1,2,6,20,124",5331,0.0088488230617160182
sel_1,4,5,"4,6,7,11,12",1732,0.0028749130637576708
sel_1,5,11,"1,2,6,20,70,78,87,92,98,166,204",1660,0.0027554016661880676
sel_1,6,7,"2,3,20,39,98,498,522",1455,0.0024151261592190595
sel_1,7,5,"2,4,7,11,72",13269,0.022024954643764742
sel_1,8,8,"1,6,9,11,24,27,80,192",1427,0.0023686495046086583
sel_1,9,5,"1,2,3,13,16",7172,0.011904663102349894
sel_1,10,6,"1,2,4,12,14,23",3305,0.005485905124549135
sel_1,11,5,"7,12,17,39,180",1426,0.002366989624086858
sel_1,12,5,"2,67,77,107,166",2248,0.0037314114130064919
sel_1,13,8,"1,2,20,46,79,98,154,1499",1506,0.0024997800658308617
sel_1,14,5,"1,2,4,7,14",6487,0.010767644944916865
sel_1,15,5,"1,2,4,6,12",10667,0.017705945526041034
sel_1,16,8,"1,2,3,4,7,11,26,36",2269,0.0037662689039642924
sel_1,17,8,"1,2,3,20,23,98,396,522",2171,0.0036036006128278885
sel_1,18,5,"1,3,23,83,102",1366,0.0022673967927788557
sel_1,19,5,"2,7,12,16,25",1573,0.0026109920607914642
sel_1,20,7,"1,2,3,14,26,299,498",2513,0.0041712797512835024
sel_1,21,6,"1,3,6,12,16,190",3275,0.0054361087088951338
sel_1,22,6,"3,12,23,39,102,498",2843,0.0047190403234775163
sel_1,23,5,"1,4,5,8,31",3538,0.0058726572861285443
sel_1,24,5,"1,2,11,14,16",7313,0.012138706255923698
sel_1,25,6,"2,4,7,11,29,72",7898,0.013109736361176723
sel_1,26,5,"1,2,7,10,113",1397,0.0023188530889546571
sel_1,27,6,"4,7,11,21,29,72",3541,0.0058776369276939446
sel_1,28,5,"1,2,6,12,38",3693,0.0061299387670075509
sel_1,29,5,"4,7,11,16,29",2169,0.0036002808517842885
sel_1,30,5,"1,2,9,19,66",5268,0.0087442505888426156
sel_1,31,6,"1,2,3,4,7,72",7948,0.013192730387266725
sel_1,32,6,"1,10,18,94,125,131",2570,0.0042658929410261046
sel_1,33,5,"1,2,9,10,34",1894,0.0031438137082892771
sel_1,34,5,"1,2,4,7,42",6627,0.011000028217968871
sel_1,35,6,"2,8,9,11,12,23",1624,0.0026956459674032664
sel_1,36,5,"1,2,3,9,118",2340,0.0038841204210120954
sel_1,37,7,"1,3,4,14,16,26,498",1614,0.002679047162185266
sel_1,38,5,"1,2,6,69,72",5250,0.0087143727394502143
sel_1,39,7,"2,4,6,36,70,72,91",1382,0.0022939548811276565
sel_1,40,5,"2,4,10,12,19",4278,0.0071009688722605746
sel_1,41,7,"1,2,3,4,11,29,72",3471,0.0057614452911679418
sel_1,42,6,"1,2,6,48,52,585",1931,0.0032052292875958789
sel_1,43,5,"1,2,3,11,36",6962,0.011556088192771884
sel_1,44,5,"1,9,14,16,23",1761,0.0029230495988898718
sel_1,45,5,"1,4,7,11,67",6422,0.010659752710999863
sel_1,46,5,"2,4,9,42,72",1426,0.002366989624086858
sel_1,47,5,"1,2,5,8,20",4757,0.0078960516422027938
sel_1,48,5,"1,2,210,232,271",2006,0.0033297203267308819
sel_1,49,6,"1,2,3,16,17,24",3023,0.0050178188174015235
sel_1,50,5,"1,2,4,7,11",29771,0.049416303014509014
sel_1,51,5,"2,27,80,91,95",4292,0.007124207199565775
sel_1,52,8,"1,2,4,7,8,11,12,23",1653,0.0027437825025354674
sel_1,53,5,"1,2,4,7,11",29771,0.049416303014509014
sel_1,54,5,"1,2,10,14,788",5780,0.0095941094160042362
sel_1,55,6,"1,2,6,12,16,190",3461,0.0057448464859499414
sel_1,56,5,"1,2,42,72,137",3262,0.0054145302621117332
sel_1,57,6,"2,3,7,21,29,72",2575,0.0042741923436351052
sel_1,58,7,"1,2,3,4,6,12,14",1665,0.0027637010687970678
sel_1,59,7,"1,2,3,4,7,29,36",1457,0.0024184459202626594
sel_1,60,6,"1,2,3,6,16,70",1761,0.0029230495988898718
sel_1,61,7,"1,2,83,163,204,373,498",1853,0.0030757586068954758
sel_1,62,5,"1,2,3,7,46",1588,0.0026358902686184648
sel_1,63,7,"1,3,4,7,9,12,23",2045,0.0033944556670810833
sel_1,64,9,"1,2,6,8,23,221,249,271,341",20,3.3197610436000814e-05
sel_1,65,5,"1,2,15,265,273",5245,0.0087060733368412146
sel_1,66,5,"1,8,11,14,28",2391,0.0039687743276238981
sel_1,67,7,"1,2,6,23,70,87,166",1758,0.002918069957324472
sel_1,68,6,"1,3,4,7,9,26",3644,0.0060486046214393487
sel_1,69,5,"1,2,8,11,28",3174,0.0052684607761933292
sel_1,70,7,"2,9,11,27,72,80,103",1715,0.0028466950948870702
sel_1,71,5,"1,2,9,10,788",1700,0.0028217968870600696
sel_1,72,6,"1,2,3,16,26,299",2598,0.0043123695956365062
sel_1,73,5,"1,2,6,49,70",7685,0.012756181810033313
sel_1,74,5,"1,2,3,16,17",12751,0.021165136533472319
sel_1,75,8,"1,2,4,7,11,36,80,91",1570,0.002606012419226064
sel_1,76,5,"2,16,19,38,66",1534,0.0025462567204412629
sel_1,77,5,"3,4,9,26,38",1836,0.0030475406380248752
sel_1,78,7,"1,2,3,6,12,16,190",3275,0.0054361087088951338
sel_1,79,6,"1,4,8,35,114,685",2084,0.0034591910074312851
sel_1,80,6,"1,2,4,11,16,48",1870,0.0031039765757660764
sel_1,81,5,"2,3,9,16,17",8026,0.013322201067967127
sel_1,82,7,"1,2,39,102,204,373,498",1675,0.0027802998740150682
sel_1,83,5,"2,3,6,12,16",6215,0.010316157442987254
sel_1,84,5,"1,2,4,7,11",29771,0.049416303014509014
sel_1,85,7,"2,3,12,23,39,102,498",2843,0.0047190403234775163
sel_1,86,10,"1,2,4,7,10,12,17,18,19,39",1479,0.0024549632917422602
sel_1,87,6,"1,4,45,49,95,412",1931,0.0032052292875958789
sel_1,88,5,"1,2,4,16,26",9935,0.016490912984083405
sel_1,89,6,"1,2,4,11,36,72",6100,0.010125271182980249
sel_1,90,5,"2,3,4,14,299",1908,0.0031670520355944779
sel_1,91,6,"2,3,7,9,11,26",2613,0.0043372678034635063
sel_1,92,6,"1,2,4,7,12,18",6351,0.010541901193952059
sel_1,93,6,"1,2,13,17,19,72",1342,0.0022275596602556549
sel_1,94,5,"2,3,16,37,38",2068,0.0034326329190824843
sel_1,95,5,"1,2,4,7,11",29771,0.049416303014509014
sel_1,96,5,"1,3,13,16,27",2724,0.0045215145413833114
sel_1,97,5,"1,2,4,7,11",29771,0.049416303014509014
sel_1,98,6,"1,2,4,6,12,38",2866,0.0047572175754789173
sel_1,99,5,"1,2,10,12,788",4726,0.0078445953460269929
sel_1,100,7,"1,2,3,4,9,16,17",7305,0.012125427211749298
sel_1,101,6,"1,2,49,52,70,585",1416,0.0023503908188688576
sel_1,102,5,"1,2,6,52,585",1931,0.0032052292875958789
sel_1,103,7,"1,2,3,16,26,299,498",2597,0.0043107097151147064
sel_1,104,5,"1,2,4,7,11",29771,0.049416303014509014
sel_1,105,5,"1,2,9,12,38",8186,0.013587781951455134
sel_1,106,5,"1,2,4,6,48",6132,0.010178387359677851
sel_1,107,5,"1,2,10,54,264",3117,0.005173847586450727
sel_1,108,6,"1,2,11,80,91,95",3297,0.005472626080374735
sel_1,109,5,"4,11,21,45,95",2966,0.0049232056276589213
sel_1,110,7,"1,2,4,6,23,38,70",2519,0.0041812390344143028
sel_1,111,7,"1,2,3,9,14,16,17",2096,0.0034791095736928855
sel_1,112,6,"1,2,12,20,23,396",1815,0.0030126831470670742
sel_1,113,5,"1,3,12,19,134",1366,0.0022673967927788557
sel_1,114,6,"1,2,4,10,12,18",6777,0.011249010296238877
sel_1,115,5,"2,4,7,11,29",10754,0.01785035513143764
sel_1,116,5,"1,2,4,7,11",29771,0.049416303014509014
sel_1,117,5,"1,6,12,16,190",3461,0.0057448464859499414
sel_1,118,5,"1,3,6,12,70",2441,0.0040517683537139
sel_1,119,5,"1,2,3,9,160",5021,0.008334260099958005
sel_1,120,7,"1,2,3,4,7,11,12",5944,0.0098663298215794434
sel_1,121,5,"1,2,12,23,43",2045,0.0033944556670810833
sel_1,122,5,"1,6,12,16,70",2297,0.0038127455585746936
sel_1,123,5,"1,7,45,80,95",2253,0.0037397108156154921
sel_1,124,6,"1,3,4,10,16,26",978,0.00162336315032044
sel_1,125,5,"2,102,204,373,498",1686,0.0027985585597548688
sel_1,126,5,"2,9,12,37,38",1984,0.0032932029552512811
sel_1,127,5,"2,27,80,89,95",2474,0.0041065444109333014
sel_1,128,6,"4,6,23,38,48,52",2069,0.0034342927996042845
sel_1,129,5,"1,2,6,12,39",3190,0.00529501886454213
sel_1,130,7,"1,2,3,4,6,16,190",1846,0.0030641394432428756
sel_1,131,5,"1,2,16,299,498",2628,0.0043621660112905074
sel_1,132,5,"1,2,24,80,91",5119,0.0084969283910944094
sel_1,133,5,"1,2,4,7,11",29771,0.049416303014509014
sel_1,134,5,"2,6,52,70,585",1931,0.0032052292875958789
sel_1,135,5,"2,3,9,14,16",5634,0.0093517668598214303
sel_1,136,5,"1,4,7,11,36",8873,0.014728119869931762
sel_1,137,8,"1,2,3,9,16,27,38,160",1738,0.0028848723468884708
sel_1,138,5,"1,4,6,23,70",2828,0.0046941421156505153
sel_1,139,6,"1,2,9,24,38,80",1422,0.0023603501019996581
sel_1,140,5,"1,2,10,12,39",5577,0.0092571536700788281
sel_1,141,5,"1,2,3,8,29",2085,0.0034608508879530853
sel_1,142,5,"1,2,4,16,17",11723,0.019458779357061879
sel_1,143,6,"1,10,18,24,89,95",1571,0.0026076722997478642
sel_1,144,5,"1,2,4,7,11",29771,0.049416303014509014
sel_1,145,7,"1,2,3,4,14,16,17",3352,0.0055639195090737368
sel_1,146,6,"1,2,24,27,91,95",3782,0.0062776681334477547
sel_1,147,5,"1,2,20,98,396",5210,0.0086479775185782128
sel_1,148,5,"1,2,8,12,31",5841,0.0096953621278340393
sel_1,149,5,"1,2,4,11,49",10168,0.016877665145662815
sel_1,150,5,"1,2,11,45,412",2747,0.0045596917933847124
sel_1,151,8,"1,2,3,4,7,11,29,72",3463,0.0057481662469935418
sel_1,152,5,"1,2,27,95,1270",2310,0.0038343240053580942
sel_1,153,6,"1,2,3,9,26,72",1531,0.0025412770788758626
sel_1,154,6,"1,2,4,6,38,48",2544,0.0042227360474593042
sel_1,155,7,"1,2,3,4,7,11,72",6194,0.010281299952029452
sel_1,156,5,"1,11,80,95,192",2942,0.0048833684951357205
sel_1,157,6,"2,10,18,49,90,118",2303,0.0038227048417054941
sel_1,158,5,"24,27,80,91,95",3666,0.0060851219929189499
sel_1,159,5,"1,2,163,204,498",1855,0.0030790783679390758
sel_1,160,5,"1,2,12,23,39",6874,0.011410018706853481
sel_1,161,6,"1,2,3,8,12,92",1638,0.0027188842947084668
sel_1,162,10,"1,2,4,7,9,10,12,18,19,39",2116,0.0035123071841288863
sel_1,163,5,"1,2,3,4,12",19459,0.032299615073706996
sel_1,164,7,"1,2,3,4,9,11,24",3275,0.0054361087088951338
sel_1,165,8,"1,2,3,9,12,16,19,38",2199,0.0036500772674382897
sel_1,166,5,"1,2,15,537,2247",2365,0.0039256174340570969
sel_1,167,5,"2,9,12,16,26",1502,0.0024931405437436612
sel_1,168,5,"1,2,6,49,585",2404,0.0039903527744072978
sel_1,169,7,"1,2,14,16,26,299,498",2274,0.0037745683065732926
sel_1,170,6,"1,2,5,8,96,202",1558,0.0025860938529644636
sel_1,171,5,"2,3,7,11,21",5171,0.0085832421782280118
sel_1,172,7,"1,2,4,6,12,23,38",1991,0.0033048221189038813
sel_1,173,7,"1,2,3,6,12,16,70",1651,0.0027404627414918674
sel_1,174,5,"1,2,3,24,52",1460,0.0024234255618280597
sel_1,175,7,"1,2,3,4,14,16,299",1558,0.0025860938529644636
sel_1,176,5,"1,2,12,16,37",2186,0.0036284988206548891
sel_1,177,6,"1,3,6,12,16,70",1651,0.0027404627414918674
sel_1,178,5,"1,2,4,7,11",29771,0.049416303014509014
sel_1,179,5,"1,2,7,42,72",7099,0.01178349182425849
sel_1,180,5,"1,2,4,7,11",29771,0.049416303014509014
sel_1,181,5,"1,2,12,17,31",2188,0.0036318185816984895
sel_1,182,6,"1,2,4,11,36,49",3700,0.0061415579306601511
sel_1,183,6,"2,3,4,7,49,72",1489,0.0024715620969602606
sel_1,184,5,"1,3,4,9,21",5750,0.0095443130003502342
sel_1,185,5,"1,2,4,7,11",29771,0.049416303014509014
sel_1,186,7,"1,2,3,4,9,19,38",2752,0.0045679911959937121
sel_1,187,5,"1,6,9,11,103",2345,0.0038924198236210956
sel_1,188,7,"2,11,24,27,72,80,103",1865,0.0030956771731570762
sel_1,189,6,"1,8,9,12,16,23",2248,0.0037314114130064919
sel_1,190,5,"1,2,4,7,11",29771,0.049416303014509014
sel_1,191,5,"1,4,11,49,72",3154,0.0052352631657573284
sel_1,192,6,"1,6,48,49,70,585",1418,0.0023537105799124581
sel_1,193,8,"1,2,12,39,98,396,498,522",1421,0.0023586902214778578
sel_1,194,16,"1,2,3,6,9,10,11,12,16,18,24,27,80,89,95,192",20,3.3197610436000814e-05
sel_1,195,5,"1,2,4,16,92",4063,0.0067440945600735656
sel_1,196,5,"2,3,4,14,17",4411,0.0073217329816599799
sel_1,197,5,"1,2,6,7,22",1471,0.0024416842475678603
sel_1,198,5,"1,2,4,6,65",2978,0.0049431241939205213
sel_1,199,9,"1,2,4,9,10,12,18,19,39",2134,0.0035421850335212871
sel_1,200,6,"1,2,6,49,70,585",2404,0.0039903527744072978
sel_1,201,7,"1,2,4,7,11,14,16",2363,0.0039222976730134964
sel_1,202,5,"1,2,4,23,38",8252,0.013697334065893936
sel_1,203,6,"1,2,11,36,70,72",1399,0.0023221728499982571
sel_1,204,5,"1,2,204,373,498",5240,0.0086977739342322148
sel_1,205,6,"1,2,4,7,29,72",11030,0.018308482155454449
sel_1,206,5,"1,5,8,159,491",1525,0.0025313177957450622
sel_1,207,5,"2,11,36,70,91",1663,0.0027603813077534678
sel_1,208,6,"2,3,20,23,39,498",1533,0.0025445968399194626
sel_1,209,6,"1,2,3,4,14,788",1527,0.0025346375567886622
sel_1,210,6,"1,2,3,8,12,23",4420,0.0073366719063561806
sel_1,211,5,"1,2,4,7,11",29771,0.049416303014509014
sel_1,212,8,"1,2,3,4,9,16,26,38",1611,0.0026740675206198658
sel_1,213,6,"1,3,7,16,17,27",2407,0.003995332415972698
sel_1,214,5,"1,2,3,37,49",1622,0.0026923262063596664
sel_1,215,5,"1,2,6,14,70",3342,0.0055473207038557364
sel_1,216,6,"1,4,11,16,26,72",1565,0.0025977130166170638
sel_1,217,5,"1,57,70,87,166",1761,0.0029230495988898718
sel_1,218,5,"1,3,12,16,29",1702,0.0028251166481036696
sel_1,219,7,"1,2,3,4,12,16,38",2759,0.0045796103596463123
sel_1,220,8,"1,2,4,6,11,36,72,91",1388,0.0023039141642584569
sel_1,221,6,"1,5,8,30,31,81",2138,0.0035488245556084875
sel_1,222,7,"1,2,4,7,10,12,18",6111,0.010143529868720049
sel_1,223,5,"1,2,4,7,11",29771,0.049416303014509014
sel_1,224,5,"3,4,11,21,29",2661,0.0044169420685099088
sel_1,225,6,"2,4,8,9,12,23",2598,0.0043123695956365062
sel_1,226,5,"1,2,7,45,48",4164,0.0069117424927753702
sel_1,227,6,"1,2,4,5,31,101",1585,0.0026309106270530646
sel_1,228,5,"1,6,7,29,49",1206,0.0020018159092908493
sel_1,229,5,"1,2,10,131,271",5317,0.0088255847344108178
sel_1,230,7,"1,2,23,57,87,166,521",2340,0.0038841204210120954
sel_1,231,5,"1,2,10,18,38",4850,0.0080504205307301985
sel_1,232,5,"1,2,8,11,14",5860,0.0097268998577482394
sel_1,233,8,"2,6,70,78,87,92,98,204",1660,0.0027554016661880676
sel_1,234,5,"1,3,6,16,70",1761,0.0029230495988898718
sel_1,235,5,"1,2,4,6,36",2136,0.0035455047945648871
sel_1,236,9,"1,2,3,4,7,11,26,36,49",792,0.0013146253732656324
sel_1,237,7,"1,3,4,7,9,23,43",1419,0.0023553704604342579
sel_1,238,5,"1,2,3,4,17",15640,0.025960531360952638
sel_1,239,6,"1,2,27,80,91,95",4292,0.007124207199565775
sel_1,240,5,"2,3,7,11,49",3467,0.0057548057690807418
sel_1,241,5,"1,2,5,96,202",2768,0.0045945492843425129
sel_1,242,5,"1,2,4,7,11",29771,0.049416303014509014
sel_1,243,7,"2,9,11,24,27,95,192",2635,0.0043737851749431076
sel_1,244,6,"2,11,24,72,80,192",1664,0.002762041188275268
sel_1,245,5,"1,2,4,7,11",29771,0.049416303014509014
sel_1,246,5,"1,6,70,79,154",1717,0.0028500148559306702
sel_1,247,5,"1,2,21,24,95",3959,0.0065714669858063617
sel_1,248,6,"1,2,23,57,521,535",1926,0.0031969298849868787
sel_1,249,8,"1,2,3,4,7,11,36,49",1571,0.0026076722997478642
sel_1,250,7,"1,2,4,11,12,16,29",1471,0.0024416842475678603
sel_1,251,5,"1,3,12,16,18",2867,0.0047588774560007171
sel_1,252,5,"1,7,12,21,95",1400,0.0023238327305200573
sel_1,253,6,"1,2,3,9,14,16",5633,0.0093501069792996296
sel_1,254,6,"2,3,4,9,11,16",5625,0.0093368279351252297
sel_1,255,5,"1,2,10,90,118",4673,0.0077566216783715907
sel_1,256,5,"2,4,11,49,72",3154,0.0052352631657573284
sel_1,257,5,"1,2,6,70,585",5273,0.0087525499914516153
sel_1,258,5,"1,2,4,7,11",29771,0.049416303014509014
sel_1,259,5,"1,2,3,9,27",8841,0.014675003693234162
sel_1,260,5,"1,2,12,16,70",2333,0.0038725012573594952
sel_1,261,7,"1,2,6,48,52,70,585",1931,0.0032052292875958789
sel_1,262,5,"1,4,8,9,23",2700,0.0044816774088601106
sel_1,263,6,"1,2,3,17,26,27",3740,0.0062079531515321527
sel_1,264,9,"1,2,4,7,9,21,29,43,72",1436,0.0023835884293048584
sel_1,265,5,"1,2,4,7,11",29771,0.049416303014509014
sel_1,266,6,"1,2,4,6,12,16",4227,0.0070163149656487728
sel_1,267,7,"1,2,3,7,9,11,12",2779,0.0046128079700823131
sel_1,268,5,"1,2,9,11,95",6266,0.010400811349599056
sel_1,269,7,"4,7,11,12,21,45,167",1361,0.0022590973901698555
sel_1,270,6,"1,4,6,23,38,48",2094,0.0034757898126492855
sel_1,271,5,"1,4,18,19,39",2147,0.0035637634803046877
sel_1,272,6,"1,2,4,11,49,72",3154,0.0052352631657573284
sel_1,273,5,"1,2,23,57,521",5570,0.009245534506426227
sel_1,274,5,"6,11,36,70,72",1399,0.0023221728499982571
sel_1,275,5,"1,2,7,42,49",1558,0.0025860938529644636
sel_1,276,5,"1,2,4,11,91",10555,0.017520038907599431
sel_1,277,6,"1,9,24,27,80,91",1581,0.0026242711049658646
sel_1,278,6,"2,3,9,12,19,37",2143,0.0035571239582174877
sel_1,279,5,"2,9,12,16,66",1445,0.0023985273540010591
sel_1,280,6,"1,2,3,14,26,299",2514,0.004172939631805303
sel_1,281,5,"1,2,4,7,11",29771,0.049416303014509014
sel_1,282,6,"1,3,4,9,27,38",3088,0.0051257110513185265
sel_1,283,5,"1,2,3,9,42",3633,0.0060303459356995485
sel_1,284,5,"3,10,16,18,24",2036,0.0033795167423848831
sel_1,285,9,"1,2,4,6,11,36,70,72,91",1382,0.0022939548811276565
sel_1,286,5,"1,2,26,36,80",1473,0.0024450040086114603
sel_1,287,5,"1,2,7,21,48",6126,0.01016842807654705
sel_1,288,5,"1,7,12,17,90",2379,0.0039488557613622972
sel_1,289,6,"1,10,46,87,147,325",1495,0.002481521380091061
sel_1,290,6,"1,2,5,8,210,233",2357,0.003912338389882696
sel_1,291,5,"1,9,11,24,80",4340,0.0072038814646121774
sel_1,292,6,"1,2,7,11,27,95",1424,0.0023636698630432581
sel_1,293,6,"2,3,4,10,14,788",1525,0.0025313177957450622
sel_1,294,5,"1,2,4,7,11",29771,0.049416303014509014
sel_1,295,6,"1,3,7,9,12,19",2402,0.0039870330133636982
sel_1,296,5,"1,2,4,7,11",29771,0.049416303014509014
sel_1,297,6,"1,2,4,9,16,17",7472,0.012402627258889905
sel_1,298,5,"2,3,4,9,17",9182,0.015241022951167974
sel_1,299,6,"1,2,6,11,36,72",1488,0.0024699022164384609
sel_1,300,5,"1,2,9,14,16",6637,0.01101662702318687
sel_1,301,5,"2,6,36,72,91",1433,0.0023786087877394587
sel_1,302,6,"2,3,4,9,14,16",3216,0.0053381757581089312
sel_1,303,8,"1,2,11,24,27,72,80,95",1773,0.0029429681651514726
sel_1,304,5,"1,2,4,7,18",8535,0.014167080253563348
sel_1,305,6,"1,2,6,70,87,204",3325,0.0055191027349851358
sel_1,306,6,"1,2,3,12,16,38",4140,0.0068719053602521694
sel_1,307,5,"1,3,9,21,29",1643,0.002727183697317467
sel_1,308,5,"1,4,11,42,72",2811,0.0046659241467799147
sel_1,309,7,"1,2,3,7,9,26,36",1361,0.0022590973901698555
sel_1,310,5,"1,2,4,11,42",5937,0.0098547106579268424
sel_1,311,5,"1,2,6,70,78",5321,0.0088322242564980169
sel_1,312,5,"1,2,4,7,12",20376,0.033821725512197635
sel_1,313,6,"1,2,4,7,12,16",8095,0.01343673282397133
sel_1,314,8,"1,4,7,9,10,12,19,118",1511,0.0025080794684398619
sel_1,315,5,"1,2,4,12,16",13402,0.022245718753164147
sel_1,316,6,"1,2,3,4,16,26",7958,0.013209329192484725
sel_1,317,6,"1,2,3,4,14,17",4411,0.0073217329816599799
sel_1,318,5,"1,2,7,72,137",5211,0.0086496373991000134
sel_1,319,5,"1,2,4,7,11",29771,0.049416303014509014
sel_1,320,7,"1,4,6,23,38,48,52",2069,0.0034342927996042845
sel_1,321,5,"1,2,12,16,190",3615,0.0060004680863071473
sel_1,322,6,"1,4,7,9,10,19",4151,0.0068901640459919696
sel_1,323,7,"1,4,7,9,11,43,72",1813,0.0030093633860234742
sel_1,324,7,"1,2,20,23,57,92,204",1257,0.0020864698159026515
sel_1,325,5,"1,2,4,7,11",29771,0.049416303014509014
sel_1,326,7,"1,2,4,7,29,42,72",2329,0.0038658617352722953
sel_1,327,5,"4,7,11,29,72",7898,0.013109736361176723
sel_1,328,6,"2,4,7,12,21,45",1865,0.0030956771731570762
sel_1,329,5,"4,9,21,24,38",1985,0.0032948628357730809
sel_1,330,6,"1,11,16,26,36,91",1621,0.0026906663258378662
sel_1,331,5,"2,4,7,38,72",2208,0.0036650161921344903
sel_1,332,5,"1,4,6,12,16",4227,0.0070163149656487728
sel_1,333,7,"1,2,4,9,16,26,38",1651,0.0027404627414918674
sel_1,334,5,"1,2,4,7,11",29771,0.049416303014509014
sel_1,335,8,"1,2,3,4,9,14,16,17",1918,0.0031836508408124783
sel_1,336,5,"2,3,11,21,29",2666,0.0044252414711189085
sel_1,337,5,"1,2,4,9,11",15129,0.025112332414312818
sel_1,338,5,"1,2,57,107,175",2017,0.0033479790124706825
sel_1,339,7,"1,2,4,10,14,38,788",1626,0.0026989657284468664
sel_1,340,5,"2,10,49,53,95",728,0.0012083930198704298
sel_1,341,9,"1,2,6,23,70,78,87,204,521",1466,0.0024333848449588601
sel_1,342,5,"1,2,4,7,11",29771,0.049416303014509014
sel_1,343,6,"1,2,3,4,26,36",3204,0.0053182571918473304
sel_1,344,5,"1,2,4,11,36",16637,0.027615432241187281
sel_1,345,7,"1,2,4,7,21,29,72",4257,0.007066111381302774
sel_1,346,6,"1,2,20,87,98,166",2740,0.0045480726297321122
sel_1,347,5,"1,2,12,23,29",1759,0.0029197298378462718
sel_1,348,6,"1,2,6,70,92,98",3508,0.0058228608704745432
sel_1,349,5,"1,2,7,9,43",5773,0.0095824902523516352
sel_1,350,6,"1,2,4,5,8,30",3147,0.0052236440021047282
sel_1,351,6,"1,2,3,12,16,23",3881,0.006441996305105958
sel_1,352,6,"1,2,3,4,16,70",1406,0.0023337920136508573
sel_1,353,5,"2,3,4,14,16",6145,0.01019996580646125
sel_1,354,5,"1,7,11,36,91",4098,0.0068021903783365674
sel_1,355,5,"1,2,4,7,11",29771,0.049416303014509014
sel_1,356,7,"1,2,4,5,8,14,28",1896,0.0031471334693328776
sel_1,357,5,"2,7,10,12,72",2206,0.0036616964310908903
sel_1,358,6,"1,2,6,20,91,98",1564,0.002596053136095264
sel_1,359,7,"1,2,3,4,20,98,396",1978,0.0032832436721204807
sel_1,360,6,"1,2,3,4,6,12",6032,0.010012399307497847
sel_1,361,6,"1,2,4,12,16,18",2703,0.0044866570504255108
sel_1,362,6,"1,2,4,9,26,38",1883,0.003125555022549477
sel_1,363,8,"1,2,3,4,6,12,16,190",1846,0.0030641394432428756
sel_1,364,6,"1,2,4,14,38,788",1627,0.0027006256089686666
sel_1,365,5,"1,2,3,9,16",25747,0.042736943794785653
sel_1,366,5,"1,2,4,7,11",29771,0.049416303014509014
sel_1,367,5,"2,9,21,38,167",2185,0.0036268389401330893
sel_1,368,5,"1,2,4,11,72",18035,0.029935945210663735
sel_1,369,5,"2,3,4,7,9",11744,0.01949363684801968
sel_1,370,6,"2,3,4,10,12,16",3690,0.0061249591254421507
sel_1,371,5,"2,24,80,91,95",4925,0.0081749115698652019
sel_1,372,5,"1,3,4,6,7",3179,0.0052767601788023298
sel_1,373,6,"1,2,3,9,19,37",3350,0.0055605997480301364
sel_1,374,5,"2,3,4,9,16",16517,0.027416246578571276
sel_1,375,6,"1,2,9,24,27,38",1844,0.0030608196821992751
sel_1,376,6,"1,2,3,7,11,36",4942,0.0082031295387358025
sel_1,377,6,"2,4,7,9,21,24",1960,0.0032533658227280799
sel_1,378,8,"1,2,4,6,11,36,70,72",1399,0.0023221728499982571
sel_1,379,5,"1,2,5,70,98",1520,0.002523018393136062
sel_1,380,6,"1,16,17,23,26,27",1436,0.0023835884293048584
sel_1,381,6,"1,2,4,6,23,38",3509,0.0058245207509963429
sel_1,382,7,"1,2,4,7,11,12,23",3611,0.0059938285642199473
sel_1,383,6,"2,5,6,20,23,114",2168,0.0035986209712624887
sel_1,384,6,"1,2,3,4,16,17",10526,0.017471902372467228
sel_1,385,5,"1,2,7,49,67",2507,0.004161320468152702
sel_1,386,7,"1,2,3,4,16,299,498",1706,0.0028317561701908696
sel_1,387,5,"8,9,12,23,38",1600,0.0026558088348800652
sel_1,388,7,"1,2,4,6,38,48,52",2098,0.0034824293347364855
sel_1,389,7,"1,2,6,48,49,52,585",1416,0.0023503908188688576
sel_1,390,5,"1,2,20,92,194",1793,0.0029761657755874734
sel_1,391,6,"1,2,3,4,11,29",4562,0.0075723749404517865
sel_1,392,5,"1,2,20,98,498",8197,0.013606040637194936
sel_1,393,8,"1,2,3,14,16,26,299,498",2273,0.0037729084260514929
sel_1,394,5,"2,4,10,14,38",1870,0.0031039765757660764
sel_1,395,6,"1,2,3,4,72,137",1713,0.0028433753338434698
sel_1,396,6,"1,2,6,7,49,70",1646,0.0027321633388828672
sel_1,397,5,"2,3,4,12,190",2008,0.0033330400877744819
sel_1,398,5,"1,2,10,18,30",5800,0.009627307026440237
sel_1,399,5,"1,2,4,7,11",29771,0.049416303014509014
sel_1,400,5,"1,2,10,18,37",1853,0.0030757586068954758
sel_1,401,5,"1,2,4,7,11",29771,0.049416303014509014
sel_1,402,6,"2,3,7,9,11,16",3533,0.0058643578835195446
sel_1,403,6,"1,3,4,11,26,49",1690,0.0028051980818420692
sel_1,404,7,"1,2,13,19,38,66,72",2029,0.0033678975787322829
sel_1,405,5,"1,2,4,7,11",29771,0.049416303014509014
sel_1,406,5,"2,7,12,23,522",1854,0.0030774184874172755
sel_1,407,5,"4,7,38,45,167",1929,0.003201909526552279
sel_1,408,7,"1,2,3,4,39,102,498",2012,0.0033396796098616823
sel_1,409,5,"1,2,4,7,11",29771,0.049416303014509014
sel_1,410,7,"1,2,11,27,72,80,95",1814,0.003011023266545274
sel_1,411,5,"1,2,8,14,16",5158,0.0085616637314446103
sel_1,412,7,"1,2,4,6,12,38,70",1772,0.0029413082846296724
sel_1,413,5,"1,2,4,7,11",29771,0.049416303014509014
sel_1,414,5,"2,3,4,6,12",6032,0.010012399307497847
sel_1,415,6,"1,2,163,204,373,498",1854,0.0030774184874172755
sel_1,416,7,"1,2,4,8,9,12,23",2598,0.0043123695956365062
sel_1,417,5,"2,4,11,24,67",1562,0.0025927333750516636
sel_1,418,6,"1,4,7,11,42,72",2580,0.004282491746244105
sel_1,419,5,"1,2,4,42,72",4626,0.0076786072938469889
sel_1,420,5,"1,2,4,7,11",29771,0.049416303014509014
sel_1,421,5,"1,3,4,10,788",2627,0.0043605061307687076
sel_1,422,5,"3,4,11,23,92",1370,0.0022740363148660561
sel_1,423,8,"1,2,3,4,7,11,16,26",3032,0.0050327577420977241
sel_1,424,5,"1,2,4,7,11",29771,0.049416303014509014
sel_1,425,5,"2,3,4,16,190",1912,0.0031736915576816779
sel_1,426,6,"1,2,3,10,12,38",1925,0.0031952700044650785
sel_1,427,5,"1,2,4,7,11",29771,0.049416303014509014
sel_1,428,5,"1,2,8,23,35",1461,0.0024250854423498599
sel_1,429,5,"1,3,4,7,36",5225,0.0086728757264052138
sel_1,430,7,"1,2,4,11,36,67,91",2351,0.003902379106751896
sel_1,431,6,"1,2,4,6,7,29",3394,0.0056336344909893388
sel_1,432,8,"2,8,9,12,13,19,38,66",1485,0.0024649225748730606
sel_1,433,7,"1,2,3,4,14,299,498",1776,0.0029479478067168724
sel_1,434,5,"1,2,4,7,11",29771,0.049416303014509014
sel_1,435,5,"3,7,9,12,72",2060,0.0034193538749080843
sel_1,436,5,"1,2,4,7,72",18468,0.030654673476603153
sel_1,437,5,"1,2,7,12,37",1874,0.0031106160978532763
sel_1,438,5,"1,2,83,163,498",5230,0.0086811751290142136
sel_1,439,7,"1,6,9,11,24,72,95",1882,0.0031238951420276767
sel_1,440,5,"1,2,4,29,72",11093,0.018413054628327853
sel_1,441,5,"1,2,5,34,42",2042,0.0033894760255156835
sel_1,442,5,"1,2,11,36,91",7259,0.012049072707746496
sel_1,443,6,"1,4,7,21,29,72",4257,0.007066111381302774
sel_1,444,9,"1,2,3,12,23,39,83,163,498",1496,0.0024831812606128613
sel_1,445,5,"1,2,3,12,23",13249,0.02199175703332874
sel_1,446,6,"2,4,11,12,21,29",1445,0.0023985273540010591
sel_1,447,5,"20,87,92,98,166",2460,0.0040833060836281002
sel_1,448,5,"9,16,26,299,498",1388,0.0023039141642584569
sel_1,449,7,"1,2,4,5,8,42,81",1835,0.003045880757503075
sel_1,450,5,"2,6,12,16,190",3461,0.0057448464859499414
sel_1,451,7,"1,3,20,23,98,498,522",1537,0.0025512363620066626
sel_1,452,6,"1,2,11,36,80,91",2198,0.0036484173869164899
sel_1,453,5,"1,2,3,38,52",1800,0.0029877849392400736
sel_1,454,5,"2,39,204,373,498",1839,0.003052520279590275
sel_1,455,6,"2,3,4,9,23,92",2288,0.0037978066338784935
sel_1,456,5,"1,4,7,8,23",3209,0.005326556594456331
sel_1,457,5,"1,2,9,19,38",7519,0.012480641643414506
sel_1,458,6,"1,2,4,7,11,42",4047,0.0067175364717247657
sel_1,459,5,"2,5,6,8,114",1638,0.0027188842947084668
sel_1,460,6,"1,2,4,29,42,72",2352,0.0039040389872736963
sel_1,461,7,"1,2,3,4,10,14,788",1525,0.0025313177957450622
sel_1,462,5,"1,2,4,7,11",29771,0.049416303014509014
sel_1,463,6,"1,2,3,7,11,29",4573,0.0075906336261915867
sel_1,464,5,"3,9,11,24,95",2418,0.004013591101712499
sel_1,465,5,"1,2,4,7,9",18204,0.030216465018847942
sel_1,466,6,"3,4,10,12,16,18",1924,0.0031936101239432788
sel_1,467,5,"2,7,11,21,36",2822,0.0046841828325197149
sel_1,468,6,"1,2,4,23,38,39",1700,0.0028217968870600696
sel_1,469,7,"1,2,3,4,7,29,72",4187,0.0069499197447767712
sel_1,470,5,"1,2,18,131,232",2211,0.0036699958336998905
sel_1,471,5,"2,3,4,16,17",10526,0.017471902372467228
sel_1,472,5,"1,2,49,70,585",2405,0.0039920126549290984
sel_1,473,5,"1,2,4,18,126",1929,0.003201909526552279
sel_1,474,7,"1,2,24,27,80,91,95",3666,0.0060851219929189499
sel_1,475,5,"1,2,4,10,39",4679,0.0077665809615023911
sel_1,476,5,"1,2,4,6,16",6204,0.010297898757247454
sel_1,477,9,"1,2,3,4,9,11,16,26,36",1904,0.003160412513507278
sel_1,478,9,"1,2,6,9,11,24,27,72,80",1756,0.0029147501962808716
sel_1,479,5,"2,4,11,12,45",1932,0.0032068891681176787
sel_1,480,6,"1,3,9,19,37,38",1821,0.0030226424301978741
sel_1,481,5,"2,3,23,98,522",2177,0.0036135598959586889
sel_1,482,5,"1,2,31,37,70",2634,0.0043721252944213078
sel_1,483,5,"1,2,80,91,95",7167,0.011896363699740892
sel_1,484,5,"1,2,4,17,28",1828,0.0030342615938504748
sel_1,485,8,"1,2,3,4,7,11,26,49",1350,0.0022408387044300553
sel_1,486,5,"1,2,4,7,11",29771,0.049416303014509014
sel_1,487,6,"1,2,4,11,14,213",20,3.3197610436000814e-05
sel_1,488,5,"1,4,11,29,72",7917,0.013141274091090923
sel_1,489,5,"1,5,6,20,23",3133,0.0052004056747995278
sel_1,490,5,"1,12,14,16,24",1377,0.0022856554785186563
sel_1,491,5,"1,2,9,14,23",2952,0.0048999673003537209
sel_1,492,5,"3,8,9,12,23",2560,0.0042492941358081042
sel_1,493,5,"1,2,4,7,11",29771,0.049416303014509014
sel_1,494,5,"1,2,31,70,107",1439,0.0023885680708702586
sel_1,495,5,"1,20,23,396,522",2171,0.0036036006128278885
sel_1,496,6,"1,4,7,9,21,72",3248,0.0053912919348065328
sel_1,497,8,"1,2,4,6,23,38,48,52",2069,0.0034342927996042845
sel_1,498,8,"1,2,7,9,10,12,18,39",2287,0.0037961467533566932
sel_1,499,10,"1,2,6,23,57,70,87,166,204,521",1739,0.002886532227410271
sel_1,500,5,"1,2,3,11,12",7327,0.012161944583228898
sel_1,501,5,"2,4,6,7,29",3395,0.0056352943715111386
sel_1,502,6,"1,2,3,4,7,37",2198,0.0036484173869164899
sel_1,503,6,"1,2,3,4,6,14",2498,0.0041463815434565022
sel_1,504,5,"1,4,7,29,72",11030,0.018308482155454449
sel_1,505,5,"2,7,42,72,137",2794,0.0046377061779093141
sel_1,506,5,"1,2,6,12,70",6592,0.010941932399705869
sel_1,507,5,"3,4,16,19,126",2304,0.0038243647222272943
sel_1,508,6,"2,3,4,9,13,17",2938,0.0048767289730485197
sel_1,509,5,"2,4,7,16,29",3459,0.005741526724906341
sel_1,510,5,"1,2,18,80,89",1670,0.002772000471406068
sel_1,511,6,"1,2,4,16,23,38",2214,0.0036749754752652903
sel_1,512,6,"1,2,3,12,37,38",3634,0.0060320058162213483
sel_1,513,6,"1,2,7,42,72,137",2794,0.0046377061779093141
sel_1,514,5,"1,4,7,9,23",4018,0.0066693999365925643
sel_1,515,7,"1,2,9,11,24,27,72",4091,0.0067905712146839672
sel_1,516,6,"2,3,6,12,16,70",1651,0.0027404627414918674
sel_1,517,6,"2,3,4,17,26,92",1502,0.0024931405437436612
sel_1,518,5,"2,4,17,26,498",1737,0.002883212466366671
sel_1,519,5,"1,2,3,9,38",11913,0.019774156656203887
sel_1,520,7,"1,2,3,4,7,9,43",3007,0.0049912607290527227
sel_1,521,5,"1,2,4,6,49",4389,0.0072852156101803796
sel_1,522,9,"1,2,3,4,7,9,11,16,26",2182,0.0036218592985676891
sel_1,523,6,"2,3,9,10,16,24",1774,0.0029446280456732724
sel_1,524,6,"2,4,9,21,43,72",1736,0.0028815525858448708
sel_1,525,6,"1,2,14,16,299,498",2274,0.0037745683065732926
sel_1,526,5,"1,2,4,7,11",29771,0.049416303014509014
sel_1,527,7,"1,2,3,4,14,16,23",2069,0.0034342927996042845
sel_1,528,6,"1,4,7,11,29,72",7898,0.013109736361176723
sel_1,529,5,"1,2,46,79,154",5564,0.0092355752232954266
sel_1,530,6,"1,2,3,6,12,14",1877,0.0031155957394186765
sel_1,531,5,"2,4,14,38,788",1627,0.0027006256089686666
sel_1,532,5,"4,7,24,45,95",3765,0.0062494501645771541
sel_1,533,5,"1,2,8,12,24",2906,0.0048236127963509189
sel_1,534,5,"1,4,7,11,29",10754,0.01785035513143764
sel_1,535,5,"1,2,8,9,12",8822,0.01464346596331996
sel_1,536,6,"4,7,10,11,18,61",783,0.001299686448569432
sel_1,537,6,"2,4,7,9,11,49",2164,0.0035919814491752883
sel_1,538,5,"1,3,4,16,23",5620,0.0093285285325162299
sel_1,539,6,"1,3,4,17,23,27",3523,0.0058477590783015442
sel_1,540,5,"2,4,6,12,38",2866,0.0047572175754789173
sel_1,541,5,"2,8,9,10,19",2033,0.0033745371008194829
sel_1,542,5,"1,2,7,49,70",1680,0.0027885992766240688
sel_1,543,5,"1,2,7,14,72",2456,0.0040766665615409002
sel_1,544,6,"1,2,3,9,16,17",8025,0.013320541187445328
sel_1,545,5,"1,4,6,12,38",2866,0.0047572175754789173
sel_1,546,5,"1,2,10,18,788",1801,0.0029894448197618734
sel_1,547,5,"1,2,6,48,52",5330,0.0088471631811942175
sel_1,548,5,"1,2,4,7,11",29771,0.049416303014509014
sel_1,549,6,"1,2,4,9,16,92",2920,0.0048468511236561193
sel_1,550,5,"1,4,11,36,72",6100,0.010125271182980249
sel_1,551,5,"1,2,7,27,167",1661,0.0027570615467098678
sel_1,552,5,"1,2,3,7,9",14651,0.024318909524892397
sel_1,553,5,"2,3,12,102,373",770,0.0012781080017860314
sel_1,554,5,"1,3,4,16,17",10526,0.017471902372467228
sel_1,555,5,"1,7,11,29,72",7941,0.013181111223614124
sel_1,556,6,"1,3,4,14,17,26",2062,0.0034226736359516843
sel_1,557,8,"1,2,3,4,11,21,29,72",2325,0.0038592222131850948
sel_1,558,5,"2,4,6,70,72",2425,0.0040252102653650992
sel_1,559,6,"2,4,9,14,16,17",1974,0.0032766041500332807
sel_1,560,5,"1,2,4,7,11",29771,0.049416303014509014
sel_1,561,6,"2,4,11,26,36,91",1679,0.0027869393961022686
sel_1,562,5,"1,2,4,7,11",29771,0.049416303014509014
sel_1,563,5,"1,2,39,373,498",1840,0.0030541801601120752
sel_1,564,5,"1,2,4,23,48",3826,0.0063507028764069563
sel_1,565,6,"1,11,27,72,95,103",1755,0.0029130903157590718
sel_1,566,5,"1,2,6,52,70",3381,0.0056120560442059382
sel_1,567,6,"1,2,3,9,19,66",2964,0.0049198858666153209
sel_1,568,5,"2,13,19,38,66",2083,0.0034575311269094849
sel_1,569,6,"1,2,4,9,10,38",2011,0.0033380197293398821
sel_1,570,5,"2,4,11,36,72",6100,0.010125271182980249
sel_1,571,5,"1,2,10,39,788",1848,0.0030674592042864756
sel_1,572,5,"2,6,23,38,48",2114,0.0035089874230852863
sel_1,573,5,"1,2,3,9,126",5286,0.0087741284382350151
sel_1,574,5,"1,9,12,17,19",2497,0.0041447216629347016
sel_1,575,5,"2,3,9,12,23",3916,0.0065000921233689599
sel_1,576,6,"1,23,78,87,166,204",1475,0.0024483237696550602
sel_1,577,5,"1,2,7,29,72",11951,0.019837232116032288
sel_1,578,17,"1,2,3,4,7,8,12,16,17,21,23,27,38,39,92,160,522",20,3.3197610436000814e-05
sel_1,579,8,"1,2,4,6,12,23,38,70",1716,0.00284835497540887
sel_1,580,5,"1,2,4,7,11",29771,0.049416303014509014
sel_1,581,5,"2,7,18,34,284",1586,0.0026325705075748648
sel_1,582,6,"1,2,3,9,10,19",3612,0.0059954884447417471
sel_1,583,5,"1,3,12,23,27",1949,0.0032351071369882797
sel_1,584,5,"1,2,3,9,14",8882,0.014743058794627962
sel_1,585,5,"1,4,11,36,91",7066,0.011728715767039089
sel_1,586,7,"1,2,3,4,9,11,21",4074,0.0067623532458133667
sel_1,587,6,"2,3,14,16,26,299",2273,0.0037729084260514929
sel_1,588,5,"1,2,5,14,42",3336,0.005537361420724936
sel_1,589,5,"1,2,8,12,16",7349,0.0121984619547085
sel_1,590,6,"1,2,3,6,12,190",3415,0.0056684919819471394
sel_1,591,5,"1,2,3,7,52",1831,0.003039241235415875
sel_1,592,5,"1,3,4,14,23",4260,0.0070710910228681742
sel_1,593,6,"1,2,4,9,42,72",1426,0.002366989624086858
sel_1,594,7,"1,2,3,4,12,14,23",2556,0.0042426546137209042
sel_1,595,8,"1,2,11,24,27,80,91,95",1760,0.002921389718368072
sel_1,596,5,"1,2,9,19,231",1623,0.0026939860868814662
sel_1,597,6,"1,2,4,5,8,271",4886,0.0081101762295149992
sel_1,598,7,"1,2,4,11,36,49,72",1426,0.002366989624086858
sel_1,599,5,"2,4,11,36,91",7066,0.011728715767039089
sel_1,600,5,"1,2,7,10,18",12782,0.02121659282964812
sel_1,601,6,"1,2,4,12,17,118",2506,0.0041596605876309022
sel_1,602,5,"1,2,4,11,118",1557,0.0025844339724426634
sel_1,603,6,"2,6,48,49,52,70",2346,0.0038940797041428958
sel_1,604,5,"1,2,3,7,39",4005,0.0066478214898091637
sel_1,605,5,"1,3,6,12,16",6215,0.010316157442987254
sel_1,606,5,"4,6,36,70,91",1694,0.0028118376039292692
sel_1,607,6,"2,11,27,72,80,103",1865,0.0030956771731570762
sel_1,608,5,"1,2,7,12,40",1550,0.0025728148087900632
sel_1,609,5,"2,3,4,10,38",2390,0.0039671144471020974
sel_1,610,7,"1,2,9,10,18,39,118",1473,0.0024450040086114603
sel_1,611,6,"1,2,3,4,7,11",14800,0.024566231722640604
sel_1,612,5,"1,4,7,67,80",1646,0.0027321633388828672
sel_1,613,6,"1,2,4,7,11,12",10066,0.016708357332439212
sel_1,614,5,"1,2,3,16,47",1905,0.0031620723940290777
sel_1,615,5,"1,2,3,12,190",3562,0.0059124944186517451
sel_1,616,5,"1,2,48,49,52",2979,0.0049447840744423219
sel_1,617,7,"1,2,9,13,19,66,72",2638,0.0043787648165085078
sel_1,618,5,"1,2,4,7,16",14549,0.024149601711668793
sel_1,619,6,"1,2,4,204,373,498",1712,0.00284171545332167
sel_1,620,6,"2,3,4,9,16,17",7305,0.012125427211749298
sel_1,621,5,"2,9,24,27,72",4410,0.0073200731011381802
sel_1,622,6,"1,4,7,29,42,72",2329,0.0038658617352722953
sel_1,623,7,"1,2,6,11,24,27,103",2408,0.0039969922964944987
sel_1,624,6,"1,2,7,11,29,72",7941,0.013181111223614124
sel_1,625,5,"1,3,9,16,17",8025,0.013320541187445328
sel_1,626,5,"1,2,4,9,682",20,3.3197610436000814e-05
sel_1,627,5,"1,2,4,7,11",29771,0.049416303014509014
sel_1,628,5,"4,7,11,72,167",2529,0.0041978378396323032
sel_1,629,5,"1,3,4,16,70",1406,0.0023337920136508573
sel_1,630,6,"1,2,5,31,42,81",1834,0.0030442208769812748
sel_1,631,5,"1,2,4,7,11",29771,0.049416303014509014
sel_1,632,7,"1,4,7,9,29,43,72",1927,0.0031985897655086785
sel_1,633,5,"1,2,3,27,37",3119,0.0051771673474943275
sel_1,634,6,"1,2,11,24,27,103",4189,0.0069532395058203708
sel_1,635,5,"1,7,42,72,137",2794,0.0046377061779093141
sel_1,636,6,"1,2,3,6,16,190",3278,0.005441088350460534
sel_1,637,6,"1,2,9,27,72,80",2527,0.0041945180785887028
sel_1,638,5,"1,7,10,18,180",2682,0.0044517995594677093
sel_1,639,5,"1,2,4,49,52",1843,0.0030591598016774754
sel_1,640,5,"1,2,3,23,522",5230,0.0086811751290142136
sel_1,641,5,"1,2,9,13,16",6821,0.011322045039198078
sel_1,642,6,"1,2,6,12,16,70",2297,0.0038127455585746936
sel_1,643,5,"2,9,12,14,16",1405,0.0023321321331290575
sel_1,644,5,"1,2,5,20,194",2982,0.0049497637160077221
sel_1,645,5,"1,2,6,12,16",8016,0.013305602262749128
sel_1,646,6,"1,12,20,98,396,522",1555,0.0025811142113990634
sel_1,647,5,"1,2,4,7,19",5696,0.0094546794521730322
sel_1,648,5,"1,2,3,4,9",25112,0.041682919663442626
sel_1,649,7,"1,2,3,4,7,23,26",2514,0.004172939631805303
sel_1,650,5,"1,2,3,4,92",5827,0.0096721238005288371
sel_1,651,5,"1,2,3,6,13",3222,0.0053481350412397316
sel_1,652,5,"1,2,4,49,72",3675,0.0061000609176151497
sel_1,653,5,"1,2,4,7,11",29771,0.049416303014509014
sel_1,654,6,"3,4,6,12,16,190",1846,0.0030641394432428756
sel_1,655,6,"1,2,4,11,36,91",7066,0.011728715767039089
sel_1,656,6,"1,2,4,7,16,67",2126,0.0035289059893468867
sel_1,657,5,"2,4,6,23,48",2515,0.0041745995123271028
sel_1,658,7,"2,3,4,6,12,16,190",1846,0.0030641394432428756
sel_1,659,5,"1,6,23,38,48",2114,0.0035089874230852863
sel_1,660,6,"1,3,9,12,37,38",1984,0.0032932029552512811
sel_1,661,7,"1,2,3,7,11,12,498",1727,0.0028666136611486706
sel_1,662,7,"1,2,11,24,27,72,80",2711,0.0044999360945999108
sel_1,663,5,"1,2,6,29,30",1615,0.0026807070427070658
sel_1,664,5,"9,11,27,72,103",2425,0.0040252102653650992
sel_1,665,7,"1,2,4,6,23,48,52",2269,0.0037662689039642924
sel_1,666,7,"1,2,12,98,396,498,522",1431,0.0023752890266958582
sel_1,667,5,"4,7,29,42,72",2329,0.0038658617352722953
sel_1,668,5,"1,2,79,226,498",5209,0.0086463176380564121
sel_1,669,6,"1,2,4,7,12,29",5820,0.0096605046368762378
sel_1,670,5,"1,2,30,31,81",2826,0.0046908223546069158
sel_1,671,7,"2,4,7,11,29,43,72",1477,0.0024516435306986602
sel_1,672,6,"2,6,48,52,70,585",1931,0.0032052292875958789
sel_1,673,5,"1,2,14,38,788",1654,0.0027454423830572676
sel_1,674,5,"1,2,163,204,373",1854,0.0030774184874172755
sel_1,675,5,"1,3,9,14,16",5633,0.0093501069792996296
sel_1,676,7,"1,2,4,6,11,36,72",1422,0.0023603501019996581
sel_1,677,7,"1,2,6,11,70,72,91",2074,0.0034425922022132847
sel_1,678,7,"1,3,4,9,14,16,17",1918,0.0031836508408124783
sel_1,679,5,"1,2,9,18,40",1473,0.0024450040086114603
sel_1,680,5,"3,4,6,12,14",1665,0.0027637010687970678
sel_1,681,5,"1,2,5,290,11985",1560,0.0025894136140080636
sel_1,682,6,"1,2,4,6,93,252",20,3.3197610436000814e-05
sel_1,683,5,"1,7,29,42,72",2354,0.0039073587483172958
sel_1,684,6,"1,4,7,11,36,67",4090,0.0067889113341621666
sel_1,685,5,"1,2,33,46,87",5337,0.0088587823448468186
sel_1,686,5,"1,2,3,7,91",3517,0.0058377997951707438
sel_1,687,5,"1,2,4,7,11",29771,0.049416303014509014
sel_1,688,6,"1,2,3,6,12,70",2441,0.0040517683537139
sel_1,689,6,"1,2,4,11,36,45",2451,0.0040683671589319004
sel_1,690,5,"1,2,17,20,98",2706,0.0044916366919909101
sel_1,691,11,"1,2,4,7,9,10,12,17,18,19,39",1479,0.0024549632917422602
sel_1,692,6,"1,2,45,49,166,14757",1514,0.0025130591100052616
sel_1,693,6,"1,3,9,16,17,38",2614,0.004338927683985307
sel_1,694,5,"1,4,7,12,72",5016,0.0083259606973490052
sel_1,695,5,"1,4,7,9,36",3019,0.0050111792953143235
sel_1,696,5,"1,2,4,7,11",29771,0.049416303014509014
sel_1,697,5,"1,2,3,4,38",10583,0.017566515562209832
sel_1,698,5,"1,2,8,96,202",3112,0.0051655481838417273
sel_1,699,5,"1,2,45,95,167",4156,0.0068984634486009694
sel_1,700,6,"1,2,4,7,11,36",8873,0.014728119869931762
sel_1,701,7,"1,2,3,4,7,26,49",1400,0.0023238327305200573
sel_1,702,5,"2,11,14,16,23",2973,0.0049348247913115215
sel_1,703,5,"2,4,11,29,72",7917,0.013141274091090923
sel_1,704,5,"1,2,20,92,204",2842,0.0047173804429557157
sel_1,705,5,"1,2,23,46,79",1831,0.003039241235415875
sel_1,706,5,"1,2,4,7,11",29771,0.049416303014509014
sel_1,707,5,"1,2,34,72,137",1558,0.0025860938529644636
sel_1,708,6,"1,2,4,7,10,12",8632,0.014328088664177953
sel_1,709,5,"1,2,4,7,11",29771,0.049416303014509014
sel_1,710,5,"1,15,98,265,273",1950,0.0032367670175100795
sel_1,711,5,"1,2,4,10,14",6545,0.010863918015181268
sel_1,712,5,"1,2,9,95,192",2876,0.0047738163806969177
sel_1,713,5,"2,4,5,30,31",1412,0.0023437512967816577
sel_1,714,5,"1,163,204,373,498",1854,0.0030774184874172755
sel_1,715,5,"2,9,11,24,27",6702,0.011124519257103874
sel_1,716,5,"1,2,4,7,11",29771,0.049416303014509014
sel_1,717,6,"1,2,3,8,23,31",2413,0.0040052916991034984
sel_1,718,5,"1,2,4,9,26",6895,0.011444876197811281
sel_1,719,5,"1,2,12,37,38",3637,0.0060369854577867485
sel_1,720,5,"1,2,3,14,16",9965,0.016540709399737407
sel_1,721,5,"2,3,23,27,57",2135,0.0035438449140430873
sel_1,722,7,"2,3,4,9,14,16,17",1918,0.0031836508408124783
sel_1,723,6,"4,7,12,18,19,39",2116,0.0035123071841288863
sel_1,724,5,"3,4,17,27,160",3697,0.0061365782890947509
sel_1,725,6,"1,3,7,11,29,72",3483,0.0057813638574295426
sel_1,726,5,"1,4,6,7,11",3460,0.0057431866054281416
sel_1,727,5,"2,6,48,70,585",1943,0.0032251478538574793
sel_1,728,5,"2,4,11,36,80",3327,0.0055224224960287362
sel_1,729,7,"1,2,3,4,17,27,160",3697,0.0061365782890947509
sel_1,730,6,"3,7,9,11,21,72",1791,0.002972846014543873
sel_1,731,5,"1,2,4,7,11",29771,0.049416303014509014
sel_1,732,5,"2,6,49,52,585",1416,0.0023503908188688576
sel_1,733,6,"1,2,11,24,27,95",5783,0.0095990890575696364
sel_1,734,6,"1,2,3,4,9,11",10443,0.017334132289157825
sel_1,735,5,"2,7,12,29,72",3419,0.0056751315040343394
sel_1,736,6,"1,4,11,70,72,91",2073,0.0034409323216914845
sel_1,737,5,"1,3,4,6,12",6032,0.010012399307497847
sel_1,738,6,"1,2,14,26,299,498",2546,0.0042260558085029038
sel_1,739,6,"1,2,3,4,14,16",6145,0.01019996580646125
sel_1,740,5,"1,2,5,23,31",2194,0.0036417778648292895
sel_1,741,5,"1,2,4,7,29",19765,0.03280753851337781
sel_1,742,6,"1,2,3,4,14,23",4260,0.0070710910228681742
sel_1,743,5,"1,2,4,7,11",29771,0.049416303014509014
sel_1,744,6,"1,2,24,27,80,95",6519,0.010820761121614467
sel_1,745,6,"1,2,3,4,21,72",3578,0.0059390525070005459
sel_1,746,5,"1,2,6,16,70",2435,0.0040418090705830996
sel_1,747,5,"1,2,7,11,21",8919,0.014804474373934564
sel_1,748,7,"1,2,4,11,26,36,91",1679,0.0027869393961022686
sel_1,749,5,"1,13,45,49,116",1987,0.0032981825968166813
sel_1,750,7,"1,2,4,9,14,16,17",1974,0.0032766041500332807
sel_1,751,6,"1,6,11,24,72,103",2100,0.0034857490957800859
sel_1,752,6,"1,3,4,9,14,16",3216,0.0053381757581089312
sel_1,753,5,"1,2,4,7,11",29771,0.049416303014509014
sel_1,754,6,"1,2,7,12,16,25",1573,0.0026109920607914642
sel_1,755,6,"1,2,3,4,17,72",1620,0.002689006445316066
sel_1,756,5,"2,4,6,10,14",2589,0.0042974306709403056
sel_1,757,5,"1,2,8,81,254",1497,0.002484841141134661
sel_1,758,5,"1,2,8,10,140",2550,0.0042326953305901038
sel_1,759,7,"1,2,3,7,11,29,72",3483,0.0057813638574295426
sel_1,760,5,"1,2,4,9,17",10890,0.018076098882402445
sel_1,761,5,"4,7,11,67,80",1511,0.0025080794684398619
sel_1,762,14,"1,2,3,7,9,21,24,36,45,48,67,91,95,205",20,3.3197610436000814e-05
sel_1,763,6,"1,2,15,79,265,273",1363,0.0022624171512134555
sel_1,764,6,"1,2,4,7,36,49",2720,0.0045148750192961114
sel_1,765,5,"2,5,20,98,194",2055,0.0034110544722990841
sel_1,766,6,"1,4,10,14,38,788",1626,0.0026989657284468664
sel_1,767,6,"1,2,7,29,42,72",2354,0.0039073587483172958
sel_1,768,5,"1,3,4,9,17",9182,0.015241022951167974
sel_1,769,5,"1,9,10,19,38",1998,0.0033164412825564815
sel_1,770,5,"1,2,3,5,9",2473,0.0041048845304115008
sel_1,771,6,"1,2,3,4,12,16",10877,0.018054520435619045
sel_1,772,5,"1,2,3,4,10",8505,0.014117283837909347
sel_1,773,5,"1,2,20,98,194",5349,0.0088787009111084177
sel_1,774,6,"1,2,4,7,14,29",1814,0.003011023266545274
sel_1,775,8,"1,4,6,11,36,70,72,91",1382,0.0022939548811276565
sel_1,776,6,"1,2,3,4,9,160",4653,0.0077234240679355899
sel_1,777,7,"1,2,3,14,16,26,299",2273,0.0037729084260514929
sel_1,778,5,"1,2,4,7,11",29771,0.049416303014509014
sel_1,779,5,"1,2,20,98,1499",5240,0.0086977739342322148
sel_1,780,5,"2,6,48,52,70",3276,0.0054377685894169336
sel_1,781,5,"1,7,10,12,18",7063,0.011723736125473689
sel_1,782,6,"1,2,23,38,48,52",2078,0.0034492317243004847
sel_1,783,6,"1,2,3,4,9,16",16517,0.027416246578571276
sel_1,784,6,"1,2,3,4,14,26",3168,0.0052585014930625297
sel_1,785,5,"1,2,20,92,98",5629,0.0093434674572124305
sel_1,786,5,"3,20,23,98,396",2317,0.0038459431690106944
sel_1,787,5,"11,27,80,95,192",2324,0.0038575623326632951
sel_1,788,5,"2,6,23,48,52",2319,0.0038492629300542949
sel_1,789,5,"2,9,80,95,192",2154,0.0035753826439572879
sel_1,790,5,"1,2,3,17,28",1848,0.0030674592042864756
sel_1,791,5,"1,2,6,771,787",1549,0.0025711549282682634
sel_1,792,9,"1,2,3,4,14,16,26,299,498",1558,0.0025860938529644636
sel_1,793,5,"1,2,4,7,11",29771,0.049416303014509014
sel_1,794,8,"1,2,6,23,57,70,166,204",1743,0.002893171749497471
sel_1,795,7,"1,2,8,9,12,23,31",1740,0.0028881921079320712
sel_1,796,7,"1,2,4,9,11,29,72",2656,0.0044086426659009081
sel_1,797,5,"1,2,6,36,70",2098,0.0034824293347364855
sel_1,798,5,"2,7,9,16,26",3418,0.0056734716235125396
sel_1,799,5,"1,5,8,96,182",2045,0.0033944556670810833
sel_1,800,5,"1,2,6,182,693",2804,0.0046543049831273145
sel_1,801,5,"2,11,70,72,91",2074,0.0034425922022132847
sel_1,802,7,"1,2,6,70,87,166,204",3325,0.0055191027349851358
sel_1,803,5,"1,9,10,18,72",2366,0.0039272773145788966
sel_1,804,6,"1,2,3,6,65,289",2046,0.0033961155476028835
sel_1,805,5,"2,3,4,14,23",4260,0.0070710910228681742
sel_1,806,7,"1,2,3,4,7,11,26",4656,0.0077284037095009901
sel_1,807,6,"1,2,24,27,80,91",3690,0.0061249591254421507
sel_1,808,6,"1,20,46,79,98,1499",1506,0.0024997800658308617
sel_1,809,5,"1,2,3,12,16",18205,0.030218124899369744
sel_1,810,7,"1,2,5,8,30,31,81",2134,0.0035421850335212871
sel_1,811,7,"2,4,7,10,12,16,18",2151,0.0035704030023918877
sel_1,812,5,"2,16,26,36,91",1626,0.0026989657284468664
sel_1,813,5,"1,2,4,663,1134",1466,0.0024333848449588601
sel_1,814,6,"1,4,9,12,17,19",2217,0.0036799551168306905
sel_1,815,6,"1,2,4,23,38,48",2484,0.0041231432161513018
sel_1,816,5,"3,9,19,37,38",1821,0.0030226424301978741
sel_1,817,5,"1,4,10,18,19",3892,0.0064602549908457591
sel_1,818,5,"1,2,4,7,49",9836,0.016326584812425202
sel_1,819,5,"1,2,4,9,14",4654,0.0077250839484573897
sel_1,820,5,"1,2,26,299,498",5275,0.0087558697524952149
sel_1,821,7,"1,2,4,6,23,38,52",2102,0.0034890688568236859
sel_1,822,5,"1,2,6,38,69",1404,0.0023304722526072573
sel_1,823,5,"1,3,4,14,16",6145,0.01019996580646125
sel_1,824,7,"1,2,3,4,9,14,17",2205,0.0036600365505690901
sel_1,825,5,"1,2,8,12,23",7936,0.013172811821005125
sel_1,826,6,"1,2,4,7,11,72",13269,0.022024954643764742
sel_1,827,5,"1,2,4,16,176",1722,0.0028583142585396704
sel_1,828,5,"1,3,7,11,12",6021,0.0099941406217580464
sel_1,829,8,"1,2,23,57,87,166,204,521",2338,0.0038808006599684954
sel_1,830,5,"1,2,4,7,11",29771,0.049416303014509014
sel_1,831,5,"1,2,4,7,11",29771,0.049416303014509014
sel_1,832,6,"1,2,3,7,29,42",1413,0.0023454111773034579
sel_1,833,5,"1,2,4,7,137",2796,0.0046410259389529146
sel_1,834,5,"1,11,24,27,80",5152,0.0085517044483138099
sel_1,835,9,"2,6,23,57,70,87,166,204,521",1739,0.002886532227410271
sel_1,836,5,"2,9,24,27,80",4927,0.0081782313309088014
sel_1,837,5,"1,2,4,7,11",29771,0.049416303014509014
sel_1,838,7,"1,2,4,7,11,29,72",7898,0.013109736361176723
sel_1,839,5,"1,2,7,14,17",2699,0.0044800175283383099
sel_1,840,5,"1,2,46,87,264",2099,0.0034840892152582857
sel_1,841,8,"1,2,4,6,36,70,72,91",1382,0.0022939548811276565
sel_1,842,6,"2,7,21,45,48,49",1741,0.002889851988453871
sel_1,843,8,"1,2,6,9,11,27,72,103",1853,0.0030757586068954758
sel_1,844,5,"2,9,10,19,126",1745,0.0028964915105410714
sel_1,845,8,"2,4,7,9,10,18,19,39",2116,0.0035123071841288863
sel_1,846,6,"2,7,9,29,43,72",1931,0.0032052292875958789
sel_1,847,9,"1,2,3,4,9,13,16,23,92",1378,0.0022873153590404561
sel_1,848,7,"1,4,7,9,10,12,18",3747,0.0062195723151847529
sel_1,849,5,"4,40,54,113,779",1492,0.0024765417385256608
sel_1,850,6,"2,4,10,12,18,118",3162,0.0052485422099317293
sel_1,851,7,"1,2,3,4,9,14,16",3216,0.0053381757581089312
sel_1,852,5,"1,2,7,9,27",4244,0.0070445329345193734
sel_1,853,5,"1,3,9,14,17",2740,0.0045480726297321122
sel_1,854,5,"1,2,4,204,373",1715,0.0028466950948870702
sel_1,855,6,"1,2,12,15,265,313",1672,0.0027753202324496684
sel_1,856,5,"1,2,14,103,127",1824,0.0030276220717632744
sel_1,857,7,"2,6,48,49,52,70,585",1416,0.0023503908188688576
sel_1,858,6,"1,4,7,9,23,27",1630,0.0027056052505340664
sel_1,859,7,"4,7,9,10,18,19,39",2116,0.0035123071841288863
sel_1,860,7,"1,2,3,4,16,26,299",1706,0.0028317561701908696
sel_1,861,5,"1,2,4,7,11",29771,0.049416303014509014
sel_1,862,5,"1,2,13,24,27",1554,0.0025794543308772636
sel_1,863,5,"1,2,4,7,11",29771,0.049416303014509014
sel_1,864,5,"1,2,4,7,11",29771,0.049416303014509014
sel_1,865,6,"2,4,6,23,38,52",2102,0.0034890688568236859
sel_1,866,6,"1,7,9,10,12,18",4082,0.0067756322899877666
sel_1,867,6,"1,2,9,11,24,26",1787,0.002966206492456673
sel_1,868,6,"1,4,24,27,80,95",1661,0.0027570615467098678
sel_1,869,6,"1,3,4,9,14,17",2205,0.0036600365505690901
sel_1,870,5,"6,10,14,70,788",2363,0.0039222976730134964
sel_1,871,7,"1,3,4,7,11,42,72",1522,0.002526338154179662
sel_1,872,7,"1,2,3,4,9,16,23",3755,0.0062328513593591537
sel_1,873,5,"1,2,16,18,163",1869,0.0031023166952442761
sel_1,874,5,"1,2,3,37,45",1403,0.0023288123720854575
sel_1,875,5,"2,23,87,166,521",2340,0.0038841204210120954
sel_1,876,5,"1,2,10,12,18",10373,0.017217940652631825
sel_1,877,8,"1,2,3,4,7,16,23,92",1846,0.0030641394432428756
sel_1,878,6,"1,2,6,10,70,788",2382,0.0039538354029276974
sel_1,879,5,"1,2,4,9,23",6346,0.010533601791343059
sel_1,880,5,"1,2,83,102,498",2189,0.0036334784622202893
sel_1,881,5,"1,2,134,154,453",1595,0.002647509432271065
sel_1,882,5,"1,2,3,9,17",10764,0.01786695393665564
sel_1,883,7,"1,2,3,9,10,16,126",2310,0.0038343240053580942
sel_1,884,6,"1,2,3,4,6,70",2713,0.0045032558556435112
sel_1,885,5,"1,2,4,7,11",29771,0.049416303014509014
sel_1,886,7,"1,6,23,70,87,166,204",1757,0.0029164100768026718
sel_1,887,5,"1,2,4,7,11",29771,0.049416303014509014
sel_1,888,8,"1,2,3,9,16,26,299,498",1384,0.0022972746421712565
sel_1,889,5,"1,3,14,16,498",2525,0.0041911983175451032
sel_1,890,6,"1,2,4,11,18,49",1836,0.0030475406380248752
sel_1,891,5,"1,2,87,166,204",5242,0.0087010936952758144
sel_1,892,8,"1,2,6,9,11,24,27,72",2736,0.0045414331076449113
sel_1,893,8,"2,4,7,9,10,12,19,39",2181,0.0036201994180458889
sel_1,894,6,"1,2,4,7,42,72",4109,0.0068204490640763676
sel_1,895,5,"1,2,7,18,90",3592,0.0059622908343057463
sel_1,896,7,"1,2,8,14,16,23,31",1593,0.002644189671227465
sel_1,897,7,"1,2,3,4,6,12,16",3894,0.0064635747518893586
sel_1,898,7,"1,2,6,11,27,72,80",1888,0.0031338544251584772
sel_1,899,5,"3,4,6,12,16",3894,0.0064635747518893586
sel_1,900,8,"1,2,3,12,23,39,98,396",1492,0.0024765417385256608
sel_1,901,6,"1,2,4,14,16,17",4084,0.006778952051031367
sel_1,902,8,"1,2,6,48,49,52,70,585",1416,0.0023503908188688576
sel_1,903,6,"1,2,3,4,12,498",4165,0.00691340237329717
sel_1,904,6,"1,6,48,52,70,585",1931,0.0032052292875958789
sel_1,905,6,"1,2,3,4,12,14",3895,0.0064652346324111593
sel_1,906,6,"1,2,3,4,9,23",5558,0.0092256159401646262
sel_1,907,7,"1,9,12,17,18,19,39",1531,0.0025412770788758626
sel_1,908,6,"1,3,4,9,16,17",7305,0.012125427211749298
sel_1,909,5,"1,4,7,29,42",2901,0.0048153133937419183
sel_1,910,5,"1,2,16,26,92",2004,0.0033264005656872819
sel_1,911,6,"1,4,7,11,16,26",4392,0.0072901952517457789
sel_1,912,7,"2,6,9,24,27,80,95",1428,0.0023703093851304585
sel_1,913,10,"1,2,6,57,70,78,87,166,204,521",1466,0.0024333848449588601
sel_1,914,5,"1,2,4,7,11",29771,0.049416303014509014
sel_1,915,6,"1,4,7,16,29,72",1661,0.0027570615467098678
sel_1,916,5,"1,2,3,27,49",2565,0.0042575935384171048
sel_1,917,5,"1,2,12,38,498",1892,0.0031404939472456771
sel_1,918,7,"2,4,11,36,70,72,91",1382,0.0022939548811276565
sel_1,919,5,"1,4,6,70,585",2450,0.0040667072784100998
sel_1,920,6,"1,24,27,80,91,95",3666,0.0060851219929189499
sel_1,921,6,"1,3,7,11,36,49",1581,0.0026242711049658646
sel_1,922,5,"1,14,16,299,498",2274,0.0037745683065732926
sel_1,923,5,"1,2,5,8,31",9251,0.015355554707172177
sel_1,924,5,"1,2,10,36,80",2616,0.0043422474450289066
sel_1,925,6,"1,2,4,5,7,8",3046,0.0050559960694029245
sel_1,926,5,"2,5,8,29,81",1384,0.0022972746421712565
sel_1,927,5,"1,7,10,18,118",3962,0.0065764466273717619
sel_1,928,5,"1,2,4,7,11",29771,0.049416303014509014
sel_1,929,6,"1,2,3,4,9,17",9181,0.015239363070646175
sel_1,930,7,"2,4,6,12,23,38,70",1716,0.00284835497540887
sel_1,931,5,"1,2,10,18,53",6492,0.010775944347525865
sel_1,932,6,"1,6,48,49,52,70",2346,0.0038940797041428958
sel_1,933,5,"1,2,7,42,137",2802,0.0046509852220837141
sel_1,934,6,"1,2,4,9,27,38",3399,0.0056419338935983386
sel_1,935,5,"1,2,9,19,37",3455,0.005734887202819141
sel_1,936,6,"1,2,3,12,23,102",2860,0.0047472582923481169
sel_1,937,5,"2,3,11,16,21",2408,0.0039969922964944987
sel_1,938,6,"1,2,5,8,31,81",3663,0.0060801423513535497
sel_1,939,5,"2,20,23,98,396",2463,0.0040882857251935004
sel_1,940,6,"1,3,4,6,16,70",1396,0.0023171932084328569
sel_1,941,7,"2,3,4,9,11,13,16",1333,0.0022126207355594543
sel_1,942,5,"1,2,94,125,131",5396,0.0089567152956330203
sel_1,943,7,"1,2,6,13,33,322,811",20,3.3197610436000814e-05
sel_1,944,6,"2,3,4,11,12,26",1484,0.0024632626943512604
sel_1,945,6,"1,9,11,27,80,95",2998,0.0049763218043565221
sel_1,946,5,"1,2,11,24,27",10326,0.01713992626810722
sel_1,947,7,"1,3,12,23,39,498,522",2731,0.0045331337050359116
sel_1,948,5,"1,2,6,16,190",3470,0.005759785410646142
sel_1,949,5,"7,11,36,67,80",1504,0.0024964603047872612
sel_1,950,6,"2,3,4,9,38,92",1442,0.0023935477124356589
sel_1,951,5,"1,4,7,11,72",13269,0.022024954643764742
sel_1,952,5,"1,2,4,10,80",3399,0.0056419338935983386
sel_1,953,6,"1,4,7,9,10,12",4725,0.0078429354655051922
sel_1,954,7,"1,2,48,49,52,70,585",1416,0.0023503908188688576
sel_1,955,5,"1,2,19,24,27",1406,0.0023337920136508573
sel_1,956,5,"1,2,4,38,72",3409,0.005658532698816339
sel_1,957,5,"11,24,27,72,103",3272,0.0054311290673297336
sel_1,958,5,"1,2,3,6,16",8094,0.013435072943449531
sel_1,959,5,"1,7,45,67,167",2017,0.0033479790124706825
sel_1,960,8,"1,2,4,7,11,12,16,29",1467,0.0024350447254806598
sel_1,961,7,"1,2,3,4,9,13,16",5061,0.0084006553208300066
sel_1,962,5,"1,9,26,299,498",1972,0.0032732843889896803
sel_1,963,5,"1,4,6,23,39",1383,0.0022956147616494567
sel_1,964,5,"1,2,8,194,478",3455,0.005734887202819141
sel_1,965,5,"1,2,4,7,11",29771,0.049416303014509014
sel_1,966,7,"1,2,3,4,11,36,49",1831,0.003039241235415875
sel_1,967,5,"1,2,6,12,190",5259,0.008729311664146415
sel_1,968,5,"2,9,12,19,37",2148,0.0035654233608264879
sel_1,969,5,"1,2,3,37,52",5325,0.0088388637785852178
sel_1,970,5,"1,2,3,27,28",1542,0.0025595357646156628
sel_1,971,5,"2,5,14,17,210",1342,0.0022275596602556549
sel_1,972,7,"1,2,3,9,13,17,23",1387,0.0023022542837366567
sel_1,973,6,"1,2,8,12,23,31",3795,0.0062992465802311553
sel_1,974,5,"1,2,3,5,182",1659,0.0027537417856662678
sel_1,975,7,"1,2,3,4,6,12,190",1968,0.0032666448669024803
sel_1,976,5,"2,4,7,11,90",1643,0.002727183697317467
sel_1,977,5,"4,7,11,36,80",2355,0.0039090186288390965
sel_1,978,7,"1,3,4,7,9,11,12",2728,0.0045281540634705113
sel_1,979,6,"2,3,4,6,12,70",1891,0.0031388340667238774
sel_1,980,5,"2,23,57,166,204",2347,0.0038957395846646956
sel_1,981,5,"1,2,5,8,98",1636,0.0027155645336648668
sel_1,982,6,"1,2,4,7,17,26",2224,0.0036915742804832907
sel_1,983,6,"1,2,4,9,11,45",2884,0.0047870954248713177
sel_1,984,5,"1,2,4,7,11",29771,0.049416303014509014
sel_1,985,7,"1,2,6,10,14,70,788",2363,0.0039222976730134964
sel_1,986,8,"1,2,3,9,19,24,53,72",20,3.3197610436000814e-05
sel_1,987,5,"2,24,45,80,167",1625,0.0026973058479250662
sel_1,988,5,"1,4,6,16,190",1923,0.0031919502434214785
sel_1,989,6,"1,2,3,6,12,16",6215,0.010316157442987254
sel_1,990,5,"1,2,18,125,131",3041,0.0050476966667939238
sel_1,991,7,"1,2,4,8,9,12,19",2166,0.0035953012102188883
sel_1,992,8,"1,2,4,7,10,18,90,118",3298,0.0054742859608965348
sel_1,993,5,"2,7,36,67,91",2710,0.004498276214078111
sel_1,994,6,"1,4,7,11,29,91",1701,0.0028234567675818694
sel_1,995,6,"1,2,3,6,9,16",2578,0.0042791719852005054
sel_1,996,5,"1,2,14,16,17",6718,0.011151077345452674
sel_1,997,5,"1,2,4,21,49",3350,0.0055605997480301364
sel_1,998,6,"1,2,34,64,108,408",1878,0.0031172556199404768
sel_1,999,5,"1,2,4,7,11",29771,0.049416303014509014
sel_5,0,6,"1,2,9,12,19,37",2148,0.0035654233608264879
sel_5,1,6,"1,2,5,29,210,233",1981,0.0032882233136858809
sel_5,2,5,"1,2,11,36,72",6273,0.010412430513251657
sel_5,3,5,"1,2,6,20,124",5331,0.0088488230617160182
sel_5,4,5,"4,6,7,11,12",1732,0.0028749130637576708
sel_5,5,11,"1,2,6,20,70,78,87,92,98,166,204",1660,0.0027554016661880676
sel_5,6,7,"2,3,20,39,98,498,522",1455,0.0024151261592190595
sel_5,7,5,"2,4,7,11,72",13269,0.022024954643764742
sel_5,8,8,"1,6,9,11,24,27,80,192",1427,0.0023686495046086583
sel_5,9,5,"1,2,3,13,16",7172,0.011904663102349894
sel_5,10,6,"1,2,4,12,14,23",3305,0.005485905124549135
sel_5,11,5,"7,12,17,39,180",1426,0.002366989624086858
sel_5,12,5,"2,67,77,107,166",2248,0.0037314114130064919
sel_5,13,8,"1,2,20,46,79,98,154,1499",1506,0.0024997800658308617
sel_5,14,5,"1,2,4,7,14",6487,0.010767644944916865
sel_5,15,5,"1,2,4,6,12",10667,0.017705945526041034
sel_5,16,1,1,582582,0.9670165141513114
sel_5,17,8,"1,2,3,20,23,98,396,522",2171,0.0036036006128278885
sel_5,18,5,"1,3,23,83,102",1366,0.0022673967927788557
sel_5,19,5,"2,7,12,16,25",1573,0.0026109920607914642
sel_5,20,7,"1,2,3,14,26,299,498",2513,0.0041712797512835024
sel_5,21,6,"1,3,6,12,16,190",3275,0.0054361087088951338
sel_5,22,6,"3,12,23,39,102,498",2843,0.0047190403234775163
sel_5,23,5,"1,4,5,8,31",3538,0.0058726572861285443
sel_5,24,5,"1,2,11,14,16",7313,0.012138706255923698
sel_5,25,6,"2,4,7,11,29,72",7898,0.013109736361176723
sel_5,26,5,"1,2,7,10,113",1397,0.0023188530889546571
sel_5,27,6,"4,7,11,21,29,72",3541,0.0058776369276939446
sel_5,28,5,"1,2,6,12,38",3693,0.0061299387670075509
sel_5,29,5,"4,7,11,16,29",2169,0.0036002808517842885
sel_5,30,5,"1,2,9,19,66",5268,0.0087442505888426156
sel_5,31,6,"1,2,3,4,7,72",7948,0.013192730387266725
sel_5,32,6,"1,10,18,94,125,131",2570,0.0042658929410261046
sel_5,33,5,"1,2,9,10,34",1894,0.0031438137082892771
sel_5,34,5,"1,2,4,7,42",6627,0.011000028217968871
sel_5,35,6,"2,8,9,11,12,23",1624,0.0026956459674032664
sel_5,36,5,"1,2,3,9,118",2340,0.0038841204210120954
sel_5,37,7,"1,3,4,14,16,26,498",1614,0.002679047162185266
sel_5,38,5,"1,2,6,69,72",5250,0.0087143727394502143
sel_5,39,7,"2,4,6,36,70,72,91",1382,0.0022939548811276565
sel_5,40,1,1,582582,0.9670165141513114
sel_5,41,7,"1,2,3,4,11,29,72",3471,0.0057614452911679418
sel_5,42,6,"1,2,6,48,52,585",1931,0.0032052292875958789
sel_5,43,5,"1,2,3,11,36",6962,0.011556088192771884
sel_5,44,5,"1,9,14,16,23",1761,0.0029230495988898718
sel_5,45,5,"1,4,7,11,67",6422,0.010659752710999863
sel_5,46,5,"2,4,9,42,72",1426,0.002366989624086858
sel_5,47,5,"1,2,5,8,20",4757,0.0078960516422027938
sel_5,48,5,"1,2,210,232,271",2006,0.0033297203267308819
sel_5,49,6,"1,2,3,16,17,24",3023,0.0050178188174015235
sel_5,50,5,"1,2,4,7,11",29771,0.049416303014509014
sel_5,51,5,"2,27,80,91,95",4292,0.007124207199565775
sel_5,52,8,"1,2,4,7,8,11,12,23",1653,0.0027437825025354674
sel_5,53,5,"1,2,4,7,11",29771,0.049416303014509014
sel_5,54,5,"1,2,10,14,788",5780,0.0095941094160042362
sel_5,55,6,"1,2,6,12,16,190",3461,0.0057448464859499414
sel_5,56,5,"1,2,42,72,137",3262,0.0054145302621117332
sel_5,57,6,"2,3,7,21,29,72",2575,0.0042741923436351052
sel_5,58,7,"1,2,3,4,6,12,14",1665,0.0027637010687970678
sel_5,59,1,1,582582,0.9670165141513114
sel_5,60,6,"1,2,3,6,16,70",1761,0.0029230495988898718
sel_5,61,1,1,582582,0.9670165141513114
sel_5,62,5,"1,2,3,7,46",1588,0.0026358902686184648
sel_5,63,7,"1,3,4,7,9,12,23",2045,0.0033944556670810833
sel_5,64,9,"1,2,6,8,23,221,249,271,341",20,3.3197610436000814e-05
sel_5,65,5,"1,2,15,265,273",5245,0.0087060733368412146
sel_5,66,5,"1,8,11,14,28",2391,0.0039687743276238981
sel_5,67,7,"1,2,6,23,70,87,166",1758,0.002918069957324472
sel_5,68,6,"1,3,4,7,9,26",3644,0.0060486046214393487
sel_5,69,5,"1,2,8,11,28",3174,0.0052684607761933292
sel_5,70,7,"2,9,11,27,72,80,103",1715,0.0028466950948870702
sel_5,71,5,"1,2,9,10,788",1700,0.0028217968870600696
sel_5,72,6,"1,2,3,16,26,299",2598,0.0043123695956365062
sel_5,73,5,"1,2,6,49,70",7685,0.012756181810033313
sel_5,74,5,"1,2,3,16,17",12751,0.021165136533472319
sel_5,75,8,"1,2,4,7,11,36,80,91",1570,0.002606012419226064
sel_5,76,5,"2,16,19,38,66",1534,0.0025462567204412629
sel_5,77,5,"3,4,9,26,38",1836,0.0030475406380248752
sel_5,78,7,"1,2,3,6,12,16,190",3275,0.0054361087088951338
sel_5,79,6,"1,4,8,35,114,685",2084,0.0034591910074312851
sel_5,80,6,"1,2,4,11,16,48",1870,0.0031039765757660764
sel_5,81,5,"2,3,9,16,17",8026,0.013322201067967127
sel_5,82,7,"1,2,39,102,204,373,498",1675,0.0027802998740150682
sel_5,83,5,"2,3,6,12,16",6215,0.010316157442987254
sel_5,84,5,"1,2,4,7,11",29771,0.049416303014509014
sel_5,85,7,"2,3,12,23,39,102,498",2843,0.0047190403234775163
sel_5,86,10,"1,2,4,7,10,12,17,18,19,39",1479,0.0024549632917422602
sel_5,87,6,"1,4,45,49,95,412",1931,0.0032052292875958789
sel_5,88,5,"1,2,4,16,26",9935,0.016490912984083405
sel_5,89,6,"1,2,4,11,36,72",6100,0.010125271182980249
sel_5,90,5,"2,3,4,14,299",1908,0.0031670520355944779
sel_5,91,6,"2,3,7,9,11,26",2613,0.0043372678034635063
sel_5,92,6,"1,2,4,7,12,18",6351,0.010541901193952059
sel_5,93,6,"1,2,13,17,19,72",1342,0.0022275596602556549
sel_5,94,5,"2,3,16,37,38",2068,0.0034326329190824843
sel_5,95,5,"1,2,4,7,11",29771,0.049416303014509014
sel_5,96,5,"1,3,13,16,27",2724,0.0045215145413833114
sel_5,97,5,"1,2,4,7,11",29771,0.049416303014509014
sel_5,98,6,"1,2,4,6,12,38",2866,0.0047572175754789173
sel_5,99,5,"1,2,10,12,788",4726,0.0078445953460269929
sel_5,100,7,"1,2,3,4,9,16,17",7305,0.012125427211749298
sel_5,101,6,"1,2,49,52,70,585",1416,0.0023503908188688576
sel_5,102,5,"1,2,6,52,585",1931,0.0032052292875958789
sel_5,103,7,"1,2,3,16,26,299,498",2597,0.0043107097151147064
sel_5,104,5,"1,2,4,7,11",29771,0.049416303014509014
sel_5,105,5,"1,2,9,12,38",8186,0.013587781951455134
sel_5,106,5,"1,2,4,6,48",6132,0.010178387359677851
sel_5,107,5,"1,2,10,54,264",3117,0.005173847586450727
sel_5,108,6,"1,2,11,80,91,95",3297,0.005472626080374735
sel_5,109,5,"4,11,21,45,95",2966,0.0049232056276589213
sel_5,110,7,"1,2,4,6,23,38,70",2519,0.0041812390344143028
sel_5,111,7,"1,2,3,9,14,16,17",2096,0.0034791095736928855
sel_5,112,6,"1,2,12,20,23,396",1815,0.0030126831470670742
sel_5,113,5,"1,3,12,19,134",1366,0.0022673967927788557
sel_5,114,6,"1,2,4,10,12,18",6777,0.011249010296238877
sel_5,115,5,"2,4,7,11,29",10754,0.01785035513143764
sel_5,116,5,"1,2,4,7,11",29771,0.049416303014509014
sel_5,117,5,"1,6,12,16,190",3461,0.0057448464859499414
sel_5,118,1,1,582582,0.9670165141513114
sel_5,119,1,1,582582,0.9670165141513114
sel_5,120,7,"1,2,3,4,7,11,12",5944,0.0098663298215794434
sel_5,121,5,"1,2,12,23,43",2045,0.0033944556670810833
sel_5,122,5,"1,6,12,16,70",2297,0.0038127455585746936
sel_5,123,5,"1,7,45,80,95",2253,0.0037397108156154921
sel_5,124,1,1,582582,0.9670165141513114
sel_5,125,5,"2,102,204,373,498",1686,0.0027985585597548688
sel_5,126,5,"2,9,12,37,38",1984,0.0032932029552512811
sel_5,127,5,"2,27,80,89,95",2474,0.0041065444109333014
sel_5,128,6,"4,6,23,38,48,52",2069,0.0034342927996042845
sel_5,129,5,"1,2,6,12,39",3190,0.00529501886454213
sel_5,130,7,"1,2,3,4,6,16,190",1846,0.0030641394432428756
sel_5,131,5,"1,2,16,299,498",2628,0.0043621660112905074
sel_5,132,5,"1,2,24,80,91",5119,0.0084969283910944094
sel_5,133,5,"1,2,4,7,11",29771,0.049416303014509014
sel_5,134,5,"2,6,52,70,585",1931,0.0032052292875958789
sel_5,135,5,"2,3,9,14,16",5634,0.0093517668598214303
sel_5,136,5,"1,4,7,11,36",8873,0.014728119869931762
sel_5,137,8,"1,2,3,9,16,27,38,160",1738,0.0028848723468884708
sel_5,138,5,"1,4,6,23,70",2828,0.0046941421156505153
sel_5,139,6,"1,2,9,24,38,80",1422,0.0023603501019996581
sel_5,140,5,"1,2,10,12,39",5577,0.0092571536700788281
sel_5,141,5,"1,2,3,8,29",2085,0.0034608508879530853
sel_5,142,5,"1,2,4,16,17",11723,0.019458779357061879
sel_5,143,6,"1,10,18,24,89,95",1571,0.0026076722997478642
sel_5,144,5,"1,2,4,7,11",29771,0.049416303014509014
sel_5,145,7,"1,2,3,4,14,16,17",3352,0.0055639195090737368
sel_5,146,6,"1,2,24,27,91,95",3782,0.0062776681334477547
sel_5,147,5,"1,2,20,98,396",5210,0.0086479775185782128
sel_5,148,5,"1,2,8,12,31",5841,0.0096953621278340393
sel_5,149,5,"1,2,4,11,49",10168,0.016877665145662815
sel_5,150,5,"1,2,11,45,412",2747,0.0045596917933847124
sel_5,151,8,"1,2,3,4,7,11,29,72",3463,0.0057481662469935418
sel_5,152,5,"1,2,27,95,1270",2310,0.0038343240053580942
sel_5,153,6,"1,2,3,9,26,72",1531,0.0025412770788758626
sel_5,154,6,"1,2,4,6,38,48",2544,0.0042227360474593042
sel_5,155,7,"1,2,3,4,7,11,72",6194,0.010281299952029452
sel_5,156,5,"1,11,80,95,192",2942,0.0048833684951357205
sel_5,157,6,"2,10,18,49,90,118",2303,0.0038227048417054941
sel_5,158,5,"24,27,80,91,95",3666,0.0060851219929189499
sel_5,159,5,"1,2,163,204,498",1855,0.0030790783679390758
sel_5,160,5,"1,2,12,23,39",6874,0.011410018706853481
sel_5,161,6,"1,2,3,8,12,92",1638,0.0027188842947084668
sel_5,162,10,"1,2,4,7,9,10,12,18,19,39",2116,0.0035123071841288863
sel_5,163,5,"1,2,3,4,12",19459,0.032299615073706996
sel_5,164,7,"1,2,3,4,9,11,24",3275,0.0054361087088951338
sel_5,165,8,"1,2,3,9,12,16,19,38",2199,0.0036500772674382897
sel_5,166,5,"1,2,15,537,2247",2365,0.0039256174340570969
sel_5,167,5,"2,9,12,16,26",1502,0.0024931405437436612
sel_5,168,5,"1,2,6,49,585",2404,0.0039903527744072978
sel_5,169,7,"1,2,14,16,26,299,498",2274,0.0037745683065732926
sel_5,170,6,"1,2,5,8,96,202",1558,0.0025860938529644636
sel_5,171,5,"2,3,7,11,21",5171,0.0085832421782280118
sel_5,172,7,"1,2,4,6,12,23,38",1991,0.0033048221189038813
sel_5,173,1,1,582582,0.9670165141513114
sel_5,174,5,"1,2,3,24,52",1460,0.0024234255618280597
sel_5,175,7,"1,2,3,4,14,16,299",1558,0.0025860938529644636
sel_5,176,5,"1,2,12,16,37",2186,0.0036284988206548891
sel_5,177,1,1,582582,0.9670165141513114
sel_5,178,5,"1,2,4,7,11",29771,0.049416303014509014
sel_5,179,5,"1,2,7,42,72",7099,0.01178349182425849
sel_5,180,5,"1,2,4,7,11",29771,0.049416303014509014
sel_5,181,5,"1,2,12,17,31",2188,0.0036318185816984895
sel_5,182,6,"1,2,4,11,36,49",3700,0.0061415579306601511
sel_5,183,6,"2,3,4,7,49,72",1489,0.0024715620969602606
sel_5,184,5,"1,3,4,9,21",5750,0.0095443130003502342
sel_5,185,5,"1,2,4,7,11",29771,0.049416303014509014
sel_5,186,7,"1,2,3,4,9,19,38",2752,0.0045679911959937121
sel_5,187,5,"1,6,9,11,103",2345,0.0038924198236210956
sel_5,188,7,"2,11,24,27,72,80,103",1865,0.0030956771731570762
sel_5,189,6,"1,8,9,12,16,23",2248,0.0037314114130064919
sel_5,190,5,"1,2,4,7,11",29771,0.049416303014509014
sel_5,191,5,"1,4,11,49,72",3154,0.0052352631657573284
sel_5,192,6,"1,6,48,49,70,585",1418,0.0023537105799124581
sel_5,193,8,"1,2,12,39,98,396,498,522",1421,0.0023586902214778578
sel_5,194,16,"1,2,3,6,9,10,11,12,16,18,24,27,80,89,95,192",20,3.3197610436000814e-05
sel_5,195,5,"1,2,4,16,92",4063,0.0067440945600735656
sel_5,196,5,"2,3,4,14,17",4411,0.0073217329816599799
sel_5,197,5,"1,2,6,7,22",1471,0.0024416842475678603
sel_5,198,5,"1,2,4,6,65",2978,0.0049431241939205213
sel_5,199,9,"1,2,4,9,10,12,18,19,39",2134,0.0035421850335212871
sel_5,200,6,"1,2,6,49,70,585",2404,0.0039903527744072978
sel_5,201,7,"1,2,4,7,11,14,16",2363,0.0039222976730134964
sel_5,202,5,"1,2,4,23,38",8252,0.013697334065893936
sel_5,203,6,"1,2,11,36,70,72",1399,0.0023221728499982571
sel_5,204,5,"1,2,204,373,498",5240,0.0086977739342322148
sel_5,205,6,"1,2,4,7,29,72",11030,0.018308482155454449
sel_5,206,5,"1,5,8,159,491",1525,0.0025313177957450622
sel_5,207,5,"2,11,36,70,91",1663,0.0027603813077534678
sel_5,208,6,"2,3,20,23,39,498",1533,0.0025445968399194626
sel_5,209,6,"1,2,3,4,14,788",1527,0.0025346375567886622
sel_5,210,6,"1,2,3,8,12,23",4420,0.0073366719063561806
sel_5,211,5,"1,2,4,7,11",29771,0.049416303014509014
sel_5,212,8,"1,2,3,4,9,16,26,38",1611,0.0026740675206198658
sel_5,213,6,"1,3,7,16,17,27",2407,0.003995332415972698
sel_5,214,5,"1,2,3,37,49",1622,0.0026923262063596664
sel_5,215,5,"1,2,6,14,70",3342,0.0055473207038557364
sel_5,216,6,"1,4,11,16,26,72",1565,0.0025977130166170638
sel_5,217,5,"1,57,70,87,166",1761,0.0029230495988898718
sel_5,218,5,"1,3,12,16,29",1702,0.0028251166481036696
sel_5,219,7,"1,2,3,4,12,16,38",2759,0.0045796103596463123
sel_5,220,8,"1,2,4,6,11,36,72,91",1388,0.0023039141642584569
sel_5,221,6,"1,5,8,30,31,81",2138,0.0035488245556084875
sel_5,222,7,"1,2,4,7,10,12,18",6111,0.010143529868720049
sel_5,223,5,"1,2,4,7,11",29771,0.049416303014509014
sel_5,224,5,"3,4,11,21,29",2661,0.0044169420685099088
sel_5,225,6,"2,4,8,9,12,23",2598,0.0043123695956365062
sel_5,226,5,"1,2,7,45,48",4164,0.0069117424927753702
sel_5,227,6,"1,2,4,5,31,101",1585,0.0026309106270530646
sel_5,228,5,"1,6,7,29,49",1206,0.0020018159092908493
sel_5,229,5,"1,2,10,131,271",5317,0.0088255847344108178
sel_5,230,7,"1,2,23,57,87,166,521",2340,0.0038841204210120954
sel_5,231,5,"1,2,10,18,38",4850,0.0080504205307301985
sel_5,232,5,"1,2,8,11,14",5860,0.0097268998577482394
sel_5,233,8,"2,6,70,78,87,92,98,204",1660,0.0027554016661880676
sel_5,234,5,"1,3,6,16,70",1761,0.0029230495988898718
sel_5,235,5,"1,2,4,6,36",2136,0.0035455047945648871
sel_5,236,9,"1,2,3,4,7,11,26,36,49",792,0.0013146253732656324
sel_5,237,7,"1,3,4,7,9,23,43",1419,0.0023553704604342579
sel_5,238,5,"1,2,3,4,17",15640,0.025960531360952638
sel_5,239,6,"1,2,27,80,91,95",4292,0.007124207199565775
sel_5,240,5,"2,3,7,11,49",3467,0.0057548057690807418
sel_5,241,5,"1,2,5,96,202",2768,0.0045945492843425129
sel_5,242,5,"1,2,4,7,11",29771,0.049416303014509014
sel_5,243,7,"2,9,11,24,27,95,192",2635,0.0043737851749431076
sel_5,244,6,"2,11,24,72,80,192",1664,0.002762041188275268
sel_5,245,5,"1,2,4,7,11",29771,0.049416303014509014
sel_5,246,1,1,582582,0.9670165141513114
sel_5,247,5,"1,2,21,24,95",3959,0.0065714669858063617
sel_5,248,6,"1,2,23,57,521,535",1926,0.0031969298849868787
sel_5,249,8,"1,2,3,4,7,11,36,49",1571,0.0026076722997478642
sel_5,250,7,"1,2,4,11,12,16,29",1471,0.0024416842475678603
sel_5,251,5,"1,3,12,16,18",2867,0.0047588774560007171
sel_5,252,5,"1,7,12,21,95",1400,0.0023238327305200573
sel_5,253,6,"1,2,3,9,14,16",5633,0.0093501069792996296
sel_5,254,6,"2,3,4,9,11,16",5625,0.0093368279351252297
sel_5,255,5,"1,2,10,90,118",4673,0.0077566216783715907
sel_5,256,5,"2,4,11,49,72",3154,0.0052352631657573284
sel_5,257,5,"1,2,6,70,585",5273,0.0087525499914516153
sel_5,258,5,"1,2,4,7,11",29771,0.049416303014509014
sel_5,259,5,"1,2,3,9,27",8841,0.014675003693234162
sel_5,260,5,"1,2,12,16,70",2333,0.0038725012573594952
sel_5,261,7,"1,2,6,48,52,70,585",1931,0.0032052292875958789
sel_5,262,1,1,582582,0.9670165141513114
sel_5,263,6,"1,2,3,17,26,27",3740,0.0062079531515321527
sel_5,264,9,"1,2,4,7,9,21,29,43,72",1436,0.0023835884293048584
sel_5,265,5,"1,2,4,7,11",29771,0.049416303014509014
sel_5,266,6,"1,2,4,6,12,16",4227,0.0070163149656487728
sel_5,267,7,"1,2,3,7,9,11,12",2779,0.0046128079700823131
sel_5,268,5,"1,2,9,11,95",6266,0.010400811349599056
sel_5,269,7,"4,7,11,12,21,45,167",1361,0.0022590973901698555
sel_5,270,6,"1,4,6,23,38,48",2094,0.0034757898126492855
sel_5,271,5,"1,4,18,19,39",2147,0.0035637634803046877
sel_5,272,6,"1,2,4,11,49,72",3154,0.0052352631657573284
sel_5,273,5,"1,2,23,57,521",5570,0.009245534506426227
sel_5,274,5,"6,11,36,70,72",1399,0.0023221728499982571
sel_5,275,5,"1,2,7,42,49",1558,0.0025860938529644636
sel_5,276,5,"1,2,4,11,91",10555,0.017520038907599431
sel_5,277,6,"1,9,24,27,80,91",1581,0.0026242711049658646
sel_5,278,6,"2,3,9,12,19,37",2143,0.0035571239582174877
sel_5,279,5,"2,9,12,16,66",1445,0.0023985273540010591
sel_5,280,6,"1,2,3,14,26,299",2514,0.004172939631805303
sel_5,281,5,"1,2,4,7,11",29771,0.049416303014509014
sel_5,282,6,"1,3,4,9,27,38",3088,0.0051257110513185265
sel_5,283,5,"1,2,3,9,42",3633,0.0060303459356995485
sel_5,284,5,"3,10,16,18,24",2036,0.0033795167423848831
sel_5,285,9,"1,2,4,6,11,36,70,72,91",1382,0.0022939548811276565
sel_5,286,5,"1,2,26,36,80",1473,0.0024450040086114603
sel_5,287,5,"1,2,7,21,48",6126,0.01016842807654705
sel_5,288,5,"1,7,12,17,90",2379,0.0039488557613622972
sel_5,289,1,1,582582,0.9670165141513114
sel_5,290,6,"1,2,5,8,210,233",2357,0.003912338389882696
sel_5,291,5,"1,9,11,24,80",4340,0.0072038814646121774
sel_5,292,6,"1,2,7,11,27,95",1424,0.0023636698630432581
sel_5,293,6,"2,3,4,10,14,788",1525,0.0025313177957450622
sel_5,294,5,"1,2,4,7,11",29771,0.049416303014509014
sel_5,295,6,"1,3,7,9,12,19",2402,0.0039870330133636982
sel_5,296,5,"1,2,4,7,11",29771,0.049416303014509014
sel_5,297,6,"1,2,4,9,16,17",7472,0.012402627258889905
sel_5,298,5,"2,3,4,9,17",9182,0.015241022951167974
sel_5,299,6,"1,2,6,11,36,72",1488,0.0024699022164384609
sel_5,300,5,"1,2,9,14,16",6637,0.01101662702318687
sel_5,301,5,"2,6,36,72,91",1433,0.0023786087877394587
sel_5,302,6,"2,3,4,9,14,16",3216,0.0053381757581089312
sel_5,303,8,"1,2,11,24,27,72,80,95",1773,0.0029429681651514726
sel_5,304,5,"1,2,4,7,18",8535,0.014167080253563348
sel_5,305,6,"1,2,6,70,87,204",3325,0.0055191027349851358
sel_5,306,6,"1,2,3,12,16,38",4140,0.0068719053602521694
sel_5,307,5,"1,3,9,21,29",1643,0.002727183697317467
sel_5,308,5,"1,4,11,42,72",2811,0.0046659241467799147
sel_5,309,7,"1,2,3,7,9,26,36",1361,0.0022590973901698555
sel_5,310,5,"1,2,4,11,42",5937,0.0098547106579268424
sel_5,311,5,"1,2,6,70,78",5321,0.0088322242564980169
sel_5,312,5,"1,2,4,7,12",20376,0.033821725512197635
sel_5,313,6,"1,2,4,7,12,16",8095,0.01343673282397133
sel_5,314,8,"1,4,7,9,10,12,19,118",1511,0.0025080794684398619
sel_5,315,5,"1,2,4,12,16",13402,0.022245718753164147
sel_5,316,6,"1,2,3,4,16,26",7958,0.013209329192484725
sel_5,317,6,"1,2,3,4,14,17",4411,0.0073217329816599799
sel_5,318,5,"1,2,7,72,137",5211,0.0086496373991000134
sel_5,319,5,"1,2,4,7,11",29771,0.049416303014509014
sel_5,320,7,"1,4,6,23,38,48,52",2069,0.0034342927996042845
sel_5,321,5,"1,2,12,16,190",3615,0.0060004680863071473
sel_5,322,6,"1,4,7,9,10,19",4151,0.0068901640459919696
sel_5,323,7,"1,4,7,9,11,43,72",1813,0.0030093633860234742
sel_5,324,7,"1,2,20,23,57,92,204",1257,0.0020864698159026515
sel_5,325,5,"1,2,4,7,11",29771,0.049416303014509014
sel_5,326,7,"1,2,4,7,29,42,72",2329,0.0038658617352722953
sel_5,327,5,"4,7,11,29,72",7898,0.013109736361176723
sel_5,328,6,"2,4,7,12,21,45",1865,0.0030956771731570762
sel_5,329,5,"4,9,21,24,38",1985,0.0032948628357730809
sel_5,330,6,"1,11,16,26,36,91",1621,0.0026906663258378662
sel_5,331,5,"2,4,7,38,72",2208,0.0036650161921344903
sel_5,332,5,"1,4,6,12,16",4227,0.0070163149656487728
sel_5,333,7,"1,2,4,9,16,26,38",1651,0.0027404627414918674
sel_5,334,5,"1,2,4,7,11",29771,0.049416303014509014
sel_5,335,8,"1,2,3,4,9,14,16,17",1918,0.0031836508408124783
sel_5,336,5,"2,3,11,21,29",2666,0.0044252414711189085
sel_5,337,5,"1,2,4,9,11",15129,0.025112332414312818
sel_5,338,5,"1,2,57,107,175",2017,0.0033479790124706825
sel_5,339,7,"1,2,4,10,14,38,788",1626,0.0026989657284468664
sel_5,340,5,"2,10,49,53,95",728,0.0012083930198704298
sel_5,341,9,"1,2,6,23,70,78,87,204,521",1466,0.0024333848449588601
sel_5,342,5,"1,2,4,7,11",29771,0.049416303014509014
sel_5,343,6,"1,2,3,4,26,36",3204,0.0053182571918473304
sel_5,344,5,"1,2,4,11,36",16637,0.027615432241187281
sel_5,345,7,"1,2,4,7,21,29,72",4257,0.007066111381302774
sel_5,346,6,"1,2,20,87,98,166",2740,0.0045480726297321122
sel_5,347,5,"1,2,12,23,29",1759,0.0029197298378462718
sel_5,348,6,"1,2,6,70,92,98",3508,0.0058228608704745432
sel_5,349,5,"1,2,7,9,43",5773,0.0095824902523516352
sel_5,350,6,"1,2,4,5,8,30",3147,0.0052236440021047282
sel_5,351,6,"1,2,3,12,16,23",3881,0.006441996305105958
sel_5,352,6,"1,2,3,4,16,70",1406,0.0023337920136508573
sel_5,353,5,"2,3,4,14,16",6145,0.01019996580646125
sel_5,354,5,"1,7,11,36,91",4098,0.0068021903783365674
sel_5,355,5,"1,2,4,7,11",29771,0.049416303014509014
sel_5,356,7,"1,2,4,5,8,14,28",1896,0.0031471334693328776
sel_5,357,5,"2,7,10,12,72",2206,0.0036616964310908903
sel_5,358,6,"1,2,6,20,91,98",1564,0.002596053136095264
sel_5,359,7,"1,2,3,4,20,98,396",1978,0.0032832436721204807
sel_5,360,6,"1,2,3,4,6,12",6032,0.010012399307497847
sel_5,361,6,"1,2,4,12,16,18",2703,0.0044866570504255108
sel_5,362,1,1,582582,0.9670165141513114
sel_5,363,8,"1,2,3,4,6,12,16,190",1846,0.0030641394432428756
sel_5,364,6,"1,2,4,14,38,788",1627,0.0027006256089686666
sel_5,365,5,"1,2,3,9,16",25747,0.042736943794785653
sel_5,366,5,"1,2,4,7,11",29771,0.049416303014509014
sel_5,367,5,"2,9,21,38,167",2185,0.0036268389401330893
sel_5,368,5,"1,2,4,11,72",18035,0.029935945210663735
sel_5,369,5,"2,3,4,7,9",11744,0.01949363684801968
sel_5,370,6,"2,3,4,10,12,16",3690,0.0061249591254421507
sel_5,371,5,"2,24,80,91,95",4925,0.0081749115698652019
sel_5,372,5,"1,3,4,6,7",3179,0.0052767601788023298
sel_5,373,6,"1,2,3,9,19,37",3350,0.0055605997480301364
sel_5,374,5,"2,3,4,9,16",16517,0.027416246578571276
sel_5,375,6,"1,2,9,24,27,38",1844,0.0030608196821992751
sel_5,376,6,"1,2,3,7,11,36",4942,0.0082031295387358025
sel_5,377,6,"2,4,7,9,21,24",1960,0.0032533658227280799
sel_5,378,8,"1,2,4,6,11,36,70,72",1399,0.0023221728499982571
sel_5,379,5,"1,2,5,70,98",1520,0.002523018393136062
sel_5,380,6,"1,16,17,23,26,27",1436,0.0023835884293048584
sel_5,381,6,"1,2,4,6,23,38",3509,0.0058245207509963429
sel_5,382,7,"1,2,4,7,11,12,23",3611,0.0059938285642199473
sel_5,383,6,"2,5,6,20,23,114",2168,0.0035986209712624887
sel_5,384,6,"1,2,3,4,16,17",10526,0.017471902372467228
sel_5,385,5,"1,2,7,49,67",2507,0.004161320468152702
sel_5,386,7,"1,2,3,4,16,299,498",1706,0.0028317561701908696
sel_5,387,5,"8,9,12,23,38",1600,0.0026558088348800652
sel_5,388,7,"1,2,4,6,38,48,52",2098,0.0034824293347364855
sel_5,389,7,"1,2,6,48,49,52,585",1416,0.0023503908188688576
sel_5,390,5,"1,2,20,92,194",1793,0.0029761657755874734
sel_5,391,6,"1,2,3,4,11,29",4562,0.0075723749404517865
sel_5,392,5,"1,2,20,98,498",8197,0.013606040637194936
sel_5,393,1,1,582582,0.9670165141513114
sel_5,394,5,"2,4,10,14,38",1870,0.0031039765757660764
sel_5,395,1,1,582582,0.9670165141513114
sel_5,396,1,1,582582,0.9670165141513114
sel_5,397,5,"2,3,4,12,190",2008,0.0033330400877744819
sel_5,398,5,"1,2,10,18,30",5800,0.009627307026440237
sel_5,399,5,"1,2,4,7,11",29771,0.049416303014509014
sel_5,400,5,"1,2,10,18,37",1853,0.0030757586068954758
sel_5,401,5,"1,2,4,7,11",29771,0.049416303014509014
sel_5,402,6,"2,3,7,9,11,16",3533,0.0058643578835195446
sel_5,403,6,"1,3,4,11,26,49",1690,0.0028051980818420692
sel_5,404,7,"1,2,13,19,38,66,72",2029,0.0033678975787322829
sel_5,405,5,"1,2,4,7,11",29771,0.049416303014509014
sel_5,406,5,"2,7,12,23,522",1854,0.0030774184874172755
sel_5,407,5,"4,7,38,45,167",1929,0.003201909526552279
sel_5,408,7,"1,2,3,4,39,102,498",2012,0.0033396796098616823
sel_5,409,5,"1,2,4,7,11",29771,0.049416303014509014
sel_5,410,7,"1,2,11,27,72,80,95",1814,0.003011023266545274
sel_5,411,5,"1,2,8,14,16",5158,0.0085616637314446103
sel_5,412,7,"1,2,4,6,12,38,70",1772,0.0029413082846296724
sel_5,413,5,"1,2,4,7,11",29771,0.049416303014509014
sel_5,414,5,"2,3,4,6,12",6032,0.010012399307497847
sel_5,415,6,"1,2,163,204,373,498",1854,0.0030774184874172755
sel_5,416,7,"1,2,4,8,9,12,23",2598,0.0043123695956365062
sel_5,417,5,"2,4,11,24,67",1562,0.0025927333750516636
sel_5,418,6,"1,4,7,11,42,72",2580,0.004282491746244105
sel_5,419,5,"1,2,4,42,72",4626,0.0076786072938469889
sel_5,420,5,"1,2,4,7,11",29771,0.049416303014509014
sel_5,421,5,"1,3,4,10,788",2627,0.0043605061307687076
sel_5,422,1,1,582582,0.9670165141513114
sel_5,423,8,"1,2,3,4,7,11,16,26",3032,0.0050327577420977241
sel_5,424,5,"1,2,4,7,11",29771,0.049416303014509014
sel_5,425,5,"2,3,4,16,190",1912,0.0031736915576816779
sel_5,426,6,"1,2,3,10,12,38",1925,0.0031952700044650785
sel_5,427,5,"1,2,4,7,11",29771,0.049416303014509014
sel_5,428,5,"1,2,8,23,35",1461,0.0024250854423498599
sel_5,429,5,"1,3,4,7,36",5225,0.0086728757264052138
sel_5,430,7,"1,2,4,11,36,67,91",2351,0.003902379106751896
sel_5,431,6,"1,2,4,6,7,29",3394,0.0056336344909893388
sel_5,432,8,"2,8,9,12,13,19,38,66",1485,0.0024649225748730606
sel_5,433,7,"1,2,3,4,14,299,498",1776,0.0029479478067168724
sel_5,434,5,"1,2,4,7,11",29771,0.049416303014509014
sel_5,435,5,"3,7,9,12,72",2060,0.0034193538749080843
sel_5,436,5,"1,2,4,7,72",18468,0.030654673476603153
sel_5,437,5,"1,2,7,12,37",1874,0.0031106160978532763
sel_5,438,1,1,582582,0.9670165141513114
sel_5,439,7,"1,6,9,11,24,72,95",1882,0.0031238951420276767
sel_5,440,5,"1,2,4,29,72",11093,0.018413054628327853
sel_5,441,5,"1,2,5,34,42",2042,0.0033894760255156835
sel_5,442,5,"1,2,11,36,91",7259,0.012049072707746496
sel_5,443,6,"1,4,7,21,29,72",4257,0.007066111381302774
sel_5,444,9,"1,2,3,12,23,39,83,163,498",1496,0.0024831812606128613
sel_5,445,5,"1,2,3,12,23",13249,0.02199175703332874
sel_5,446,6,"2,4,11,12,21,29",1445,0.0023985273540010591
sel_5,447,5,"20,87,92,98,166",2460,0.0040833060836281002
sel_5,448,5,"9,16,26,299,498",1388,0.0023039141642584569
sel_5,449,7,"1,2,4,5,8,42,81",1835,0.003045880757503075
sel_5,450,5,"2,6,12,16,190",3461,0.0057448464859499414
sel_5,451,7,"1,3,20,23,98,498,522",1537,0.0025512363620066626
sel_5,452,6,"1,2,11,36,80,91",2198,0.0036484173869164899
sel_5,453,5,"1,2,3,38,52",1800,0.0029877849392400736
sel_5,454,5,"2,39,204,373,498",1839,0.003052520279590275
sel_5,455,6,"2,3,4,9,23,92",2288,0.0037978066338784935
sel_5,456,1,1,582582,0.9670165141513114
sel_5,457,5,"1,2,9,19,38",7519,0.012480641643414506
sel_5,458,6,"1,2,4,7,11,42",4047,0.0067175364717247657
sel_5,459,5,"2,5,6,8,114",1638,0.0027188842947084668
sel_5,460,6,"1,2,4,29,42,72",2352,0.0039040389872736963
sel_5,461,7,"1,2,3,4,10,14,788",1525,0.0025313177957450622
sel_5,462,5,"1,2,4,7,11",29771,0.049416303014509014
sel_5,463,6,"1,2,3,7,11,29",4573,0.0075906336261915867
sel_5,464,5,"3,9,11,24,95",2418,0.004013591101712499
sel_5,465,5,"1,2,4,7,9",18204,0.030216465018847942
sel_5,466,6,"3,4,10,12,16,18",1924,0.0031936101239432788
sel_5,467,5,"2,7,11,21,36",2822,0.0046841828325197149
sel_5,468,6,"1,2,4,23,38,39",1700,0.0028217968870600696
sel_5,469,7,"1,2,3,4,7,29,72",4187,0.0069499197447767712
sel_5,470,5,"1,2,18,131,232",2211,0.0036699958336998905
sel_5,471,5,"2,3,4,16,17",10526,0.017471902372467228
sel_5,472,5,"1,2,49,70,585",2405,0.0039920126549290984
sel_5,473,5,"1,2,4,18,126",1929,0.003201909526552279
sel_5,474,7,"1,2,24,27,80,91,95",3666,0.0060851219929189499
sel_5,475,5,"1,2,4,10,39",4679,0.0077665809615023911
sel_5,476,1,1,582582,0.9670165141513114
sel_5,477,9,"1,2,3,4,9,11,16,26,36",1904,0.003160412513507278
sel_5,478,9,"1,2,6,9,11,24,27,72,80",1756,0.0029147501962808716
sel_5,479,5,"2,4,11,12,45",1932,0.0032068891681176787
sel_5,480,6,"1,3,9,19,37,38",1821,0.0030226424301978741
sel_5,481,5,"2,3,23,98,522",2177,0.0036135598959586889
sel_5,482,5,"1,2,31,37,70",2634,0.0043721252944213078
sel_5,483,5,"1,2,80,91,95",7167,0.011896363699740892
sel_5,484,5,"1,2,4,17,28",1828,0.0030342615938504748
sel_5,485,8,"1,2,3,4,7,11,26,49",1350,0.0022408387044300553
sel_5,486,5,"1,2,4,7,11",29771,0.049416303014509014
sel_5,487,6,"1,2,4,11,14,213",20,3.3197610436000814e-05
sel_5,488,5,"1,4,11,29,72",7917,0.013141274091090923
sel_5,489,5,"1,5,6,20,23",3133,0.0052004056747995278
sel_5,490,5,"1,12,14,16,24",1377,0.0022856554785186563
sel_5,491,5,"1,2,9,14,23",2952,0.0048999673003537209
sel_5,492,5,"3,8,9,12,23",2560,0.0042492941358081042
sel_5,493,5,"1,2,4,7,11",29771,0.049416303014509014
sel_5,494,1,1,582582,0.9670165141513114
sel_5,495,5,"1,20,23,396,522",2171,0.0036036006128278885
sel_5,496,6,"1,4,7,9,21,72",3248,0.0053912919348065328
sel_5,497,8,"1,2,4,6,23,38,48,52",2069,0.0034342927996042845
sel_5,498,8,"1,2,7,9,10,12,18,39",2287,0.0037961467533566932
sel_5,499,10,"1,2,6,23,57,70,87,166,204,521",1739,0.002886532227410271
sel_5,500,5,"1,2,3,11,12",7327,0.012161944583228898
sel_5,501,5,"2,4,6,7,29",3395,0.0056352943715111386
sel_5,502,6,"1,2,3,4,7,37",2198,0.0036484173869164899
sel_5,503,6,"1,2,3,4,6,14",2498,0.0041463815434565022
sel_5,504,5,"1,4,7,29,72",11030,0.018308482155454449
sel_5,505,5,"2,7,42,72,137",2794,0.0046377061779093141
sel_5,506,5,"1,2,6,12,70",6592,0.010941932399705869
sel_5,507,5,"3,4,16,19,126",2304,0.0038243647222272943
sel_5,508,6,"2,3,4,9,13,17",2938,0.0048767289730485197
sel_5,509,5,"2,4,7,16,29",3459,0.005741526724906341
sel_5,510,5,"1,2,18,80,89",1670,0.002772000471406068
sel_5,511,6,"1,2,4,16,23,38",2214,0.0036749754752652903
sel_5,512,6,"1,2,3,12,37,38",3634,0.0060320058162213483
sel_5,513,6,"1,2,7,42,72,137",2794,0.0046377061779093141
sel_5,514,5,"1,4,7,9,23",4018,0.0066693999365925643
sel_5,515,1,1,582582,0.9670165141513114
sel_5,516,6,"2,3,6,12,16,70",1651,0.0027404627414918674
sel_5,517,6,"2,3,4,17,26,92",1502,0.0024931405437436612
sel_5,518,5,"2,4,17,26,498",1737,0.002883212466366671
sel_5,519,5,"1,2,3,9,38",11913,0.019774156656203887
sel_5,520,7,"1,2,3,4,7,9,43",3007,0.0049912607290527227
sel_5,521,5,"1,2,4,6,49",4389,0.0072852156101803796
sel_5,522,9,"1,2,3,4,7,9,11,16,26",2182,0.0036218592985676891
sel_5,523,6,"2,3,9,10,16,24",1774,0.0029446280456732724
sel_5,524,6,"2,4,9,21,43,72",1736,0.0028815525858448708
sel_5,525,6,"1,2,14,16,299,498",2274,0.0037745683065732926
sel_5,526,5,"1,2,4,7,11",29771,0.049416303014509014
sel_5,527,7,"1,2,3,4,14,16,23",2069,0.0034342927996042845
sel_5,528,6,"1,4,7,11,29,72",7898,0.013109736361176723
sel_5,529,5,"1,2,46,79,154",5564,0.0092355752232954266
sel_5,530,6,"1,2,3,6,12,14",1877,0.0031155957394186765
sel_5,531,5,"2,4,14,38,788",1627,0.0027006256089686666
sel_5,532,5,"4,7,24,45,95",3765,0.0062494501645771541
sel_5,533,5,"1,2,8,12,24",2906,0.0048236127963509189
sel_5,534,5,"1,4,7,11,29",10754,0.01785035513143764
sel_5,535,5,"1,2,8,9,12",8822,0.01464346596331996
sel_5,536,1,1,582582,0.9670165141513114
sel_5,537,6,"2,4,7,9,11,49",2164,0.0035919814491752883
sel_5,538,5,"1,3,4,16,23",5620,0.0093285285325162299
sel_5,539,6,"1,3,4,17,23,27",3523,0.0058477590783015442
sel_5,540,5,"2,4,6,12,38",2866,0.0047572175754789173
sel_5,541,5,"2,8,9,10,19",2033,0.0033745371008194829
sel_5,542,5,"1,2,7,49,70",1680,0.0027885992766240688
sel_5,543,5,"1,2,7,14,72",2456,0.0040766665615409002
sel_5,544,6,"1,2,3,9,16,17",8025,0.013320541187445328
sel_5,545,5,"1,4,6,12,38",2866,0.0047572175754789173
sel_5,546,5,"1,2,10,18,788",1801,0.0029894448197618734
sel_5,547,5,"1,2,6,48,52",5330,0.0088471631811942175
sel_5,548,5,"1,2,4,7,11",29771,0.049416303014509014
sel_5,549,6,"1,2,4,9,16,92",2920,0.0048468511236561193
sel_5,550,5,"1,4,11,36,72",6100,0.010125271182980249
sel_5,551,5,"1,2,7,27,167",1661,0.0027570615467098678
sel_5,552,5,"1,2,3,7,9",14651,0.024318909524892397
sel_5,553,5,"2,3,12,102,373",770,0.0012781080017860314
sel_5,554,5,"1,3,4,16,17",10526,0.017471902372467228
sel_5,555,5,"1,7,11,29,72",7941,0.013181111223614124
sel_5,556,6,"1,3,4,14,17,26",2062,0.0034226736359516843
sel_5,557,8,"1,2,3,4,11,21,29,72",2325,0.0038592222131850948
sel_5,558,5,"2,4,6,70,72",2425,0.0040252102653650992
sel_5,559,6,"2,4,9,14,16,17",1974,0.0032766041500332807
sel_5,560,5,"1,2,4,7,11",29771,0.049416303014509014
sel_5,561,1,1,582582,0.9670165141513114
sel_5,562,5,"1,2,4,7,11",29771,0.049416303014509014
sel_5,563,5,"1,2,39,373,498",1840,0.0030541801601120752
sel_5,564,5,"1,2,4,23,48",3826,0.0063507028764069563
sel_5,565,6,"1,11,27,72,95,103",1755,0.0029130903157590718
sel_5,566,5,"1,2,6,52,70",3381,0.0056120560442059382
sel_5,567,6,"1,2,3,9,19,66",2964,0.0049198858666153209
sel_5,568,5,"2,13,19,38,66",2083,0.0034575311269094849
sel_5,569,6,"1,2,4,9,10,38",2011,0.0033380197293398821
sel_5,570,5,"2,4,11,36,72",6100,0.010125271182980249
sel_5,571,5,"1,2,10,39,788",1848,0.0030674592042864756
sel_5,572,5,"2,6,23,38,48",2114,0.0035089874230852863
sel_5,573,5,"1,2,3,9,126",5286,0.0087741284382350151
sel_5,574,5,"1,9,12,17,19",2497,0.0041447216629347016
sel_5,575,5,"2,3,9,12,23",3916,0.0065000921233689599
sel_5,576,6,"1,23,78,87,166,204",1475,0.0024483237696550602
sel_5,577,5,"1,2,7,29,72",11951,0.019837232116032288
sel_5,578,17,"1,2,3,4,7,8,12,16,17,21,23,27,38,39,92,160,522",20,3.3197610436000814e-05
sel_5,579,8,"1,2,4,6,12,23,38,70",1716,0.00284835497540887
sel_5,580,5,"1,2,4,7,11",29771,0.049416303014509014
sel_5,581,5,"2,7,18,34,284",1586,0.0026325705075748648
sel_5,582,6,"1,2,3,9,10,19",3612,0.0059954884447417471
sel_5,583,5,"1,3,12,23,27",1949,0.0032351071369882797
sel_5,584,5,"1,2,3,9,14",8882,0.014743058794627962
sel_5,585,5,"1,4,11,36,91",7066,0.011728715767039089
sel_5,586,1,1,582582,0.9670165141513114
sel_5,587,6,"2,3,14,16,26,299",2273,0.0037729084260514929
sel_5,588,5,"1,2,5,14,42",3336,0.005537361420724936
sel_5,589,5,"1,2,8,12,16",7349,0.0121984619547085
sel_5,590,6,"1,2,3,6,12,190",3415,0.0056684919819471394
sel_5,591,5,"1,2,3,7,52",1831,0.003039241235415875
sel_5,592,5,"1,3,4,14,23",4260,0.0070710910228681742
sel_5,593,6,"1,2,4,9,42,72",1426,0.002366989624086858
sel_5,594,7,"1,2,3,4,12,14,23",2556,0.0042426546137209042
sel_5,595,8,"1,2,11,24,27,80,91,95",1760,0.002921389718368072
sel_5,596,5,"1,2,9,19,231",1623,0.0026939860868814662
sel_5,597,6,"1,2,4,5,8,271",4886,0.0081101762295149992
sel_5,598,7,"1,2,4,11,36,49,72",1426,0.002366989624086858
sel_5,599,5,"2,4,11,36,91",7066,0.011728715767039089
sel_5,600,5,"1,2,7,10,18",12782,0.02121659282964812
sel_5,601,6,"1,2,4,12,17,118",2506,0.0041596605876309022
sel_5,602,5,"1,2,4,11,118",1557,0.0025844339724426634
sel_5,603,6,"2,6,48,49,52,70",2346,0.0038940797041428958
sel_5,604,5,"1,2,3,7,39",4005,0.0066478214898091637
sel_5,605,5,"1,3,6,12,16",6215,0.010316157442987254
sel_5,606,5,"4,6,36,70,91",1694,0.0028118376039292692
sel_5,607,6,"2,11,27,72,80,103",1865,0.0030956771731570762
sel_5,608,5,"1,2,7,12,40",1550,0.0025728148087900632
sel_5,609,5,"2,3,4,10,38",2390,0.0039671144471020974
sel_5,610,7,"1,2,9,10,18,39,118",1473,0.0024450040086114603
sel_5,611,6,"1,2,3,4,7,11",14800,0.024566231722640604
sel_5,612,5,"1,4,7,67,80",1646,0.0027321633388828672
sel_5,613,6,"1,2,4,7,11,12",10066,0.016708357332439212
sel_5,614,5,"1,2,3,16,47",1905,0.0031620723940290777
sel_5,615,5,"1,2,3,12,190",3562,0.0059124944186517451
sel_5,616,5,"1,2,48,49,52",2979,0.0049447840744423219
sel_5,617,7,"1,2,9,13,19,66,72",2638,0.0043787648165085078
sel_5,618,5,"1,2,4,7,16",14549,0.024149601711668793
sel_5,619,6,"1,2,4,204,373,498",1712,0.00284171545332167
sel_5,620,6,"2,3,4,9,16,17",7305,0.012125427211749298
sel_5,621,1,1,582582,0.9670165141513114
sel_5,622,6,"1,4,7,29,42,72",2329,0.0038658617352722953
sel_5,623,7,"1,2,6,11,24,27,103",2408,0.0039969922964944987
sel_5,624,6,"1,2,7,11,29,72",7941,0.013181111223614124
sel_5,625,5,"1,3,9,16,17",8025,0.013320541187445328
sel_5,626,5,"1,2,4,9,682",20,3.3197610436000814e-05
sel_5,627,5,"1,2,4,7,11",29771,0.049416303014509014
sel_5,628,5,"4,7,11,72,167",2529,0.0041978378396323032
sel_5,629,5,"1,3,4,16,70",1406,0.0023337920136508573
sel_5,630,6,"1,2,5,31,42,81",1834,0.0030442208769812748
sel_5,631,5,"1,2,4,7,11",29771,0.049416303014509014
sel_5,632,1,1,582582,0.9670165141513114
sel_5,633,5,"1,2,3,27,37",3119,0.0051771673474943275
sel_5,634,6,"1,2,11,24,27,103",4189,0.0069532395058203708
sel_5,635,5,"1,7,42,72,137",2794,0.0046377061779093141
sel_5,636,6,"1,2,3,6,16,190",3278,0.005441088350460534
sel_5,637,6,"1,2,9,27,72,80",2527,0.0041945180785887028
sel_5,638,5,"1,7,10,18,180",2682,0.0044517995594677093
sel_5,639,5,"1,2,4,49,52",1843,0.0030591598016774754
sel_5,640,5,"1,2,3,23,522",5230,0.0086811751290142136
sel_5,641,5,"1,2,9,13,16",6821,0.011322045039198078
sel_5,642,6,"1,2,6,12,16,70",2297,0.0038127455585746936
sel_5,643,5,"2,9,12,14,16",1405,0.0023321321331290575
sel_5,644,5,"1,2,5,20,194",2982,0.0049497637160077221
sel_5,645,5,"1,2,6,12,16",8016,0.013305602262749128
sel_5,646,6,"1,12,20,98,396,522",1555,0.0025811142113990634
sel_5,647,5,"1,2,4,7,19",5696,0.0094546794521730322
sel_5,648,5,"1,2,3,4,9",25112,0.041682919663442626
sel_5,649,7,"1,2,3,4,7,23,26",2514,0.004172939631805303
sel_5,650,5,"1,2,3,4,92",5827,0.0096721238005288371
sel_5,651,5,"1,2,3,6,13",3222,0.0053481350412397316
sel_5,652,5,"1,2,4,49,72",3675,0.0061000609176151497
sel_5,653,5,"1,2,4,7,11",29771,0.049416303014509014
sel_5,654,6,"3,4,6,12,16,190",1846,0.0030641394432428756
sel_5,655,1,1,582582,0.9670165141513114
sel_5,656,6,"1,2,4,7,16,67",2126,0.0035289059893468867
sel_5,657,5,"2,4,6,23,48",2515,0.0041745995123271028
sel_5,658,7,"2,3,4,6,12,16,190",1846,0.0030641394432428756
sel_5,659,5,"1,6,23,38,48",2114,0.0035089874230852863
sel_5,660,6,"1,3,9,12,37,38",1984,0.0032932029552512811
sel_5,661,7,"1,2,3,7,11,12,498",1727,0.0028666136611486706
sel_5,662,7,"1,2,11,24,27,72,80",2711,0.0044999360945999108
sel_5,663,5,"1,2,6,29,30",1615,0.0026807070427070658
sel_5,664,5,"9,11,27,72,103",2425,0.0040252102653650992
sel_5,665,7,"1,2,4,6,23,48,52",2269,0.0037662689039642924
sel_5,666,7,"1,2,12,98,396,498,522",1431,0.0023752890266958582
sel_5,667,5,"4,7,29,42,72",2329,0.0038658617352722953
sel_5,668,5,"1,2,79,226,498",5209,0.0086463176380564121
sel_5,669,6,"1,2,4,7,12,29",5820,0.0096605046368762378
sel_5,670,5,"1,2,30,31,81",2826,0.0046908223546069158
sel_5,671,7,"2,4,7,11,29,43,72",1477,0.0024516435306986602
sel_5,672,6,"2,6,48,52,70,585",1931,0.0032052292875958789
sel_5,673,5,"1,2,14,38,788",1654,0.0027454423830572676
sel_5,674,5,"1,2,163,204,373",1854,0.0030774184874172755
sel_5,675,5,"1,3,9,14,16",5633,0.0093501069792996296
sel_5,676,7,"1,2,4,6,11,36,72",1422,0.0023603501019996581
sel_5,677,7,"1,2,6,11,70,72,91",2074,0.0034425922022132847
sel_5,678,1,1,582582,0.9670165141513114
sel_5,679,5,"1,2,9,18,40",1473,0.0024450040086114603
sel_5,680,5,"3,4,6,12,14",1665,0.0027637010687970678
sel_5,681,5,"1,2,5,290,11985",1560,0.0025894136140080636
sel_5,682,6,"1,2,4,6,93,252",20,3.3197610436000814e-05
sel_5,683,5,"1,7,29,42,72",2354,0.0039073587483172958
sel_5,684,6,"1,4,7,11,36,67",4090,0.0067889113341621666
sel_5,685,5,"1,2,33,46,87",5337,0.0088587823448468186
sel_5,686,5,"1,2,3,7,91",3517,0.0058377997951707438
sel_5,687,5,"1,2,4,7,11",29771,0.049416303014509014
sel_5,688,6,"1,2,3,6,12,70",2441,0.0040517683537139
sel_5,689,1,1,582582,0.9670165141513114
sel_5,690,5,"1,2,17,20,98",2706,0.0044916366919909101
sel_5,691,11,"1,2,4,7,9,10,12,17,18,19,39",1479,0.0024549632917422602
sel_5,692,6,"1,2,45,49,166,14757",1514,0.0025130591100052616
sel_5,693,6,"1,3,9,16,17,38",2614,0.004338927683985307
sel_5,694,5,"1,4,7,12,72",5016,0.0083259606973490052
sel_5,695,5,"1,4,7,9,36",3019,0.0050111792953143235
sel_5,696,5,"1,2,4,7,11",29771,0.049416303014509014
sel_5,697,5,"1,2,3,4,38",10583,0.017566515562209832
sel_5,698,5,"1,2,8,96,202",3112,0.0051655481838417273
sel_5,699,5,"1,2,45,95,167",4156,0.0068984634486009694
sel_5,700,6,"1,2,4,7,11,36",8873,0.014728119869931762
sel_5,701,7,"1,2,3,4,7,26,49",1400,0.0023238327305200573
sel_5,702,5,"2,11,14,16,23",2973,0.0049348247913115215
sel_5,703,5,"2,4,11,29,72",7917,0.013141274091090923
sel_5,704,5,"1,2,20,92,204",2842,0.0047173804429557157
sel_5,705,5,"1,2,23,46,79",1831,0.003039241235415875
sel_5,706,5,"1,2,4,7,11",29771,0.049416303014509014
sel_5,707,5,"1,2,34,72,137",1558,0.0025860938529644636
sel_5,708,6,"1,2,4,7,10,12",8632,0.014328088664177953
sel_5,709,5,"1,2,4,7,11",29771,0.049416303014509014
sel_5,710,5,"1,15,98,265,273",1950,0.0032367670175100795
sel_5,711,5,"1,2,4,10,14",6545,0.010863918015181268
sel_5,712,5,"1,2,9,95,192",2876,0.0047738163806969177
sel_5,713,5,"2,4,5,30,31",1412,0.0023437512967816577
sel_5,714,5,"1,163,204,373,498",1854,0.0030774184874172755
sel_5,715,5,"2,9,11,24,27",6702,0.011124519257103874
sel_5,716,5,"1,2,4,7,11",29771,0.049416303014509014
sel_5,717,6,"1,2,3,8,23,31",2413,0.0040052916991034984
sel_5,718,5,"1,2,4,9,26",6895,0.011444876197811281
sel_5,719,5,"1,2,12,37,38",3637,0.0060369854577867485
sel_5,720,5,"1,2,3,14,16",9965,0.016540709399737407
sel_5,721,5,"2,3,23,27,57",2135,0.0035438449140430873
sel_5,722,7,"2,3,4,9,14,16,17",1918,0.0031836508408124783
sel_5,723,6,"4,7,12,18,19,39",2116,0.0035123071841288863
sel_5,724,5,"3,4,17,27,160",3697,0.0061365782890947509
sel_5,725,6,"1,3,7,11,29,72",3483,0.0057813638574295426
sel_5,726,5,"1,4,6,7,11",3460,0.0057431866054281416
sel_5,727,5,"2,6,48,70,585",1943,0.0032251478538574793
sel_5,728,5,"2,4,11,36,80",3327,0.0055224224960287362
sel_5,729,7,"1,2,3,4,17,27,160",3697,0.0061365782890947509
sel_5,730,6,"3,7,9,11,21,72",1791,0.002972846014543873
sel_5,731,5,"1,2,4,7,11",29771,0.049416303014509014
sel_5,732,5,"2,6,49,52,585",1416,0.0023503908188688576
sel_5,733,6,"1,2,11,24,27,95",5783,0.0095990890575696364
sel_5,734,6,"1,2,3,4,9,11",10443,0.017334132289157825
sel_5,735,5,"2,7,12,29,72",3419,0.0056751315040343394
sel_5,736,6,"1,4,11,70,72,91",2073,0.0034409323216914845
sel_5,737,5,"1,3,4,6,12",6032,0.010012399307497847
sel_5,738,6,"1,2,14,26,299,498",2546,0.0042260558085029038
sel_5,739,1,1,582582,0.9670165141513114
sel_5,740,5,"1,2,5,23,31",2194,0.0036417778648292895
sel_5,741,5,"1,2,4,7,29",19765,0.03280753851337781
sel_5,742,6,"1,2,3,4,14,23",4260,0.0070710910228681742
sel_5,743,5,"1,2,4,7,11",29771,0.049416303014509014
sel_5,744,6,"1,2,24,27,80,95",6519,0.010820761121614467
sel_5,745,6,"1,2,3,4,21,72",3578,0.0059390525070005459
sel_5,746,5,"1,2,6,16,70",2435,0.0040418090705830996
sel_5,747,5,"1,2,7,11,21",8919,0.014804474373934564
sel_5,748,7,"1,2,4,11,26,36,91",1679,0.0027869393961022686
sel_5,749,5,"1,13,45,49,116",1987,0.0032981825968166813
sel_5,750,7,"1,2,4,9,14,16,17",1974,0.0032766041500332807
sel_5,751,6,"1,6,11,24,72,103",2100,0.0034857490957800859
sel_5,752,6,"1,3,4,9,14,16",3216,0.0053381757581089312
sel_5,753,5,"1,2,4,7,11",29771,0.049416303014509014
sel_5,754,6,"1,2,7,12,16,25",1573,0.0026109920607914642
sel_5,755,6,"1,2,3,4,17,72",1620,0.002689006445316066
sel_5,756,5,"2,4,6,10,14",2589,0.0042974306709403056
sel_5,757,5,"1,2,8,81,254",1497,0.002484841141134661
sel_5,758,5,"1,2,8,10,140",2550,0.0042326953305901038
sel_5,759,7,"1,2,3,7,11,29,72",3483,0.0057813638574295426
sel_5,760,5,"1,2,4,9,17",10890,0.018076098882402445
sel_5,761,5,"4,7,11,67,80",1511,0.0025080794684398619
sel_5,762,14,"1,2,3,7,9,21,24,36,45,48,67,91,95,205",20,3.3197610436000814e-05
sel_5,763,6,"1,2,15,79,265,273",1363,0.0022624171512134555
sel_5,764,6,"1,2,4,7,36,49",2720,0.0045148750192961114
sel_5,765,5,"2,5,20,98,194",2055,0.0034110544722990841
sel_5,766,6,"1,4,10,14,38,788",1626,0.0026989657284468664
sel_5,767,1,1,582582,0.9670165141513114
sel_5,768,5,"1,3,4,9,17",9182,0.015241022951167974
sel_5,769,5,"1,9,10,19,38",1998,0.0033164412825564815
sel_5,770,5,"1,2,3,5,9",2473,0.0041048845304115008
sel_5,771,6,"1,2,3,4,12,16",10877,0.018054520435619045
sel_5,772,5,"1,2,3,4,10",8505,0.014117283837909347
sel_5,773,5,"1,2,20,98,194",5349,0.0088787009111084177
sel_5,774,6,"1,2,4,7,14,29",1814,0.003011023266545274
sel_5,775,8,"1,4,6,11,36,70,72,91",1382,0.0022939548811276565
sel_5,776,6,"1,2,3,4,9,160",4653,0.0077234240679355899
sel_5,777,7,"1,2,3,14,16,26,299",2273,0.0037729084260514929
sel_5,778,5,"1,2,4,7,11",29771,0.049416303014509014
sel_5,779,5,"1,2,20,98,1499",5240,0.0086977739342322148
sel_5,780,5,"2,6,48,52,70",3276,0.0054377685894169336
sel_5,781,5,"1,7,10,12,18",7063,0.011723736125473689
sel_5,782,1,1,582582,0.9670165141513114
sel_5,783,6,"1,2,3,4,9,16",16517,0.027416246578571276
sel_5,784,6,"1,2,3,4,14,26",3168,0.0052585014930625297
sel_5,785,5,"1,2,20,92,98",5629,0.0093434674572124305
sel_5,786,5,"3,20,23,98,396",2317,0.0038459431690106944
sel_5,787,5,"11,27,80,95,192",2324,0.0038575623326632951
sel_5,788,5,"2,6,23,48,52",2319,0.0038492629300542949
sel_5,789,5,"2,9,80,95,192",2154,0.0035753826439572879
sel_5,790,5,"1,2,3,17,28",1848,0.0030674592042864756
sel_5,791,5,"1,2,6,771,787",1549,0.0025711549282682634
sel_5,792,1,1,582582,0.9670165141513114
sel_5,793,5,"1,2,4,7,11",29771,0.049416303014509014
sel_5,794,8,"1,2,6,23,57,70,166,204",1743,0.002893171749497471
sel_5,795,7,"1,2,8,9,12,23,31",1740,0.0028881921079320712
sel_5,796,7,"1,2,4,9,11,29,72",2656,0.0044086426659009081
sel_5,797,5,"1,2,6,36,70",2098,0.0034824293347364855
sel_5,798,5,"2,7,9,16,26",3418,0.0056734716235125396
sel_5,799,5,"1,5,8,96,182",2045,0.0033944556670810833
sel_5,800,5,"1,2,6,182,693",2804,0.0046543049831273145
sel_5,801,5,"2,11,70,72,91",2074,0.0034425922022132847
sel_5,802,7,"1,2,6,70,87,166,204",3325,0.0055191027349851358
sel_5,803,5,"1,9,10,18,72",2366,0.0039272773145788966
sel_5,804,1,1,582582,0.9670165141513114
sel_5,805,5,"2,3,4,14,23",4260,0.0070710910228681742
sel_5,806,7,"1,2,3,4,7,11,26",4656,0.0077284037095009901
sel_5,807,6,"1,2,24,27,80,91",3690,0.0061249591254421507
sel_5,808,6,"1,20,46,79,98,1499",1506,0.0024997800658308617
sel_5,809,5,"1,2,3,12,16",18205,0.030218124899369744
sel_5,810,7,"1,2,5,8,30,31,81",2134,0.0035421850335212871
sel_5,811,7,"2,4,7,10,12,16,18",2151,0.0035704030023918877
sel_5,812,5,"2,16,26,36,91",1626,0.0026989657284468664
sel_5,813,5,"1,2,4,663,1134",1466,0.0024333848449588601
sel_5,814,6,"1,4,9,12,17,19",2217,0.0036799551168306905
sel_5,815,6,"1,2,4,23,38,48",2484,0.0041231432161513018
sel_5,816,5,"3,9,19,37,38",1821,0.0030226424301978741
sel_5,817,5,"1,4,10,18,19",3892,0.0064602549908457591
sel_5,818,5,"1,2,4,7,49",9836,0.016326584812425202
sel_5,819,5,"1,2,4,9,14",4654,0.0077250839484573897
sel_5,820,5,"1,2,26,299,498",5275,0.0087558697524952149
sel_5,821,7,"1,2,4,6,23,38,52",2102,0.0034890688568236859
sel_5,822,5,"1,2,6,38,69",1404,0.0023304722526072573
sel_5,823,5,"1,3,4,14,16",6145,0.01019996580646125
sel_5,824,7,"1,2,3,4,9,14,17",2205,0.0036600365505690901
sel_5,825,5,"1,2,8,12,23",7936,0.013172811821005125
sel_5,826,6,"1,2,4,7,11,72",13269,0.022024954643764742
sel_5,827,5,"1,2,4,16,176",1722,0.0028583142585396704
sel_5,828,5,"1,3,7,11,12",6021,0.0099941406217580464
sel_5,829,8,"1,2,23,57,87,166,204,521",2338,0.0038808006599684954
sel_5,830,5,"1,2,4,7,11",29771,0.049416303014509014
sel_5,831,5,"1,2,4,7,11",29771,0.049416303014509014
sel_5,832,6,"1,2,3,7,29,42",1413,0.0023454111773034579
sel_5,833,5,"1,2,4,7,137",2796,0.0046410259389529146
sel_5,834,5,"1,11,24,27,80",5152,0.0085517044483138099
sel_5,835,9,"2,6,23,57,70,87,166,204,521",1739,0.002886532227410271
sel_5,836,5,"2,9,24,27,80",4927,0.0081782313309088014
sel_5,837,5,"1,2,4,7,11",29771,0.049416303014509014
sel_5,838,7,"1,2,4,7,11,29,72",7898,0.013109736361176723
sel_5,839,5,"1,2,7,14,17",2699,0.0044800175283383099
sel_5,840,5,"1,2,46,87,264",2099,0.0034840892152582857
sel_5,841,8,"1,2,4,6,36,70,72,91",1382,0.0022939548811276565
sel_5,842,1,1,582582,0.9670165141513114
sel_5,843,8,"1,2,6,9,11,27,72,103",1853,0.0030757586068954758
sel_5,844,5,"2,9,10,19,126",1745,0.0028964915105410714
sel_5,845,8,"2,4,7,9,10,18,19,39",2116,0.0035123071841288863
sel_5,846,6,"2,7,9,29,43,72",1931,0.0032052292875958789
sel_5,847,9,"1,2,3,4,9,13,16,23,92",1378,0.0022873153590404561
sel_5,848,7,"1,4,7,9,10,12,18",3747,0.0062195723151847529
sel_5,849,5,"4,40,54,113,779",1492,0.0024765417385256608
sel_5,850,6,"2,4,10,12,18,118",3162,0.0052485422099317293
sel_5,851,7,"1,2,3,4,9,14,16",3216,0.0053381757581089312
sel_5,852,5,"1,2,7,9,27",4244,0.0070445329345193734
sel_5,853,5,"1,3,9,14,17",2740,0.0045480726297321122
sel_5,854,5,"1,2,4,204,373",1715,0.0028466950948870702
sel_5,855,6,"1,2,12,15,265,313",1672,0.0027753202324496684
sel_5,856,5,"1,2,14,103,127",1824,0.0030276220717632744
sel_5,857,7,"2,6,48,49,52,70,585",1416,0.0023503908188688576
sel_5,858,6,"1,4,7,9,23,27",1630,0.0027056052505340664
sel_5,859,7,"4,7,9,10,18,19,39",2116,0.0035123071841288863
sel_5,860,7,"1,2,3,4,16,26,299",1706,0.0028317561701908696
sel_5,861,5,"1,2,4,7,11",29771,0.049416303014509014
sel_5,862,5,"1,2,13,24,27",1554,0.0025794543308772636
sel_5,863,5,"1,2,4,7,11",29771,0.049416303014509014
sel_5,864,5,"1,2,4,7,11",29771,0.049416303014509014
sel_5,865,6,"2,4,6,23,38,52",2102,0.0034890688568236859
sel_5,866,6,"1,7,9,10,12,18",4082,0.0067756322899877666
sel_5,867,6,"1,2,9,11,24,26",1787,0.002966206492456673
sel_5,868,6,"1,4,24,27,80,95",1661,0.0027570615467098678
sel_5,869,6,"1,3,4,9,14,17",2205,0.0036600365505690901
sel_5,870,5,"6,10,14,70,788",2363,0.0039222976730134964
sel_5,871,7,"1,3,4,7,11,42,72",1522,0.002526338154179662
sel_5,872,7,"1,2,3,4,9,16,23",3755,0.0062328513593591537
sel_5,873,1,1,582582,0.9670165141513114
sel_5,874,5,"1,2,3,37,45",1403,0.0023288123720854575
sel_5,875,5,"2,23,87,166,521",2340,0.0038841204210120954
sel_5,876,1,1,582582,0.9670165141513114
sel_5,877,8,"1,2,3,4,7,16,23,92",1846,0.0030641394432428756
sel_5,878,6,"1,2,6,10,70,788",2382,0.0039538354029276974
sel_5,879,5,"1,2,4,9,23",6346,0.010533601791343059
sel_5,880,5,"1,2,83,102,498",2189,0.0036334784622202893
sel_5,881,5,"1,2,134,154,453",1595,0.002647509432271065
sel_5,882,5,"1,2,3,9,17",10764,0.01786695393665564
sel_5,883,7,"1,2,3,9,10,16,126",2310,0.0038343240053580942
sel_5,884,6,"1,2,3,4,6,70",2713,0.0045032558556435112
sel_5,885,5,"1,2,4,7,11",29771,0.049416303014509014
sel_5,886,7,"1,6,23,70,87,166,204",1757,0.0029164100768026718
sel_5,887,5,"1,2,4,7,11",29771,0.049416303014509014
sel_5,888,8,"1,2,3,9,16,26,299,498",1384,0.0022972746421712565
sel_5,889,5,"1,3,14,16,498",2525,0.0041911983175451032
sel_5,890,6,"1,2,4,11,18,49",1836,0.0030475406380248752
sel_5,891,5,"1,2,87,166,204",5242,0.0087010936952758144
sel_5,892,8,"1,2,6,9,11,24,27,72",2736,0.0045414331076449113
sel_5,893,8,"2,4,7,9,10,12,19,39",2181,0.0036201994180458889
sel_5,894,6,"1,2,4,7,42,72",4109,0.0068204490640763676
sel_5,895,5,"1,2,7,18,90",3592,0.0059622908343057463
sel_5,896,7,"1,2,8,14,16,23,31",1593,0.002644189671227465
sel_5,897,7,"1,2,3,4,6,12,16",3894,0.0064635747518893586
sel_5,898,7,"1,2,6,11,27,72,80",1888,0.0031338544251584772
sel_5,899,5,"3,4,6,12,16",3894,0.0064635747518893586
sel_5,900,8,"1,2,3,12,23,39,98,396",1492,0.0024765417385256608
sel_5,901,1,1,582582,0.9670165141513114
sel_5,902,8,"1,2,6,48,49,52,70,585",1416,0.0023503908188688576
sel_5,903,6,"1,2,3,4,12,498",4165,0.00691340237329717
sel_5,904,6,"1,6,48,52,70,585",1931,0.0032052292875958789
sel_5,905,6,"1,2,3,4,12,14",3895,0.0064652346324111593
sel_5,906,6,"1,2,3,4,9,23",5558,0.0092256159401646262
sel_5,907,7,"1,9,12,17,18,19,39",1531,0.0025412770788758626
sel_5,908,6,"1,3,4,9,16,17",7305,0.012125427211749298
sel_5,909,5,"1,4,7,29,42",2901,0.0048153133937419183
sel_5,910,5,"1,2,16,26,92",2004,0.0033264005656872819
sel_5,911,6,"1,4,7,11,16,26",4392,0.0072901952517457789
sel_5,912,7,"2,6,9,24,27,80,95",1428,0.0023703093851304585
sel_5,913,10,"1,2,6,57,70,78,87,166,204,521",1466,0.0024333848449588601
sel_5,914,5,"1,2,4,7,11",29771,0.049416303014509014
sel_5,915,6,"1,4,7,16,29,72",1661,0.0027570615467098678
sel_5,916,5,"1,2,3,27,49",2565,0.0042575935384171048
sel_5,917,5,"1,2,12,38,498",1892,0.0031404939472456771
sel_5,918,7,"2,4,11,36,70,72,91",1382,0.0022939548811276565
sel_5,919,5,"1,4,6,70,585",2450,0.0040667072784100998
sel_5,920,6,"1,24,27,80,91,95",3666,0.0060851219929189499
sel_5,921,6,"1,3,7,11,36,49",1581,0.0026242711049658646
sel_5,922,5,"1,14,16,299,498",2274,0.0037745683065732926
sel_5,923,5,"1,2,5,8,31",9251,0.015355554707172177
sel_5,924,5,"1,2,10,36,80",2616,0.0043422474450289066
sel_5,925,6,"1,2,4,5,7,8",3046,0.0050559960694029245
sel_5,926,1,1,582582,0.9670165141513114
sel_5,927,5,"1,7,10,18,118",3962,0.0065764466273717619
sel_5,928,5,"1,2,4,7,11",29771,0.049416303014509014
sel_5,929,6,"1,2,3,4,9,17",9181,0.015239363070646175
sel_5,930,7,"2,4,6,12,23,38,70",1716,0.00284835497540887
sel_5,931,5,"1,2,10,18,53",6492,0.010775944347525865
sel_5,932,6,"1,6,48,49,52,70",2346,0.0038940797041428958
sel_5,933,5,"1,2,7,42,137",2802,0.0046509852220837141
sel_5,934,6,"1,2,4,9,27,38",3399,0.0056419338935983386
sel_5,935,5,"1,2,9,19,37",3455,0.005734887202819141
sel_5,936,6,"1,2,3,12,23,102",2860,0.0047472582923481169
sel_5,937,5,"2,3,11,16,21",2408,0.0039969922964944987
sel_5,938,6,"1,2,5,8,31,81",3663,0.0060801423513535497
sel_5,939,5,"2,20,23,98,396",2463,0.0040882857251935004
sel_5,940,6,"1,3,4,6,16,70",1396,0.0023171932084328569
sel_5,941,7,"2,3,4,9,11,13,16",1333,0.0022126207355594543
sel_5,942,5,"1,2,94,125,131",5396,0.0089567152956330203
sel_5,943,7,"1,2,6,13,33,322,811",20,3.3197610436000814e-05
sel_5,944,6,"2,3,4,11,12,26",1484,0.0024632626943512604
sel_5,945,6,"1,9,11,27,80,95",2998,0.0049763218043565221
sel_5,946,5,"1,2,11,24,27",10326,0.01713992626810722
sel_5,947,7,"1,3,12,23,39,498,522",2731,0.0045331337050359116
sel_5,948,5,"1,2,6,16,190",3470,0.005759785410646142
sel_5,949,5,"7,11,36,67,80",1504,0.0024964603047872612
sel_5,950,6,"2,3,4,9,38,92",1442,0.0023935477124356589
sel_5,951,1,1,582582,0.9670165141513114
sel_5,952,5,"1,2,4,10,80",3399,0.0056419338935983386
sel_5,953,6,"1,4,7,9,10,12",4725,0.0078429354655051922
sel_5,954,7,"1,2,48,49,52,70,585",1416,0.0023503908188688576
sel_5,955,5,"1,2,19,24,27",1406,0.0023337920136508573
sel_5,956,5,"1,2,4,38,72",3409,0.005658532698816339
sel_5,957,5,"11,24,27,72,103",3272,0.0054311290673297336
sel_5,958,1,1,582582,0.9670165141513114
sel_5,959,5,"1,7,45,67,167",2017,0.0033479790124706825
sel_5,960,8,"1,2,4,7,11,12,16,29",1467,0.0024350447254806598
sel_5,961,7,"1,2,3,4,9,13,16",5061,0.0084006553208300066
sel_5,962,5,"1,9,26,299,498",1972,0.0032732843889896803
sel_5,963,5,"1,4,6,23,39",1383,0.0022956147616494567
sel_5,964,5,"1,2,8,194,478",3455,0.005734887202819141
sel_5,965,5,"1,2,4,7,11",29771,0.049416303014509014
sel_5,966,7,"1,2,3,4,11,36,49",1831,0.003039241235415875
sel_5,967,5,"1,2,6,12,190",5259,0.008729311664146415
sel_5,968,5,"2,9,12,19,37",2148,0.0035654233608264879
sel_5,969,5,"1,2,3,37,52",5325,0.0088388637785852178
sel_5,970,5,"1,2,3,27,28",1542,0.0025595357646156628
sel_5,971,5,"2,5,14,17,210",1342,0.0022275596602556549
sel_5,972,7,"1,2,3,9,13,17,23",1387,0.0023022542837366567
sel_5,973,6,"1,2,8,12,23,31",3795,0.0062992465802311553
sel_5,974,5,"1,2,3,5,182",1659,0.0027537417856662678
sel_5,975,7,"1,2,3,4,6,12,190",1968,0.0032666448669024803
sel_5,976,5,"2,4,7,11,90",1643,0.002727183697317467
sel_5,977,5,"4,7,11,36,80",2355,0.0039090186288390965
sel_5,978,7,"1,3,4,7,9,11,12",2728,0.0045281540634705113
sel_5,979,6,"2,3,4,6,12,70",1891,0.0031388340667238774
sel_5,980,5,"2,23,57,166,204",2347,0.0038957395846646956
sel_5,981,5,"1,2,5,8,98",1636,0.0027155645336648668
sel_5,982,6,"1,2,4,7,17,26",2224,0.0036915742804832907
sel_5,983,6,"1,2,4,9,11,45",2884,0.0047870954248713177
sel_5,984,5,"1,2,4,7,11",29771,0.049416303014509014
sel_5,985,7,"1,2,6,10,14,70,788",2363,0.0039222976730134964
sel_5,986,8,"1,2,3,9,19,24,53,72",20,3.3197610436000814e-05
sel_5,987,5,"2,24,45,80,167",1625,0.0026973058479250662
sel_5,988,5,"1,4,6,16,190",1923,0.0031919502434214785
sel_5,989,6,"1,2,3,6,12,16",6215,0.010316157442987254
sel_5,990,5,"1,2,18,125,131",3041,0.0050476966667939238
sel_5,991,7,"1,2,4,8,9,12,19",2166,0.0035953012102188883
sel_5,992,8,"1,2,4,7,10,18,90,118",3298,0.0054742859608965348
sel_5,993,5,"2,7,36,67,91",2710,0.004498276214078111
sel_5,994,6,"1,4,7,11,29,91",1701,0.0028234567675818694
sel_5,995,6,"1,2,3,6,9,16",2578,0.0042791719852005054
sel_5,996,5,"1,2,14,16,17",6718,0.011151077345452674
sel_5,997,1,1,582582,0.9670165141513114
sel_5,998,6,"1,2,34,64,108,408",1878,0.0031172556199404768
sel_5,999,5,"1,2,4,7,11",29771,0.049416303014509014
sel_10,0,3,"2,3,6",28745,0.047713265599142171
sel_10,1,3,"1,2,4",143527,0.23823767165239446
sel_10,2,4,"1,2,3,52",7727,0.012825896791948916
sel_10,3,3,"1,2,4",143527,0.23823767165239446
sel_10,4,4,"1,7,9,12",11375,0.018881140935475466
sel_10,5,3,"1,2,4",143527,0.23823767165239446
sel_10,6,4,"1,2,3,67",7553,0.012537077581155709
sel_10,7,3,"1,2,4",143527,0.23823767165239446
sel_10,8,4,"1,2,12,70",6922,0.011489692971899883
sel_10,9,4,"1,2,72,137",10578,0.017558216159600831
sel_10,10,4,"2,3,9,14",8883,0.014744718675149763
sel_10,11,3,"2,6,70",29029,0.048184671667333388
sel_10,12,3,"1,2,4",143527,0.23823767165239446
sel_10,13,4,"1,2,4,167",9981,0.016567267488086207
sel_10,14,3,"2,12,16",26623,0.044190999131882486
sel_10,15,3,"1,2,23",59251,0.098349580797174221
sel_10,16,3,"1,14,23",14573,0.024189438844191995
sel_10,17,5,"1,7,11,29,72",7941,0.013181111223614124
sel_10,18,3,"1,2,4",143527,0.23823767165239446
sel_10,19,3,"1,2,137",17707,0.029391504399513324
sel_10,20,3,"1,2,4",143527,0.23823767165239446
sel_10,21,3,"1,2,4",143527,0.23823767165239446
sel_10,22,3,"1,43,45",6339,0.01052198262769046
sel_10,23,3,"3,4,11",20113,0.03338517693496422
sel_10,24,5,"1,3,4,16,17",10526,0.017471902372467228
sel_10,25,3,"1,2,4",143527,0.23823767165239446
sel_10,26,3,"1,2,4",143527,0.23823767165239446
sel_10,27,3,"2,8,11",12231,0.020301998662136299
sel_10,28,5,"1,2,7,11,29",11055,0.018349979168499453
sel_10,29,3,"1,2,4",143527,0.23823767165239446
sel_10,30,3,"3,12,23",13249,0.02199175703332874
sel_10,31,3,"2,16,26",13073,0.021699618061491933
sel_10,32,3,"1,2,4",143527,0.23823767165239446
sel_10,33,4,"1,2,8,23",17237,0.028611360554267305
sel_10,34,3,"1,7,12",26503,0.043991813469266484
sel_10,35,5,"1,2,3,4,17",15640,0.025960531360952638
sel_10,36,4,"1,4,9,13",7115,0.011810049912607291
sel_10,37,4,"1,2,3,31",7715,0.012805978225687315
sel_10,38,3,"1,2,4",143527,0.23823767165239446
sel_10,39,4,"1,2,7,12",26499,0.043985173947179282
sel_10,40,6,"1,2,3,4,16,17",10526,0.017471902372467228
sel_10,41,4,"1,2,3,9",48432,0.080391333431819575
sel_10,42,3,"1,3,49",11003,0.01826366538136585
sel_10,43,3,"1,3,26",14544,0.024141302309059795
sel_10,44,3,"1,2,4",143527,0.23823767165239446
sel_10,45,3,"1,2,34",31159,0.051720217178767472
sel_10,46,6,"1,2,3,4,16,26",7958,0.013209329192484725
sel_10,47,4,"1,2,14,28",9413,0.015624455351703785
sel_10,48,3,"1,2,8",72113,0.11969896406856634
sel_10,49,5,"1,2,3,4,14",10865,0.018034601869357444
sel_10,50,3,"1,2,4",143527,0.23823767165239446
sel_10,51,4,"1,2,7,14",12266,0.020360094480399302
sel_10,52,3,"3,4,7",24395,0.040492785329311998
sel_10,53,3,"1,4,11",49112,0.081520052186643599
sel_10,54,3,"1,6,49",10824,0.017966546767963641
sel_10,55,3,"1,2,25",34587,0.057410287607498015
sel_10,56,3,"1,2,4",143527,0.23823767165239446
sel_10,57,4,"1,5,23,114",6609,0.010970150368576469
sel_10,58,3,"1,5,29",8576,0.01423513535495715
sel_10,59,5,"1,2,4,36,72",6335,0.010515343105603259
sel_10,60,3,"2,3,9",48559,0.08060213825808818
sel_10,61,3,"1,2,4",143527,0.23823767165239446
sel_10,62,3,"1,6,9",12288,0.020396611851878903
sel_10,63,3,"1,2,14",68055,0.11296316891110178
sel_10,64,4,"2,4,11,72",18037,0.029939264971707336
sel_10,65,5,"1,2,3,9,16",25747,0.042736943794785653
sel_10,66,4,"1,2,9,12",21675,0.035977910310015883
sel_10,67,3,"2,3,70",6786,0.011263949220935076
sel_10,68,4,"2,3,12,19",6089,0.010107012497240449
sel_10,69,4,"1,2,16,24",12140,0.020150949534652497
sel_10,70,3,"1,2,4",143527,0.23823767165239446
sel_10,71,3,"1,2,4",143527,0.23823767165239446
sel_10,72,3,"1,34,106",6294,0.010447288004209456
sel_10,73,3,"1,2,231",10447,0.017340771811245027
sel_10,74,3,"2,7,29",24142,0.040072835557296585
sel_10,75,6,"1,3,4,9,16,17",7305,0.012125427211749298
sel_10,76,3,"1,2,4",143527,0.23823767165239446
sel_10,77,3,"1,2,4",143527,0.23823767165239446
sel_10,78,3,"1,2,42",24078,0.039966603203901385
sel_10,79,3,"1,7,21",14985,0.024873309619173611
sel_10,80,4,"1,2,4,11",49032,0.081387261744899603
sel_10,81,3,"1,4,5",21884,0.036324825339072095
sel_10,82,3,"4,7,11",29777,0.049426262297639814
sel_10,83,5,"2,3,4,9,16",16517,0.027416246578571276
sel_10,84,3,"1,2,13",54728,0.090841941197072631
sel_10,85,4,"1,2,3,39",9879,0.016397959674862603
sel_10,86,3,"1,5,42",8218,0.013640898128152735
sel_10,87,3,"2,9,19",21447,0.035599457551045474
sel_10,88,4,"2,4,29,72",11093,0.018413054628327853
sel_10,89,3,"2,10,118",10034,0.016655241155741608
sel_10,90,3,"1,2,4",143527,0.23823767165239446
sel_10,91,5,"1,3,4,9,17",9182,0.015241022951167974
sel_10,92,4,"1,2,31,107",6426,0.010666392233087062
sel_10,93,3,"1,2,4",143527,0.23823767165239446
sel_10,94,3,"1,9,11",24920,0.04136422260325702
sel_10,95,3,"2,3,12",34726,0.057641011000028219
sel_10,96,4,"1,2,42,72",8076,0.01340519509405713
sel_10,97,3,"1,2,4",143527,0.23823767165239446
sel_10,98,3,"11,29,72",8062,0.01338195676675193
sel_10,99,4,"2,4,6,12",10668,0.017707605406562837
sel_10,100,3,"1,2,60",16457,0.027316653747263272
sel_10,101,3,"1,2,4",143527,0.23823767165239446
sel_10,102,4,"1,2,9,16",29356,0.048727452597961997
sel_10,103,3,"1,2,4",143527,0.23823767165239446
sel_10,104,3,"2,96,231",9176,0.015231063668037175
sel_10,105,3,"1,2,62",9511,0.015787123642840187
sel_10,106,5,"1,4,11,36,72",6100,0.010125271182980249
sel_10,107,3,"1,2,83",8091,0.013430093301884131
sel_10,108,3,"1,4,36",17762,0.029482797828212327
sel_10,109,4,"1,2,6,12",21027,0.034902307731889459
sel_10,110,4,"1,2,9,38",17312,0.028735851593402306
sel_10,111,3,"1,2,4",143527,0.23823767165239446
sel_10,112,3,"1,2,4",143527,0.23823767165239446
sel_10,113,3,"1,2,26",21770,0.036135598959586887
sel_10,114,3,"1,2,4",143527,0.23823767165239446
sel_10,115,3,"1,8,30",12747,0.02115849701138512
sel_10,116,3,"1,2,185",9675,0.016059344048415396
sel_10,117,3,"1,2,16",67661,0.11230917598551256
sel_10,118,4,"1,2,7,72",24870,0.041281228577167019
sel_10,119,3,"1,2,4",143527,0.23823767165239446
sel_10,120,3,"1,2,4",143527,0.23823767165239446
sel_10,121,3,"1,2,4",143527,0.23823767165239446
sel_10,122,3,"4,7,12",20378,0.033825045273241233
sel_10,123,4,"2,3,4,16",25491,0.04231201438120484
sel_10,124,4,"2,4,9,27",7544,0.012522138656459509
sel_10,125,4,"4,11,36,91",7066,0.011728715767039089
sel_10,126,3,"1,2,4",143527,0.23823767165239446
sel_10,127,3,"1,6,23",16252,0.026976378240294262
sel_10,128,3,"1,2,4",143527,0.23823767165239446
sel_10,129,3,"4,7,29",19773,0.032820817557552208
sel_10,130,4,"1,2,7,23",11699,0.019418942224538677
sel_10,131,3,"1,2,49",38135,0.063299543698844551
sel_10,132,5,"1,2,4,9,11",15129,0.025112332414312818
sel_10,133,3,"2,10,30",11778,0.019550072785760882
sel_10,134,4,"1,2,6,92",10922,0.018129215059100045
sel_10,135,3,"4,10,11",8574,0.01423181559391355
sel_10,136,3,"2,9,10",18998,0.031534410153157173
sel_10,137,3,"2,3,16",42727,0.070921715054950346
sel_10,138,3,"1,2,4",143527,0.23823767165239446
sel_10,139,4,"2,7,42,72",7101,0.011786811585302089
sel_10,140,4,"2,3,4,11",20113,0.03338517693496422
sel_10,141,4,"1,9,10,19",7447,0.012361130245844905
sel_10,142,4,"1,2,3,16",42696,0.070870258758774549
sel_10,143,3,"1,2,4",143527,0.23823767165239446
sel_10,144,3,"1,8,23",17257,0.028644558164703304
sel_10,145,3,"2,10,18",39856,0.066156198076862432
sel_10,146,3,"1,2,4",143527,0.23823767165239446
sel_10,147,3,"1,2,4",143527,0.23823767165239446
sel_10,148,4,"1,2,4,29",23220,0.038542425716196947
sel_10,149,3,"1,2,134",11661,0.019355866764710277
sel_10,150,3,"2,4,14",24021,0.039871990014158781
sel_10,151,5,"1,2,3,4,42",6164,0.010231503536375452
sel_10,152,5,"1,2,3,12,16",18205,0.030218124899369744
sel_10,153,3,"1,2,4",143527,0.23823767165239446
sel_10,154,3,"2,7,12",26504,0.04399347334978828
sel_10,155,4,"1,3,4,9",25116,0.041689559185529829
sel_10,156,4,"2,3,12,38",9442,0.015672591886835986
sel_10,157,3,"2,4,498",9917,0.016461035134691004
sel_10,158,3,"1,10,325",14670,0.0243504472548066
sel_10,159,5,"2,3,4,7,11",14800,0.024566231722640604
sel_10,160,6,"1,2,24,27,80,95",6519,0.010820761121614467
sel_10,161,3,"1,2,4",143527,0.23823767165239446
sel_10,162,3,"1,2,4",143527,0.23823767165239446
sel_10,163,4,"1,3,23,39",6608,0.01096849048805467
sel_10,164,3,"1,2,272",11378,0.018886120577040866
sel_10,165,3,"1,2,4",143527,0.23823767165239446
sel_10,166,3,"1,2,321",6140,0.010191666403852251
sel_10,167,3,"1,2,72",49983,0.08296580812113144
sel_10,168,3,"1,2,4",143527,0.23823767165239446
sel_10,169,4,"1,3,9,16",25747,0.042736943794785653
sel_10,170,3,"1,23,39",7557,0.012543717103242908
sel_10,171,3,"1,3,42",8166,0.013554584341019133
sel_10,172,4,"1,2,14,23",14500,0.024068267566100591
sel_10,173,5,"2,7,11,29,72",7941,0.013181111223614124
sel_10,174,5,"2,4,7,11,29",10754,0.01785035513143764
sel_10,175,3,"2,20,98",24343,0.040406471542178392
sel_10,176,3,"1,2,4",143527,0.23823767165239446
sel_10,177,3,"1,2,4",143527,0.23823767165239446
sel_10,178,3,"1,2,4",143527,0.23823767165239446
sel_10,179,3,"2,3,14",20126,0.033406755381747623
sel_10,180,7,"1,2,3,4,7,11,72",6194,0.010281299952029452
sel_10,181,3,"1,2,4",143527,0.23823767165239446
sel_10,182,5,"2,4,7,29,72",11030,0.018308482155454449
sel_10,183,3,"1,2,4",143527,0.23823767165239446
sel_10,184,3,"1,7,11",32753,0.054366066730516735
sel_10,185,3,"2,46,79",7190,0.011934540951742293
sel_10,186,4,"1,6,12,70",6597,0.010950231802314869
sel_10,187,3,"1,2,66",14409,0.023917218438616789
sel_10,188,3,"1,7,9",24719,0.041030586618375206
sel_10,189,3,"3,4,72",10523,0.017466922730901828
sel_10,190,4,"1,20,98,498",8197,0.013606040637194936
sel_10,191,4,"1,2,10,53",9091,0.015089973823684171
sel_10,192,4,"2,3,9,26",8283,0.013748790362069737
sel_10,193,3,"2,21,38",6160,0.010224864014288251
sel_10,194,3,"1,2,254",6273,0.010412430513251657
sel_10,195,4,"1,2,37,99",9498,0.015765545196056788
sel_10,196,3,"1,2,4",143527,0.23823767165239446
sel_10,197,3,"1,9,19",21541,0.035755486320094683
sel_10,198,3,"1,42,72",8084,0.01341847413823153
sel_10,199,3,"2,10,19",11072,0.018378197137370052
sel_10,200,3,"1,2,4",143527,0.23823767165239446
sel_10,201,3,"1,9,12",21684,0.035992849234712083
sel_10,202,5,"1,2,3,4,9",25112,0.041682919663442626
sel_10,203,3,"1,2,4",143527,0.23823767165239446
sel_10,204,6,"1,2,4,9,16,17",7472,0.012402627258889905
sel_10,205,3,"1,2,4",143527,0.23823767165239446
sel_10,206,3,"1,2,4",143527,0.23823767165239446
sel_10,207,3,"1,2,4",143527,0.23823767165239446
sel_10,208,6,"1,4,7,11,29,72",7898,0.013109736361176723
sel_10,209,4,"1,4,29,72",11095,0.018416374389371454
sel_10,210,5,"1,2,8,12,16",7349,0.0121984619547085
sel_10,211,3,"1,2,4",143527,0.23823767165239446
sel_10,212,3,"1,2,4",143527,0.23823767165239446
sel_10,213,4,"1,10,13,18",6180,0.010258061624724252
sel_10,214,6,"1,2,7,11,29,72",7941,0.013181111223614124
sel_10,215,3,"1,2,204",16123,0.026762253652982057
sel_10,216,3,"1,9,16",29357,0.048729112478483799
sel_10,217,3,"1,2,4",143527,0.23823767165239446
sel_10,218,4,"1,3,6,12",9603,0.015939832650845791
sel_10,219,3,"1,3,29",8290,0.013760409525722338
sel_10,220,3,"2,6,14",15276,0.025356334851017424
sel_10,221,3,"2,4,271",8409,0.013957935307816543
sel_10,222,4,"1,2,6,22",7280,0.012083930198704297
sel_10,223,6,"1,2,3,12,23,39",6349,0.010538581432908459
sel_10,224,4,"4,7,10,12",8632,0.014328088664177953
sel_10,225,3,"1,2,4",143527,0.23823767165239446
sel_10,226,3,"2,4,11",49059,0.081432078518988205
sel_10,227,3,"1,2,98",31393,0.052108629220868681
sel_10,228,3,"1,2,65",14250,0.023653297435650582
sel_10,229,3,"1,9,26",9366,0.015546440967179182
sel_10,230,4,"1,6,23,70",7044,0.011692198395559487
sel_10,231,3,"1,2,4",143527,0.23823767165239446
sel_10,232,3,"1,2,18",46509,0.077199383188398099
sel_10,233,4,"1,2,79,154",8863,0.014711521064713762
sel_10,234,3,"1,2,4",143527,0.23823767165239446
sel_10,235,3,"1,20,498",8220,0.013644217889196337
sel_10,236,3,"1,23,28",6237,0.010352674814466854
sel_10,237,3,"1,2,4",143527,0.23823767165239446
sel_10,238,4,"1,2,14,16",17568,0.029160781006983116
sel_10,239,3,"1,2,4",143527,0.23823767165239446
sel_10,240,4,"1,5,8,81",7249,0.012032473902528497
sel_10,241,3,"1,2,4",143527,0.23823767165239446
sel_10,242,3,"1,2,4",143527,0.23823767165239446
sel_10,243,3,"4,6,12",10670,0.017710925167606435
sel_10,244,3,"1,3,6",28763,0.047743143448534572
sel_10,245,3,"2,3,37",17269,0.028664476730964904
sel_10,246,3,"1,2,107",20896,0.034684863383533653
sel_10,247,4,"1,2,3,49",11001,0.018260345620322249
sel_10,248,4,"1,2,10,29",7782,0.012917190220647919
sel_10,249,4,"1,2,3,72",16401,0.02722370043804247
sel_10,250,3,"1,2,4",143527,0.23823767165239446
sel_10,251,4,"1,3,12,16",18206,0.030219784779891543
sel_10,252,5,"1,2,24,27,72",6186,0.010268020907855053
sel_10,253,4,"2,6,12,70",6592,0.010941932399705869
sel_10,254,3,"1,2,30",38676,0.064197539061138384
sel_10,255,3,"1,2,4",143527,0.23823767165239446
sel_10,256,3,"1,2,4",143527,0.23823767165239446
sel_10,257,3,"1,4,49",16218,0.026919942302553061
sel_10,258,3,"1,2,4",143527,0.23823767165239446
sel_10,259,3,"1,2,4",143527,0.23823767165239446
sel_10,260,3,"1,2,4",143527,0.23823767165239446
sel_10,261,4,"1,2,10,17",12442,0.020652233452236109
sel_10,262,3,"1,2,4",143527,0.23823767165239446
sel_10,263,4,"1,2,4,23",22120,0.036716557142216902
sel_10,264,3,"1,2,4",143527,0.23823767165239446
sel_10,265,3,"1,2,4",143527,0.23823767165239446
sel_10,266,3,"1,2,21",37231,0.061799011707137322
sel_10,267,3,"2,6,9",12272,0.020370053763530103
sel_10,268,3,"1,2,4",143527,0.23823767165239446
sel_10,269,3,"1,2,4",143527,0.23823767165239446
sel_10,270,4,"1,4,14,16",8627,0.014319789261568952
sel_10,271,4,"1,2,10,118",10031,0.016650261514176208
sel_10,272,3,"2,24,27",16400,0.027222040557520668
sel_10,273,3,"1,2,4",143527,0.23823767165239446
sel_10,274,3,"2,14,23",14529,0.024116404101232794
sel_10,275,4,"1,2,3,92",8763,0.014545533012533758
sel_10,276,3,"4,7,9",18207,0.030221444660413342
sel_10,277,3,"1,2,4",143527,0.23823767165239446
sel_10,278,3,"1,6,48",16387,0.027200462110737268
sel_10,279,3,"1,2,29",39152,0.064987642189515193
sel_10,280,5,"1,4,9,16,17",7472,0.012402627258889905
sel_10,281,3,"1,10,29",7875,0.013071559109175322
sel_10,282,3,"2,80,91",8974,0.014895767802633566
sel_10,283,3,"1,2,4",143527,0.23823767165239446
sel_10,284,3,"1,2,4",143527,0.23823767165239446
sel_10,285,3,"1,2,4",143527,0.23823767165239446
sel_10,286,3,"1,2,4",143527,0.23823767165239446
sel_10,287,4,"1,3,9,17",10767,0.01787193357822104
sel_10,288,3,"2,7,120",6045,0.010033977754281246
sel_10,289,3,"1,2,4",143527,0.23823767165239446
sel_10,290,3,"1,2,4",143527,0.23823767165239446
sel_10,291,3,"1,2,4",143527,0.23823767165239446
sel_10,292,3,"1,2,4",143527,0.23823767165239446
sel_10,293,4,"1,4,11,16",12954,0.021502092279397728
sel_10,294,3,"1,2,4",143527,0.23823767165239446
sel_10,295,3,"2,49,52",8440,0.014009391603992345
sel_10,296,3,"1,8,16",11485,0.019063727792873467
sel_10,297,5,"1,2,4,7,11",29771,0.049416303014509014
sel_10,298,3,"1,6,30",18587,0.030852199258697359
sel_10,299,3,"1,2,24",50256,0.083418955503582859
sel_10,300,4,"1,2,3,14",20107,0.033375217651833419
sel_10,301,3,"1,10,20",7731,0.012832536314036115
sel_10,302,3,"1,9,10",19001,0.031539389794722573
sel_10,303,3,"1,2,4",143527,0.23823767165239446
sel_10,304,3,"1,11,14",13678,0.022703845777180959
sel_10,305,3,"4,6,48",6140,0.010191666403852251
sel_10,306,3,"1,2,4",143527,0.23823767165239446
sel_10,307,3,"1,2,4",143527,0.23823767165239446
sel_10,308,3,"1,2,226",6466,0.010732787453959064
sel_10,309,3,"1,2,38",43795,0.072694467452232792
sel_10,310,3,"1,2,4",143527,0.23823767165239446
sel_10,311,3,"1,2,4",143527,0.23823767165239446
sel_10,312,3,"1,2,4",143527,0.23823767165239446
sel_10,313,4,"1,2,4,49",16196,0.026883424931073461
sel_10,314,4,"1,2,8,17",9942,0.016502532147736004
sel_10,315,4,"1,2,4,12",34006,0.056445897024332191
sel_10,316,4,"1,2,3,23",24088,0.039983202009119381
sel_10,317,3,"1,2,70",38894,0.06455939301489079
sel_10,318,3,"2,15,60",11223,0.018628839096161857
sel_10,319,4,"2,10,11,18",8601,0.01427663236800215
sel_10,320,5,"1,2,4,6,70",10006,0.016608764501131208
sel_10,321,3,"3,4,14",10870,0.018042901271966443
sel_10,322,3,"1,2,4",143527,0.23823767165239446
sel_10,323,3,"2,4,17",23882,0.039641266621628576
sel_10,324,3,"3,7,11",15647,0.025972150524605241
sel_10,325,3,"1,2,4",143527,0.23823767165239446
sel_10,326,3,"1,8,9",14344,0.023809326204699787
sel_10,327,4,"1,9,16,26",7296,0.012110488287053097
sel_10,328,4,"1,2,13,19",10450,0.017345751452810428
sel_10,329,3,"2,14,21",7053,0.011707137320255688
sel_10,330,3,"1,2,4",143527,0.23823767165239446
sel_10,331,3,"2,5,40",6166,0.010234823297419052
sel_10,332,3,"1,2,4",143527,0.23823767165239446
sel_10,333,3,"1,2,57",16694,0.027710045430929881
sel_10,334,3,"2,11,91",11926,0.019795735102987287
sel_10,335,3,"2,3,42",8163,0.013549604699453733
sel_10,336,3,"1,11,27",13306,0.022086370223071344
sel_10,337,5,"1,2,6,12,16",8016,0.013305602262749128
sel_10,338,3,"1,2,4",143527,0.23823767165239446
sel_10,339,3,"7,9,12",11375,0.018881140935475466
sel_10,340,4,"1,2,12,16",26564,0.044093066181096284
sel_10,341,3,"20,98,498",8197,0.013606040637194936
sel_10,342,4,"1,2,25,35",6981,0.011587625922686084
sel_10,343,5,"1,4,11,36,91",7066,0.011728715767039089
sel_10,344,3,"1,21,48",7405,0.012291415263929302
sel_10,345,3,"1,2,4",143527,0.23823767165239446
sel_10,346,6,"2,3,4,7,9,11",6958,0.011549448670684683
sel_10,347,3,"2,14,31",10080,0.01673159565974441
sel_10,348,3,"1,2,87",20472,0.033981074042290435
sel_10,349,3,"1,2,101",8025,0.013320541187445328
sel_10,350,4,"1,4,7,16",14549,0.024149601711668793
sel_10,351,3,"1,2,4",143527,0.23823767165239446
sel_10,352,3,"1,2,4",143527,0.23823767165239446
sel_10,353,3,"1,2,4",143527,0.23823767165239446
sel_10,354,3,"6,12,16",8016,0.013305602262749128
sel_10,355,3,"1,2,133",7087,0.011763573257996889
sel_10,356,4,"1,2,10,788",9952,0.016519130952954007
sel_10,357,3,"1,2,36",22084,0.036656801443432099
sel_10,358,3,"7,11,36",9001,0.014940584576722168
sel_10,359,4,"1,2,6,48",16322,0.027092569876820266
sel_10,360,4,"1,2,10,14",19445,0.032276376746401797
sel_10,361,3,"1,2,4",143527,0.23823767165239446
sel_10,362,3,"4,16,17",11723,0.019458779357061879
sel_10,363,4,"1,2,3,57",8416,0.013969554471469144
sel_10,364,3,"2,3,48",9033,0.01499370075341977
sel_10,365,3,"1,2,12",72709,0.12068825285955917
sel_10,366,3,"2,7,167",11079,0.018389816301022651
sel_10,367,3,"1,3,9",48756,0.080929134720882798
sel_10,368,3,"1,2,4",143527,0.23823767165239446
sel_10,369,6,"1,2,3,4,14,16",6145,0.01019996580646125
sel_10,370,3,"1,12,16",26680,0.04428561232162509
sel_10,371,3,"1,2,3",122163,0.20277598418465839
sel_10,372,3,"1,2,408",10760,0.017860314414568441
sel_10,373,3,"1,2,4",143527,0.23823767165239446
sel_10,374,3,"2,17,23",13121,0.021779292326538337
sel_10,375,3,"2,6,52",6237,0.010352674814466854
sel_10,376,4,"1,3,9,12",13406,0.022252358275251346
sel_10,377,3,"1,2,4",143527,0.23823767165239446
sel_10,378,5,"1,2,4,7,42",6627,0.011000028217968871
sel_10,379,4,"2,3,4,9",25113,0.041684579543964428
sel_10,380,3,"1,2,4",143527,0.23823767165239446
sel_10,381,3,"2,6,30",18510,0.030724388458518756
sel_10,382,3,"1,2,4",143527,0.23823767165239446
sel_10,383,3,"1,2,4",143527,0.23823767165239446
sel_10,384,3,"1,2,4",143527,0.23823767165239446
sel_10,385,3,"1,79,154",8864,0.014713180945235563
sel_10,386,3,"24,27,80",8656,0.014367925796701153
sel_10,387,3,"3,4,17",15647,0.025972150524605241
sel_10,388,3,"1,2,4",143527,0.23823767165239446
sel_10,389,3,"1,2,4",143527,0.23823767165239446
sel_10,390,3,"1,2,181",6519,0.010820761121614467
sel_10,391,3,"2,7,9",24717,0.041027266857331608
sel_10,392,3,"1,4,7",57642,0.095678833037597957
sel_10,393,3,"1,11,48",6837,0.01134860312754688
sel_10,394,3,"1,3,38",18051,0.029962503299012538
sel_10,395,3,"1,2,102",7716,0.012807638106209116
sel_10,396,3,"1,2,4",143527,0.23823767165239446
sel_10,397,4,"1,2,6,70",28998,0.048133215371157584
sel_10,398,3,"1,2,4",143527,0.23823767165239446
sel_10,399,3,"1,2,4",143527,0.23823767165239446
sel_10,400,3,"1,2,4",143527,0.23823767165239446
sel_10,401,4,"2,4,6,48",6133,0.010180047240199651
sel_10,402,3,"1,2,4",143527,0.23823767165239446
sel_10,403,3,"1,2,115",11967,0.019863790204381088
sel_10,404,3,"2,10,16",19408,0.032214961167095192
sel_10,405,4,"2,4,11,91",10555,0.017520038907599431
sel_10,406,3,"1,2,4",143527,0.23823767165239446
sel_10,407,3,"1,2,4",143527,0.23823767165239446
sel_10,408,3,"1,49,70",8057,0.013373657364142928
sel_10,409,3,"1,2,19",36325,0.060295159954386481
sel_10,410,3,"1,2,4",143527,0.23823767165239446
sel_10,411,3,"1,2,4",143527,0.23823767165239446
sel_10,412,3,"2,4,70",11939,0.019817313549770687
sel_10,413,3,"1,2,142",7187,0.011929561310176893
sel_10,414,5,"2,4,11,29,72",7917,0.013141274091090923
sel_10,415,3,"1,45,49",11587,0.019233035606097074
sel_10,416,4,"1,2,49,70",8056,0.013371997483621129
sel_10,417,3,"3,12,37",7133,0.011839927761999691
sel_10,418,3,"2,16,23",10287,0.017075190927757021
sel_10,419,3,"1,2,4",143527,0.23823767165239446
sel_10,420,3,"1,4,42",12815,0.021271368886867523
sel_10,421,3,"1,2,4",143527,0.23823767165239446
sel_10,422,3,"1,2,4",143527,0.23823767165239446
sel_10,423,5,"1,2,3,17,27",9530,0.015818661372754388
sel_10,424,3,"2,4,23",22138,0.036746434991609303
sel_10,425,3,"1,2,4",143527,0.23823767165239446
sel_10,426,3,"1,6,27",9513,0.015790443403883789
sel_10,427,3,"1,2,4",143527,0.23823767165239446
sel_10,428,3,"1,2,4",143527,0.23823767165239446
sel_10,429,3,"1,2,4",143527,0.23823767165239446
sel_10,430,3,"1,2,15",46280,0.076819270548905888
sel_10,431,3,"2,5,114",16190,0.02687346564794266
sel_10,432,3,"1,2,4",143527,0.23823767165239446
sel_10,433,4,"2,4,11,36",16637,0.027615432241187281
sel_10,434,3,"1,2,95",25262,0.041931901741712629
sel_10,435,3,"1,2,4",143527,0.23823767165239446
sel_10,436,4,"1,2,23,38",10345,0.017171463998021424
sel_10,437,4,"2,3,6,16",8095,0.01343673282397133
sel_10,438,3,"1,2,4",143527,0.23823767165239446
sel_10,439,3,"1,7,20",6106,0.010135230466111049
sel_10,440,4,"2,4,7,29",19767,0.032810858274421408
sel_10,441,3,"1,2,4",143527,0.23823767165239446
sel_10,442,5,"1,2,4,14,16",8627,0.014319789261568952
sel_10,443,3,"1,2,4",143527,0.23823767165239446
sel_10,444,3,"2,4,48",18053,0.029965823060056136
sel_10,445,3,"1,2,4",143527,0.23823767165239446
sel_10,446,3,"1,2,4",143527,0.23823767165239446
sel_10,447,3,"1,11,95",11303,0.018761629537905861
sel_10,448,3,"1,2,4",143527,0.23823767165239446
sel_10,449,3,"1,2,4",143527,0.23823767165239446
sel_10,450,3,"1,2,4",143527,0.23823767165239446
sel_10,451,3,"1,2,4",143527,0.23823767165239446
sel_10,452,3,"1,2,4",143527,0.23823767165239446
sel_10,453,3,"1,2,4",143527,0.23823767165239446
sel_10,454,3,"1,2,4",143527,0.23823767165239446
sel_10,455,3,"3,11,36",6962,0.011556088192771884
sel_10,456,3,"7,11,72",13824,0.022946188333363763
sel_10,457,3,"1,31,81",9195,0.015262601397951376
sel_10,458,3,"2,4,16",32983,0.054747839250530748
sel_10,459,3,"1,2,4",143527,0.23823767165239446
sel_10,460,5,"2,3,9,16,17",8026,0.013322201067967127
sel_10,461,3,"2,4,42",12785,0.021221572471213521
sel_10,462,3,"1,2,4",143527,0.23823767165239446
sel_10,463,3,"2,27,80",10088,0.016744874703918812
sel_10,464,3,"2,9,17",13777,0.022868173948839162
sel_10,465,3,"1,2,4",143527,0.23823767165239446
sel_10,466,3,"1,2,4",143527,0.23823767165239446
sel_10,467,3,"1,2,33",12806,0.021256429962171322
sel_10,468,3,"3,10,16",9158,0.015201185818644774
sel_10,469,3,"2,3,7",32548,0.054025791223547733
sel_10,470,3,"1,2,4",143527,0.23823767165239446
sel_10,471,3,"1,2,4",143527,0.23823767165239446
sel_10,472,5,"1,2,10,18,118",8289,0.013758749645200538
sel_10,473,3,"1,2,11",75235,0.12488111105762607
sel_10,474,3,"1,2,4",143527,0.23823767165239446
sel_10,475,3,"1,2,229",11095,0.018416374389371454
sel_10,476,5,"1,4,7,11,29",10754,0.01785035513143764
sel_10,477,3,"4,36,91",7328,0.012163604463750699
sel_10,478,3,"1,2,4",143527,0.23823767165239446
sel_10,479,3,"1,2,4",143527,0.23823767165239446
sel_10,480,3,"1,2,4",143527,0.23823767165239446
sel_10,481,3,"1,2,4",143527,0.23823767165239446
sel_10,482,3,"1,2,4",143527,0.23823767165239446
sel_10,483,5,"1,2,3,9,17",10764,0.01786695393665564
sel_10,484,4,"1,2,9,72",17561,0.029149161843330516
sel_10,485,4,"1,2,3,4",54077,0.089761358977380815
sel_10,486,3,"1,2,4",143527,0.23823767165239446
sel_10,487,3,"1,4,16",32985,0.054751159011574346
sel_10,488,3,"4,8,271",7076,0.011745314572257089
sel_10,489,4,"1,2,5,37",7828,0.012993544724650719
sel_10,490,3,"1,2,4",143527,0.23823767165239446
sel_10,491,3,"1,2,4",143527,0.23823767165239446
sel_10,492,5,"1,4,7,29,72",11030,0.018308482155454449
sel_10,493,5,"1,2,4,10,18",11645,0.019329308676361477
sel_10,494,3,"2,13,482",9007,0.014950543859852969
sel_10,495,4,"1,2,9,11",24913,0.041352603439604417
sel_10,496,3,"1,2,4",143527,0.23823767165239446
sel_10,497,4,"1,2,8,30",12507,0.020760125686153111
sel_10,498,3,"1,7,72",24884,0.041304466904472217
sel_10,499,3,"1,2,4",143527,0.23823767165239446
sel_10,500,3,"1,2,4",143527,0.23823767165239446
sel_10,501,5,"1,2,4,7,9",18204,0.030216465018847942
sel_10,502,3,"1,11,49",11702,0.019423921866104078
sel_10,503,3,"1,2,4",143527,0.23823767165239446
sel_10,504,4,"1,2,46,79",7190,0.011934540951742293
sel_10,505,3,"2,23,57",8958,0.014869209714284766
sel_10,506,4,"1,2,19,38",8302,0.013780328091983939
sel_10,507,4,"2,3,6,12",9603,0.015939832650845791
sel_10,508,6,"1,2,4,11,29,72",7917,0.013141274091090923
sel_10,509,3,"1,2,4",143527,0.23823767165239446
sel_10,510,3,"1,2,4",143527,0.23823767165239446
sel_10,511,3,"1,4,13",13341,0.022144466041334344
sel_10,512,6,"1,2,4,11,36,91",7066,0.011728715767039089
sel_10,513,3,"1,2,4",143527,0.23823767165239446
sel_10,514,3,"1,2,4",143527,0.23823767165239446
sel_10,515,5,"1,2,4,7,12",20376,0.033821725512197635
sel_10,516,3,"1,2,4",143527,0.23823767165239446
sel_10,517,3,"1,3,12",34732,0.05765097028315902
sel_10,518,3,"1,2,232",6432,0.010676351516217862
sel_10,519,4,"1,2,24,49",6801,0.011288847428762077
sel_10,520,3,"1,2,4",143527,0.23823767165239446
sel_10,521,3,"8,9,12",8822,0.01464346596331996
sel_10,522,3,"1,2,4",143527,0.23823767165239446
sel_10,523,4,"1,2,9,115",9398,0.015599557143876784
sel_10,524,4,"1,2,10,32",6708,0.011134478540234674
sel_10,525,3,"1,2,4",143527,0.23823767165239446
sel_10,526,3,"11,16,26",7175,0.011909642743915294
sel_10,527,4,"1,2,20,98",24328,0.040381573334351391
sel_10,528,3,"1,2,4",143527,0.23823767165239446
sel_10,529,3,"2,12,38",14045,0.023313021928681572
sel_10,530,3,"1,2,4",143527,0.23823767165239446
sel_10,531,4,"1,9,11,12",6425,0.010664732352565263
sel_10,532,3,"1,2,61",13324,0.022116248072463745
sel_10,533,3,"1,2,135",19503,0.032372649816666196
sel_10,534,3,"1,2,41",23099,0.038341580173059144
sel_10,535,3,"1,2,4",143527,0.23823767165239446
sel_10,536,3,"1,2,4",143527,0.23823767165239446
sel_10,537,3,"2,7,11",32728,0.054324569717471738
sel_10,538,3,"1,2,4",143527,0.23823767165239446
sel_10,539,3,"1,2,4",143527,0.23823767165239446
sel_10,540,3,"1,2,4",143527,0.23823767165239446
sel_10,541,3,"4,7,72",18468,0.030654673476603153
sel_10,542,3,"1,31,107",6433,0.010678011396739663
sel_10,543,3,"1,2,4",143527,0.23823767165239446
sel_10,544,3,"1,2,4",143527,0.23823767165239446
sel_10,545,3,"1,2,37",34006,0.056445897024332191
sel_10,546,5,"1,2,20,98,498",8197,0.013606040637194936
sel_10,547,3,"1,2,4",143527,0.23823767165239446
sel_10,548,5,"1,2,4,11,91",10555,0.017520038907599431
sel_10,549,3,"1,2,4",143527,0.23823767165239446
sel_10,550,3,"1,31,128",11456,0.019015591257741268
sel_10,551,3,"1,2,4",143527,0.23823767165239446
sel_10,552,3,"2,9,27",14581,0.024202717888366396
sel_10,553,3,"1,2,4",143527,0.23823767165239446
sel_10,554,3,"1,2,4",143527,0.23823767165239446
sel_10,555,3,"1,6,257",6502,0.010792543152743866
sel_10,556,3,"1,2,4",143527,0.23823767165239446
sel_10,557,3,"1,2,4",143527,0.23823767165239446
sel_10,558,3,"1,2,4",143527,0.23823767165239446
sel_10,559,3,"1,2,4",143527,0.23823767165239446
sel_10,560,3,"1,2,4",143527,0.23823767165239446
sel_10,561,3,"1,2,4",143527,0.23823767165239446
sel_10,562,3,"1,2,4",143527,0.23823767165239446
sel_10,563,3,"1,2,4",143527,0.23823767165239446
sel_10,564,3,"1,2,4",143527,0.23823767165239446
sel_10,565,3,"1,2,4",143527,0.23823767165239446
sel_10,566,3,"2,6,107",9879,0.016397959674862603
sel_10,567,5,"2,3,4,16,17",10526,0.017471902372467228
sel_10,568,3,"1,9,95",9103,0.015109892389945772
sel_10,569,3,"1,10,18",39931,0.066280689115997424
sel_10,570,4,"1,9,24,72",6120,0.01015846879341625
sel_10,571,4,"1,24,27,72",6186,0.010268020907855053
sel_10,572,3,"2,19,38",8304,0.013783647853027539
sel_10,573,3,"1,2,4",143527,0.23823767165239446
sel_10,574,3,"1,2,4",143527,0.23823767165239446
sel_10,575,3,"1,2,4",143527,0.23823767165239446
sel_10,576,3,"1,2,4",143527,0.23823767165239446
sel_10,577,3,"1,2,4",143527,0.23823767165239446
sel_10,578,3,"1,2,4",143527,0.23823767165239446
sel_10,579,3,"1,2,79",21601,0.03585507915140268
sel_10,580,3,"1,2,4",143527,0.23823767165239446
sel_10,581,3,"1,2,76",8982,0.014909046846807966
sel_10,582,3,"4,14,16",8628,0.014321449142090752
sel_10,583,3,"1,6,12",21056,0.034950444267021659
sel_10,584,3,"1,2,4",143527,0.23823767165239446
sel_10,585,3,"1,2,4",143527,0.23823767165239446
sel_10,586,4,"1,2,4,38",21260,0.035289059893468866
sel_10,587,6,"1,2,4,7,11,36",8873,0.014728119869931762
sel_10,588,3,"1,2,4",143527,0.23823767165239446
sel_10,589,3,"1,18,19",7255,0.012042433185659297
sel_10,590,5,"1,2,3,16,26",9930,0.016482613581474407
sel_10,591,3,"1,3,7",32561,0.054047369670331129
sel_10,592,3,"1,6,87",8011,0.013297302860140128
sel_10,593,4,"1,6,12,16",8016,0.013305602262749128
sel_10,594,3,"1,2,4",143527,0.23823767165239446
sel_10,595,3,"1,2,4",143527,0.23823767165239446
sel_10,596,3,"1,2,4",143527,0.23823767165239446
sel_10,597,3,"3,4,16",25491,0.04231201438120484
sel_10,598,3,"1,23,38",10352,0.017183083161674023
sel_10,599,3,"4,9,10",8262,0.013713932871111938
sel_10,600,3,"1,8,12",15932,0.02644521647331825
sel_10,601,3,"1,2,4",143527,0.23823767165239446
sel_10,602,3,"1,6,98",13924,0.023112176385543769
sel_10,603,3,"1,2,108",8171,0.013562883743628134
sel_10,604,3,"1,2,382",15892,0.026378821252446248
sel_10,605,3,"1,2,4",143527,0.23823767165239446
sel_10,606,3,"3,9,72",10070,0.016714996854526411
sel_10,607,3,"1,2,4",143527,0.23823767165239446
sel_10,608,3,"1,19,38",8308,0.01379028737511474
sel_10,609,3,"2,3,11",25372,0.042114488599110635
sel_10,610,3,"1,2,5",73235,0.12156135001402599
sel_10,611,3,"1,2,4",143527,0.23823767165239446
sel_10,612,4,"1,2,25,259",9638,0.015997928469108795
sel_10,613,3,"1,2,4",143527,0.23823767165239446
sel_10,614,3,"1,2,4",143527,0.23823767165239446
sel_10,615,3,"2,12,70",6922,0.011489692971899883
sel_10,616,3,"1,2,4",143527,0.23823767165239446
sel_10,617,3,"1,2,224",6352,0.010543561074473859
sel_10,618,3,"2,12,37",7314,0.012140366136445499
sel_10,619,3,"1,29,72",12439,0.020647253810670708
sel_10,620,3,"1,2,4",143527,0.23823767165239446
sel_10,621,3,"1,2,4",143527,0.23823767165239446
sel_10,622,3,"1,2,4",143527,0.23823767165239446
sel_10,623,4,"2,11,16,26",7175,0.011909642743915294
sel_10,624,4,"2,3,12,16",18205,0.030218124899369744
sel_10,625,4,"1,2,6,52",6236,0.010351014933945055
sel_10,626,3,"1,2,22",25175,0.04178749213631603
sel_10,627,4,"1,7,42,72",7099,0.01178349182425849
sel_10,628,3,"1,2,4",143527,0.23823767165239446
sel_10,629,3,"1,35,107",6175,0.010249762222115252
sel_10,630,3,"1,8,128",6114,0.010148509510285449
sel_10,631,3,"4,11,91",10555,0.017520038907599431
sel_10,632,3,"1,2,7",103574,0.17192046516491744
sel_10,633,5,"2,4,7,10,18",8004,0.013285683696487527
sel_10,634,5,"2,3,4,9,17",9182,0.015241022951167974
sel_10,635,3,"1,2,4",143527,0.23823767165239446
sel_10,636,3,"4,6,16",6204,0.010297898757247454
sel_10,637,3,"1,2,4",143527,0.23823767165239446
sel_10,638,4,"1,8,12,16",7349,0.0121984619547085
sel_10,639,3,"1,2,4",143527,0.23823767165239446
sel_10,640,3,"6,12,70",6597,0.010950231802314869
sel_10,641,3,"2,10,788",9952,0.016519130952954007
sel_10,642,6,"1,2,4,11,36,72",6100,0.010125271182980249
sel_10,643,3,"1,2,4",143527,0.23823767165239446
sel_10,644,4,"1,7,12,16",12109,0.020099493238476693
sel_10,645,5,"1,2,6,12,70",6592,0.010941932399705869
sel_10,646,3,"1,2,4",143527,0.23823767165239446
sel_10,647,5,"1,2,5,8,31",9251,0.015355554707172177
sel_10,648,4,"1,2,4,8",28211,0.046826889400500955
sel_10,649,4,"1,2,14,17",17052,0.028304282657734298
sel_10,650,3,"2,4,9",33892,0.056256670644846983
sel_10,651,4,"1,2,3,12",34724,0.057637691238984615
sel_10,652,3,"1,2,4",143527,0.23823767165239446
sel_10,653,6,"1,2,3,9,16,17",8025,0.013320541187445328
sel_10,654,5,"1,2,3,9,14",8882,0.014743058794627962
sel_10,655,3,"1,2,4",143527,0.23823767165239446
sel_10,656,4,"1,2,3,36",8021,0.013313901665358127
sel_10,657,3,"1,2,4",143527,0.23823767165239446
sel_10,658,3,"9,16,17",8455,0.014034289811819345
sel_10,659,6,"1,2,4,7,11,72",13269,0.022024954643764742
sel_10,660,3,"1,2,4",143527,0.23823767165239446
sel_10,661,3,"1,2,114",20558,0.034123823767165239
sel_10,662,4,"1,3,4,12",19460,0.032301274954228798
sel_10,663,3,"1,2,92",23642,0.039242895296396567
sel_10,664,3,"1,2,28",25991,0.043141954642104859
sel_10,665,3,"1,2,4",143527,0.23823767165239446
sel_10,666,3,"3,9,16",25748,0.042738603675307449
sel_10,667,3,"4,7,42",6631,0.011006667740056071
sel_10,668,4,"1,2,5,8",27841,0.046212733607434935
sel_10,669,3,"1,2,154",10650,0.017677727557170436
sel_10,670,3,"1,2,4",143527,0.23823767165239446
sel_10,671,5,"1,2,3,4,23",13485,0.02238348883647355
sel_10,672,5,"1,2,4,14,17",7524,0.012488941046023508
sel_10,673,3,"1,2,4",143527,0.23823767165239446
sel_10,674,3,"1,2,9",78529,0.1303487574964354
sel_10,675,3,"2,7,14",12290,0.020399931612922501
sel_10,676,3,"1,6,37",9672,0.016054364406849996
sel_10,677,4,"1,2,7,10",23200,0.038509228105760948
sel_10,678,3,"1,2,4",143527,0.23823767165239446
sel_10,679,3,"1,2,4",143527,0.23823767165239446
sel_10,680,3,"1,4,91",12694,0.021070523343729719
sel_10,681,3,"1,2,4",143527,0.23823767165239446
sel_10,682,3,"9,12,19",10311,0.017115028060280223
sel_10,683,3,"1,2,4",143527,0.23823767165239446
sel_10,684,3,"1,20,98",24354,0.040424730227918197
sel_10,685,3,"1,5,37",7931,0.013164512418396123
sel_10,686,3,"1,2,4",143527,0.23823767165239446
sel_10,687,3,"1,4,6",33205,0.055116332726370357
sel_10,688,4,"1,2,11,80",10952,0.018179011474754047
sel_10,689,3,"1,2,4",143527,0.23823767165239446
sel_10,690,3,"1,5,210",11542,0.019158340982616071
sel_10,691,3,"3,16,24",7145,0.011859846328261292
sel_10,692,3,"1,2,4",143527,0.23823767165239446
sel_10,693,3,"1,2,4",143527,0.23823767165239446
sel_10,694,3,"2,7,42",10871,0.018044561152488245
sel_10,695,3,"2,7,284",9548,0.015848539222146789
sel_10,696,3,"1,2,4",143527,0.23823767165239446
sel_10,697,3,"1,2,4",143527,0.23823767165239446
sel_10,698,3,"1,2,4",143527,0.23823767165239446
sel_10,699,4,"1,2,9,19",21397,0.035516463524955473
sel_10,700,3,"4,36,72",6335,0.010515343105603259
sel_10,701,3,"1,2,4",143527,0.23823767165239446
sel_10,702,5,"1,2,6,49,70",7685,0.012756181810033313
sel_10,703,4,"1,2,7,29",24122,0.040039637946860586
sel_10,704,5,"1,2,4,23,38",8252,0.013697334065893936
sel_10,705,3,"1,11,16",19277,0.031997516818739385
sel_10,706,4,"2,9,16,17",8455,0.014034289811819345
sel_10,707,3,"1,2,4",143527,0.23823767165239446
sel_10,708,3,"1,7,42",10876,0.018052860555097243
sel_10,709,3,"1,2,20",50137,0.083221429721488646
sel_10,710,3,"2,11,16",19275,0.031994197057695788
sel_10,711,3,"4,17,27",7949,0.013194390267788524
sel_10,712,3,"1,2,4",143527,0.23823767165239446
sel_10,713,4,"2,4,14,16",8628,0.014321449142090752
sel_10,714,3,"1,2,4",143527,0.23823767165239446
sel_10,715,3,"1,16,26",13095,0.021736135432971534
sel_10,716,4,"1,2,6,47",7580,0.012581894355244309
sel_10,717,3,"1,2,4",143527,0.23823767165239446
sel_10,718,4,"2,20,98,498",8197,0.013606040637194936
sel_10,719,4,"1,2,3,28",6110,0.01014186998819825
sel_10,720,3,"1,2,174",11908,0.019765857253594886
sel_10,721,3,"1,6,47",7660,0.012714684796988313
sel_10,722,3,"1,2,4",143527,0.23823767165239446
sel_10,723,4,"1,2,9,17",13772,0.022859874546230164
sel_10,724,3,"1,2,81",22119,0.036714897261695106
sel_10,725,3,"1,2,4",143527,0.23823767165239446
sel_10,726,5,"1,2,7,42,72",7099,0.01178349182425849
sel_10,727,3,"1,2,4",143527,0.23823767165239446
sel_10,728,3,"1,2,112",7879,0.013078198631262522
sel_10,729,3,"7,42,72",7101,0.011786811585302089
sel_10,730,3,"1,2,4",143527,0.23823767165239446
sel_10,731,4,"1,2,11,72",24260,0.040268701458868988
sel_10,732,3,"1,5,35",14390,0.023885680708702589
sel_10,733,3,"1,2,4",143527,0.23823767165239446
sel_10,734,3,"1,2,117",7982,0.013249166325007927
sel_10,735,3,"1,2,4",143527,0.23823767165239446
sel_10,736,4,"1,2,11,24",20341,0.033763629693934628
sel_10,737,3,"1,2,58",9168,0.015217784623862774
sel_10,738,5,"1,2,3,9,13",9007,0.014950543859852969
sel_10,739,3,"1,2,4",143527,0.23823767165239446
sel_10,740,3,"1,2,4",143527,0.23823767165239446
sel_10,741,4,"1,4,36,72",6335,0.010515343105603259
sel_10,742,3,"1,9,72",17561,0.029149161843330516
sel_10,743,5,"1,2,3,16,17",12751,0.021165136533472319
sel_10,744,3,"1,2,4",143527,0.23823767165239446
sel_10,745,4,"1,4,6,12",10669,0.017709265287084636
sel_10,746,3,"1,2,4",143527,0.23823767165239446
sel_10,747,3,"2,23,38",10347,0.017174783759065022
sel_10,748,3,"1,2,166",15425,0.025603657048765629
sel_10,749,3,"2,54,264",8880,0.014739739033584363
sel_10,750,3,"1,2,4",143527,0.23823767165239446
sel_10,751,3,"1,2,4",143527,0.23823767165239446
sel_10,752,3,"2,6,12",21037,0.034918906537107462
sel_10,753,6,"2,3,4,9,16,17",7305,0.012125427211749298
sel_10,754,4,"1,2,7,11",32719,0.054309630792775537
sel_10,755,4,"1,2,4,7",57597,0.095604138414116954
sel_10,756,3,"1,2,4",143527,0.23823767165239446
sel_10,757,3,"2,9,38",17313,0.028737511473924109
sel_10,758,4,"3,4,9,16",16517,0.027416246578571276
sel_10,759,3,"1,2,4",143527,0.23823767165239446
sel_10,760,3,"4,11,49",10170,0.016880984906706416
sel_10,761,4,"1,2,5,25",7619,0.01264662969559451
sel_10,762,3,"6,49,70",7686,0.012757841690555114
sel_10,763,3,"1,2,32",21450,0.035604437192610874
sel_10,764,3,"9,14,16",6639,0.011019946784230471
sel_10,765,3,"1,2,4",143527,0.23823767165239446
sel_10,766,3,"2,5,271",12182,0.020220664516568097
sel_10,767,4,"2,3,11,26",6755,0.011212492924759275
sel_10,768,3,"1,2,47",20236,0.033589342239145628
sel_10,769,3,"1,4,17",23928,0.039717621125631375
sel_10,770,3,"1,2,4",143527,0.23823767165239446
sel_10,771,3,"3,12,16",18206,0.030219784779891543
sel_10,772,3,"1,2,4",143527,0.23823767165239446
sel_10,773,3,"1,2,156",7086,0.01176191337747509
sel_10,774,3,"1,2,4",143527,0.23823767165239446
sel_10,775,3,"1,2,4",143527,0.23823767165239446
sel_10,776,5,"1,2,4,11,72",18035,0.029935945210663735
sel_10,777,3,"1,2,17",51761,0.085917075688891911
sel_10,778,3,"1,5,8",28532,0.047359711047998763
sel_10,779,3,"1,2,67",18124,0.030083674577103939
sel_10,780,4,"1,2,4,9",33888,0.05625003112275978
sel_10,781,3,"1,2,4",143527,0.23823767165239446
sel_10,782,3,"2,5,182",11299,0.018754990015818662
sel_10,783,3,"1,2,4",143527,0.23823767165239446
sel_10,784,3,"1,2,246",6343,0.010528622149777659
sel_10,785,3,"1,2,259",10763,0.017865294056133841
sel_10,786,4,"1,2,15,265",7404,0.012289755383407503
sel_10,787,3,"1,2,4",143527,0.23823767165239446
sel_10,788,3,"1,2,4",143527,0.23823767165239446
sel_10,789,3,"10,14,18",7088,0.01176523313851869
sel_10,790,3,"1,7,29",24163,0.040107693048254386
sel_10,791,4,"2,4,7,45",7277,0.012078950557138897
sel_10,792,3,"1,2,4",143527,0.23823767165239446
sel_10,793,3,"1,2,4",143527,0.23823767165239446
sel_10,794,3,"3,4,23",13489,0.022390128358560749
sel_10,795,3,"2,4,7",57615,0.095634016263509355
sel_10,796,3,"1,2,4",143527,0.23823767165239446
sel_10,797,3,"2,4,5",21797,0.036180415733675489
sel_10,798,5,"1,2,4,11,36",16637,0.027615432241187281
sel_10,799,3,"1,2,4",143527,0.23823767165239446
sel_10,800,3,"2,7,21",14920,0.024765417385256609
sel_10,801,3,"1,2,4",143527,0.23823767165239446
sel_10,802,3,"2,3,43",6257,0.010385872424902855
sel_10,803,3,"1,2,4",143527,0.23823767165239446
sel_10,804,3,"1,2,4",143527,0.23823767165239446
sel_10,805,4,"1,2,23,98",6494,0.010779264108569464
sel_10,806,3,"1,2,43",15714,0.026083362519565841
sel_10,807,3,"1,2,4",143527,0.23823767165239446
sel_10,808,4,"1,2,4,10",26127,0.04336769839306967
sel_10,809,3,"1,7,26",8694,0.014431001256529555
sel_10,810,3,"1,2,4",143527,0.23823767165239446
sel_10,811,3,"1,2,53",19096,0.031697078444293578
sel_10,812,3,"1,2,4",143527,0.23823767165239446
sel_10,813,3,"2,6,257",6493,0.010777604228047665
sel_10,814,3,"1,5,194",6668,0.011068083319362673
sel_10,815,3,"1,2,4",143527,0.23823767165239446
sel_10,816,3,"2,12,23",22088,0.036663440965519302
sel_10,817,3,"1,3,16",42766,0.070986450395300549
sel_10,818,3,"1,2,4",143527,0.23823767165239446
sel_10,819,3,"1,2,4",143527,0.23823767165239446
sel_10,820,4,"1,2,8,28",14929,0.02478035630995281
sel_10,821,4,"2,8,12,16",7349,0.0121984619547085
sel_10,822,4,"1,3,4,8",8999,0.014937264815678567
sel_10,823,3,"1,2,4",143527,0.23823767165239446
sel_10,824,3,"2,6,72",13398,0.022239079231076948
sel_10,825,3,"2,3,17",21689,0.036001148637321088
sel_10,826,3,"1,2,4",143527,0.23823767165239446
sel_10,827,3,"1,2,4",143527,0.23823767165239446
sel_10,828,3,"1,2,4",143527,0.23823767165239446
sel_10,829,3,"1,2,4",143527,0.23823767165239446
sel_10,830,3,"1,2,4",143527,0.23823767165239446
sel_10,831,3,"1,2,498",28741,0.047706626077054975
sel_10,832,4,"1,2,7,34",7371,0.012234979326188101
sel_10,833,3,"2,6,182",6471,0.010741086856568063
sel_10,834,3,"1,2,4",143527,0.23823767165239446
sel_10,835,3,"1,2,4",143527,0.23823767165239446
sel_10,836,3,"1,11,36",17697,0.029374905594295321
sel_10,837,3,"4,7,48",8553,0.014196958102955749
sel_10,838,4,"1,2,16,135",11920,0.019785775819856487
sel_10,839,3,"1,2,4",143527,0.23823767165239446
sel_10,840,3,"1,10,788",9952,0.016519130952954007
sel_10,841,5,"1,2,4,7,29",19765,0.03280753851337781
sel_10,842,5,"1,2,4,6,12",10667,0.017705945526041034
sel_10,843,3,"1,2,96",25502,0.042330273066944639
sel_10,844,4,"1,2,6,13",14175,0.02352880639651558
sel_10,845,3,"2,3,24",14677,0.0243620664184592
sel_10,846,3,"1,2,4",143527,0.23823767165239446
sel_10,847,5,"1,2,6,11,72",6540,0.010855618612572266
sel_10,848,3,"1,2,178",6387,0.010601656892736861
sel_10,849,4,"2,3,9,16",25748,0.042738603675307449
sel_10,850,6,"1,2,4,7,29,72",11030,0.018308482155454449
sel_10,851,3,"2,7,72",24875,0.041289527979776017
sel_10,852,4,"1,4,11,72",18035,0.029935945210663735
sel_10,853,3,"1,2,4",143527,0.23823767165239446
sel_10,854,3,"1,2,91",22732,0.03773240402155853
sel_10,855,3,"1,2,4",143527,0.23823767165239446
sel_10,856,3,"1,2,6",126249,0.20955825599673336
sel_10,857,3,"1,16,31",6087,0.010103692736196849
sel_10,858,5,"1,2,3,4,16",25491,0.04231201438120484
sel_10,859,3,"1,2,4",143527,0.23823767165239446
sel_10,860,3,"1,2,4",143527,0.23823767165239446
sel_10,861,3,"1,2,52",17943,0.029783236202658131
sel_10,862,3,"1,2,4",143527,0.23823767165239446
sel_10,863,7,"1,2,3,4,9,16,17",7305,0.012125427211749298
sel_10,864,3,"1,2,4",143527,0.23823767165239446
sel_10,865,3,"1,98,498",8232,0.013664136455457936
sel_10,866,3,"1,11,72",24272,0.040288620025130589
sel_10,867,3,"1,2,10",87440,0.14513995282619557
sel_10,868,3,"1,2,4",143527,0.23823767165239446
sel_10,869,3,"3,4,38",10583,0.017566515562209832
sel_10,870,4,"1,2,4,17",23860,0.039604749250148973
sel_10,871,3,"1,2,4",143527,0.23823767165239446
sel_10,872,3,"3,4,26",11078,0.018388156420500852
sel_10,873,3,"12,17,24",7686,0.012757841690555114
sel_10,874,4,"1,2,4,31",8981,0.014907386966286167
sel_10,875,5,"1,2,3,9,38",11913,0.019774156656203887
sel_10,876,3,"3,16,26",9931,0.016484273461996206
sel_10,877,6,"1,2,3,4,9,16",16517,0.027416246578571276
sel_10,878,3,"1,2,48",40586,0.067367910857776464
sel_10,879,3,"3,7,12",13127,0.021789251609669137
sel_10,880,3,"1,7,10",23214,0.038532466433066147
sel_10,881,3,"1,2,4",143527,0.23823767165239446
sel_10,882,3,"1,2,4",143527,0.23823767165239446
sel_10,883,3,"1,2,788",10156,0.016857746579401214
sel_10,884,3,"1,2,4",143527,0.23823767165239446
sel_10,885,3,"1,2,4",143527,0.23823767165239446
sel_10,886,3,"1,2,50",10293,0.017085150210887821
sel_10,887,3,"1,2,4",143527,0.23823767165239446
sel_10,888,3,"1,2,4",143527,0.23823767165239446
sel_10,889,3,"1,2,4",143527,0.23823767165239446
sel_10,890,6,"1,2,3,4,9,17",9181,0.015239363070646175
sel_10,891,3,"1,46,79",7191,0.011936200832264094
sel_10,892,3,"1,2,4",143527,0.23823767165239446
sel_10,893,3,"1,2,4",143527,0.23823767165239446
sel_10,894,3,"1,2,4",143527,0.23823767165239446
sel_10,895,4,"1,4,11,17",6437,0.010684650918826862
sel_10,896,4,"1,2,36,72",6743,0.011192574358497675
sel_10,897,3,"1,2,4",143527,0.23823767165239446
sel_10,898,3,"1,4,72",25402,0.042164285014764637
sel_10,899,4,"2,3,12,23",13249,0.02199175703332874
sel_10,900,4,"1,2,3,27",20129,0.033411735023313023
sel_10,901,3,"1,2,4",143527,0.23823767165239446
sel_10,902,3,"1,3,4",54123,0.089837713481383613
sel_10,903,4,"2,4,23,38",8252,0.013697334065893936
sel_10,904,5,"1,2,5,8,114",7574,0.012571935072113509
sel_10,905,3,"2,8,28",14939,0.024796955115170809
sel_10,906,3,"2,6,289",11971,0.01987042972646829
sel_10,907,3,"1,2,4",143527,0.23823767165239446
sel_10,908,3,"1,2,31",37474,0.062202362673934732
sel_10,909,3,"1,11,29",12774,0.021203313785473722
sel_10,910,5,"1,2,3,16,23",7104,0.011791791226867489
sel_10,911,3,"1,2,4",143527,0.23823767165239446
sel_10,912,3,"1,2,4",143527,0.23823767165239446
sel_10,913,3,"1,2,4",143527,0.23823767165239446
sel_10,914,4,"1,2,10,11",15710,0.026076722997478641
sel_10,915,3,"1,2,4",143527,0.23823767165239446
sel_10,916,3,"2,6,78",7462,0.012386028453671904
sel_10,917,3,"1,14,16",17573,0.029169080409592117
sel_10,918,3,"1,3,14",20140,0.033429993709052822
sel_10,919,4,"2,3,4,42",6164,0.010231503536375452
sel_10,920,4,"1,2,10,13",10659,0.017692666481866636
sel_10,921,3,"2,4,38",21263,0.035294039535034266
sel_10,922,3,"1,2,4",143527,0.23823767165239446
sel_10,923,6,"1,3,4,7,11,72",6194,0.010281299952029452
sel_10,924,3,"1,6,28",8952,0.014859250431153966
sel_10,925,3,"1,2,35",34026,0.05647909463476819
sel_10,926,3,"1,2,4",143527,0.23823767165239446
sel_10,927,3,"4,7,91",6928,0.011499652255030683
sel_10,928,3,"2,229,379",9918,0.016462695015212806
sel_10,929,3,"1,2,4",143527,0.23823767165239446
sel_10,930,3,"1,2,4",143527,0.23823767165239446
sel_10,931,3,"1,39,498",8374,0.013899839489553542
sel_10,932,3,"7,11,29",11056,0.018351639049021252
sel_10,933,3,"1,2,4",143527,0.23823767165239446
sel_10,934,3,"1,2,4",143527,0.23823767165239446
sel_10,935,3,"2,14,17",17111,0.028402215608520499
sel_10,936,4,"1,2,7,67",9840,0.016333224334512401
sel_10,937,4,"1,2,4,42",12770,0.021196674263386523
sel_10,938,3,"7,10,12",10153,0.016852766937835814
sel_10,939,3,"2,72,137",10578,0.017558216159600831
sel_10,940,6,"1,2,4,7,11,29",10754,0.01785035513143764
sel_10,941,3,"1,2,4",143527,0.23823767165239446
sel_10,942,5,"1,2,3,14,16",9965,0.016540709399737407
sel_10,943,3,"9,11,72",10095,0.016756493867571411
sel_10,944,5,"1,2,4,7,10",13670,0.022690566733006557
sel_10,945,6,"2,4,7,11,29,72",7898,0.013109736361176723
sel_10,946,5,"1,2,4,16,17",11723,0.019458779357061879
sel_10,947,3,"1,2,4",143527,0.23823767165239446
sel_10,948,3,"2,7,48",14860,0.024665824553948605
sel_10,949,4,"1,7,11,36",9001,0.014940584576722168
sel_10,950,3,"1,6,70",29071,0.048254386649248984
sel_10,951,4,"1,2,118,137",6154,0.010214904731157451
sel_10,952,3,"1,2,4",143527,0.23823767165239446
sel_10,953,4,"1,4,11,12",12241,0.020318597467354298
sel_10,954,4,"1,2,96,202",6499,0.010787563511178466
sel_10,955,3,"4,12,16",13402,0.022245718753164147
sel_10,956,3,"1,2,4",143527,0.23823767165239446
sel_10,957,3,"2,25,40",7147,0.011863166089304891
sel_10,958,3,"1,2,205",6760,0.011220792327368277
sel_10,959,4,"1,5,8,271",7279,0.012082270318182497
sel_10,960,3,"1,2,4",143527,0.23823767165239446
sel_10,961,3,"1,4,38",21271,0.035307318579208671
sel_10,962,3,"4,11,72",18037,0.029939264971707336
sel_10,963,3,"4,11,27",6140,0.010191666403852251
sel_10,964,4,"1,2,5,20",14946,0.024808574278823409
sel_10,965,3,"1,2,4",143527,0.23823767165239446
sel_10,966,3,"1,2,4",143527,0.23823767165239446
sel_10,967,7,"1,2,4,7,11,29,72",7898,0.013109736361176723
sel_10,968,4,"1,2,23,57",8952,0.014859250431153966
sel_10,969,3,"1,9,134",6081,0.010093733453066049
sel_10,970,3,"1,3,17",21708,0.036032686367235285
sel_10,971,3,"4,7,49",9837,0.016328244692947001
sel_10,972,3,"1,2,4",143527,0.23823767165239446
sel_10,973,3,"1,2,63",18458,0.030638074671385154
sel_10,974,3,"1,2,4",143527,0.23823767165239446
sel_10,975,5,"1,2,3,6,16",8094,0.013435072943449531
sel_10,976,3,"1,2,138",16466,0.027331592671959472
sel_10,977,3,"1,2,4",143527,0.23823767165239446
sel_10,978,3,"1,2,4",143527,0.23823767165239446
sel_10,979,4,"1,3,7,29",7176,0.011911302624437093
sel_10,980,3,"1,2,273",6284,0.010430689198991457
sel_10,981,3,"1,2,46",30268,0.050241263633843639
sel_10,982,3,"1,2,4",143527,0.23823767165239446
sel_10,983,3,"1,2,4",143527,0.23823767165239446
sel_10,984,3,"14,16,17",6719,0.011152737225974475
sel_10,985,3,"1,2,4",143527,0.23823767165239446
sel_10,986,4,"1,2,45,95",7522,0.012485621284979907
sel_10,987,4,"1,2,11,36",17691,0.029364946311164524
sel_10,988,3,"1,12,70",6933,0.011507951657639683
sel_10,989,3,"1,2,93",8100,0.01344503222658033
sel_10,990,3,"1,2,4",143527,0.23823767165239446
sel_10,991,3,"1,2,4",143527,0.23823767165239446
sel_10,992,4,"1,11,36,72",6274,0.010414090393773456
sel_10,993,4,"1,7,11,29",11056,0.018351639049021252
sel_10,994,3,"1,2,4",143527,0.23823767165239446
sel_10,995,4,"1,3,7,9",14652,0.024320569405414199
sel_10,996,4,"1,3,4,7",24394,0.040491125448790195
sel_10,997,3,"1,2,4",143527,0.23823767165239446
sel_10,998,3,"1,2,4",143527,0.23823767165239446
sel_10,999,3,"1,2,4",143527,0.23823767165239446
sel_30,0,3,"1,6,8",16304,0.027062692027427865
sel_30,1,1,1,582582,0.9670165141513114
sel_30,2,2,"1,2",548561,0.91054571891915215
sel_30,3,1,1,582582,0.9670165141513114
sel_30,4,2,"2,17",52277,0.086773574038140733
sel_30,5,2,"2,10",87844,0.14581054455700279
sel_30,6,2,"2,14",68593,0.1138561846318302
sel_30,7,4,"1,2,4,14",24000,0.03983713252320098
sel_30,8,2,"3,12",34735,0.05765594992472442
sel_30,9,1,1,582582,0.9670165141513114
sel_30,10,2,"1,48",41043,0.068126476256239077
sel_30,11,2,"1,2",548561,0.91054571891915215
sel_30,12,2,"2,42",24209,0.040184047552257192
sel_30,13,3,"2,3,19",13809,0.022921290125536765
sel_30,14,3,"1,2,87",20472,0.033981074042290435
sel_30,15,3,"4,7,8",9692,0.016087562017285995
sel_30,16,2,"1,2",548561,0.91054571891915215
sel_30,17,2,"1,2",548561,0.91054571891915215
sel_30,18,4,"1,2,6,12",21027,0.034902307731889459
sel_30,19,2,"1,2",548561,0.91054571891915215
sel_30,20,5,"2,4,7,11,72",13269,0.022024954643764742
sel_30,21,3,"1,4,16",32985,0.054751159011574346
sel_30,22,4,"1,2,3,16",42696,0.070870258758774549
sel_30,23,3,"1,2,8",72113,0.11969896406856634
sel_30,24,2,"1,325",15482,0.025698270238508233
sel_30,25,3,"3,14,16",9966,0.016542369280259206
sel_30,26,4,"1,2,9,38",17312,0.028735851593402306
sel_30,27,3,"1,2,19",36325,0.060295159954386481
sel_30,28,4,"1,2,9,10",18990,0.031521131108982775
sel_30,29,2,"1,2",548561,0.91054571891915215
sel_30,30,2,"11,29",12782,0.02121659282964812
sel_30,31,3,"4,11,21",10784,0.017900151547091639
sel_30,32,3,"1,2,28",25991,0.043141954642104859
sel_30,33,1,1,582582,0.9670165141513114
sel_30,34,2,"1,14",69425,0.11523720522596784
sel_30,35,3,"2,7,48",14860,0.024665824553948605
sel_30,36,5,"1,2,4,11,29",11345,0.018831344519821464
sel_30,37,1,1,582582,0.9670165141513114
sel_30,38,2,"1,54",28419,0.047172144549035358
sel_30,39,3,"1,3,39",9892,0.016419538121646003
sel_30,40,2,"6,72",13400,0.022242398992120545
sel_30,41,3,"1,2,42",24078,0.039966603203901385
sel_30,42,3,"2,6,12",21037,0.034918906537107462
sel_30,43,1,1,582582,0.9670165141513114
sel_30,44,2,"1,11",75989,0.12613266097106329
sel_30,45,5,"1,2,7,11,72",13822,0.022942868572320165
sel_30,46,2,"1,2",548561,0.91054571891915215
sel_30,47,2,"2,182",16021,0.026592945839758454
sel_30,48,3,"1,2,38",43795,0.072694467452232792
sel_30,49,2,"1,379",10427,0.017307574200809025
sel_30,50,2,"1,2",548561,0.91054571891915215
sel_30,51,2,"2,47",20399,0.033859902764199035
sel_30,52,3,"3,7,11",15647,0.025972150524605241
sel_30,53,3,"1,2,20",50137,0.083221429721488646
sel_30,54,3,"1,2,154",10650,0.017677727557170436
sel_30,55,3,"1,12,16",26680,0.04428561232162509
sel_30,56,1,1,582582,0.9670165141513114
sel_30,57,2,"10,788",9952,0.016519130952954007
sel_30,58,2,"9,11",24922,0.041367542364300618
sel_30,59,2,"4,48",18071,0.029995700909448537
sel_30,60,2,"8,14",18787,0.031184175363057367
sel_30,61,2,"2,128",16710,0.027736603519278681
sel_30,62,3,"4,7,72",18468,0.030654673476603153
sel_30,63,2,"1,2",548561,0.91054571891915215
sel_30,64,2,"1,498",28780,0.047771361417405178
sel_30,65,3,"1,3,37",17271,0.028667796492008506
sel_30,66,3,"2,8,12",15932,0.02644521647331825
sel_30,67,2,"1,4",144908,0.2405299666530003
sel_30,68,2,"1,2",548561,0.91054571891915215
sel_30,69,2,"1,2",548561,0.91054571891915215
sel_30,70,2,"1,2",548561,0.91054571891915215
sel_30,71,2,"7,11",32767,0.054389305057821941
sel_30,72,2,"6,37",9717,0.016129059030330996
sel_30,73,2,"1,2",548561,0.91054571891915215
sel_30,74,5,"1,2,3,4,17",15640,0.025960531360952638
sel_30,75,1,1,582582,0.9670165141513114
sel_30,76,2,"9,12",21692,0.036006128278886489
sel_30,77,2,"6,20",27869,0.046259210262045339
sel_30,78,2,"1,2",548561,0.91054571891915215
sel_30,79,2,"2,38",43881,0.072837217177107588
sel_30,80,2,"1,8",73658,0.1222634794747474
sel_30,81,2,"1,2",548561,0.91054571891915215
sel_30,82,2,"1,174",12147,0.020162568698305097
sel_30,83,1,1,582582,0.9670165141513114
sel_30,84,4,"1,4,7,72",18468,0.030654673476603153
sel_30,85,2,"2,28",26151,0.043407535525592865
sel_30,86,2,"1,132",12796,0.021239831156953323
sel_30,87,1,1,582582,0.9670165141513114
sel_30,88,4,"1,4,10,18",11649,0.019335948198448676
sel_30,89,2,"1,2",548561,0.91054571891915215
sel_30,90,2,"8,16",11487,0.019067047553917069
sel_30,91,2,"2,204",16360,0.027155645336648666
sel_30,92,2,"2,13",55110,0.091476015556400253
sel_30,93,2,"1,2",548561,0.91054571891915215
sel_30,94,4,"2,3,4,11",20113,0.03338517693496422
sel_30,95,4,"1,2,11,36",17691,0.029364946311164524
sel_30,96,2,"1,2",548561,0.91054571891915215
sel_30,97,2,"1,2",548561,0.91054571891915215
sel_30,98,1,1,582582,0.9670165141513114
sel_30,99,1,1,582582,0.9670165141513114
sel_30,100,2,"1,2",548561,0.91054571891915215
sel_30,101,2,"1,35",35744,0.059330769371220657
sel_30,102,1,1,582582,0.9670165141513114
sel_30,103,1,1,582582,0.9670165141513114
sel_30,104,2,"1,2",548561,0.91054571891915215
sel_30,105,2,"15,25",15370,0.025512363620066626
sel_30,106,3,"2,4,72",25399,0.042159305373199236
sel_30,107,1,1,582582,0.9670165141513114
sel_30,108,2,"27,95",13024,0.021618283915923731
sel_30,109,2,"9,16",29358,0.048730772359005602
sel_30,110,5,"1,2,9,11,24",10804,0.017933349157527641
sel_30,111,3,"2,7,72",24875,0.041289527979776017
sel_30,112,3,"4,7,29",19773,0.032820817557552208
sel_30,113,2,"46,87",12332,0.020469646594838103
sel_30,114,2,"2,788",10161,0.016866045982010216
sel_30,115,2,"1,272",11550,0.019171620026790473
sel_30,116,3,"1,4,498",9918,0.016462695015212806
sel_30,117,4,"2,3,12,16",18205,0.030218124899369744
sel_30,118,1,1,582582,0.9670165141513114
sel_30,119,2,"1,2",548561,0.91054571891915215
sel_30,120,2,"1,2",548561,0.91054571891915215
sel_30,121,4,"1,2,13,19",10450,0.017345751452810428
sel_30,122,2,"4,16",32988,0.054756138653139746
sel_30,123,2,"4,10",26183,0.043460651702290472
sel_30,124,2,"1,80",22778,0.037808758525561328
sel_30,125,2,"1,2",548561,0.91054571891915215
sel_30,126,3,"1,20,98",24354,0.040424730227918197
sel_30,127,2,"1,2",548561,0.91054571891915215
sel_30,128,2,"1,2",548561,0.91054571891915215
sel_30,129,3,"1,4,10",26156,0.04341583492820187
sel_30,130,2,"1,2",548561,0.91054571891915215
sel_30,131,2,"2,12",72874,0.12096213314565618
sel_30,132,2,"1,2",548561,0.91054571891915215
sel_30,133,2,"1,2",548561,0.91054571891915215
sel_30,134,3,"2,4,8",28226,0.046851787608327949
sel_30,135,2,"12,23",22093,0.0366717403681283
sel_30,136,2,"3,23",24116,0.040029678663729786
sel_30,137,2,"6,70",29126,0.04834568007794799
sel_30,138,2,"1,2",548561,0.91054571891915215
sel_30,139,2,"2,325",15421,0.02559701752667843
sel_30,140,5,"1,2,4,11,72",18035,0.029935945210663735
sel_30,141,2,"2,259",10819,0.017958247365354642
sel_30,142,2,"7,29",24199,0.040167448747039189
sel_30,143,2,"4,17",23960,0.039770737302328982
sel_30,144,1,1,582582,0.9670165141513114
sel_30,145,3,"1,2,498",28741,0.047706626077054975
sel_30,146,1,1,582582,0.9670165141513114
sel_30,147,2,"2,78",17356,0.02880888633636151
sel_30,148,2,"24,95",15551,0.025812801994512434
sel_30,149,1,1,582582,0.9670165141513114
sel_30,150,2,"1,2",548561,0.91054571891915215
sel_30,151,3,"2,3,4",54094,0.089789576946251407
sel_30,152,2,"4,38",21275,0.035313958101295867
sel_30,153,3,"2,12,39",14828,0.024612708377251005
sel_30,154,2,"2,125",10261,0.017032034034190218
sel_30,155,4,"1,2,6,48",16322,0.027092569876820266
sel_30,156,2,"1,2",548561,0.91054571891915215
sel_30,157,2,"2,248",8940,0.014839331864892365
sel_30,158,3,"1,3,9",48756,0.080929134720882798
sel_30,159,1,1,582582,0.9670165141513114
sel_30,160,2,"1,2",548561,0.91054571891915215
sel_30,161,1,1,582582,0.9670165141513114
sel_30,162,2,"1,2",548561,0.91054571891915215
sel_30,163,2,"1,43",15965,0.026499992530537652
sel_30,164,3,"1,23,38",10352,0.017183083161674023
sel_30,165,3,"1,2,163",11683,0.019392384136189877
sel_30,166,3,"1,4,38",21271,0.035307318579208671
sel_30,167,2,"1,202",16970,0.028168172454946693
sel_30,168,3,"1,2,204",16123,0.026762253652982057
sel_30,169,3,"1,7,29",24163,0.040107693048254386
sel_30,170,3,"2,3,9",48559,0.08060213825808818
sel_30,171,2,"1,2",548561,0.91054571891915215
sel_30,172,5,"1,2,3,14,16",9965,0.016540709399737407
sel_30,173,4,"1,2,11,91",11923,0.019790755461421887
sel_30,174,2,"1,2",548561,0.91054571891915215
sel_30,175,2,"2,92",23798,0.039501836657797371
sel_30,176,2,"1,23",59913,0.099448421702605844
sel_30,177,3,"1,8,12",15932,0.02644521647331825
sel_30,178,2,"1,2",548561,0.91054571891915215
sel_30,179,2,"10,18",39968,0.066342104695304036
sel_30,180,2,"1,2",548561,0.91054571891915215
sel_30,181,4,"2,4,9,16",17593,0.02920227802002812
sel_30,182,3,"2,4,17",23882,0.039641266621628576
sel_30,183,2,"1,2",548561,0.91054571891915215
sel_30,184,2,"1,2",548561,0.91054571891915215
sel_30,185,2,"1,2",548561,0.91054571891915215
sel_30,186,3,"1,2,325",15393,0.025550540872068029
sel_30,187,2,"1,2",548561,0.91054571891915215
sel_30,188,2,"2,8",72549,0.12042267197607116
sel_30,189,3,"2,10,38",11856,0.019679543466461284
sel_30,190,3,"2,12,16",26623,0.044190999131882486
sel_30,191,2,"1,36",22279,0.036980478145183113
sel_30,192,4,"2,3,12,38",9442,0.015672591886835986
sel_30,193,2,"12,18",11274,0.018713493002773661
sel_30,194,4,"1,2,4,38",21260,0.035289059893468866
sel_30,195,2,"1,2",548561,0.91054571891915215
sel_30,196,2,"2,91",22799,0.03784361601651913
sel_30,197,2,"1,2",548561,0.91054571891915215
sel_30,198,2,"2,521",9270,0.015387092437086379
sel_30,199,3,"2,11,72",24262,0.040272021219912593
sel_30,200,2,"1,2",548561,0.91054571891915215
sel_30,201,2,"1,22",26569,0.044101365583705282
sel_30,202,4,"1,2,10,325",14667,0.0243454676132412
sel_30,203,2,"1,2",548561,0.91054571891915215
sel_30,204,5,"1,2,4,9,16",17593,0.02920227802002812
sel_30,205,4,"1,3,4,23",13487,0.022386808597517151
sel_30,206,2,"1,2",548561,0.91054571891915215
sel_30,207,2,"1,63",19180,0.031836508408124783
sel_30,208,3,"1,2,180",11907,0.019764197373073087
sel_30,209,2,"1,2",548561,0.91054571891915215
sel_30,210,2,"6,14",15509,0.025743087012596835
sel_30,211,3,"2,16,17",16823,0.027924170018242087
sel_30,212,2,"1,2",548561,0.91054571891915215
sel_30,213,4,"1,2,3,6",28712,0.047658489541922776
sel_30,214,2,"4,8",28302,0.046977938527984757
sel_30,215,2,"1,2",548561,0.91054571891915215
sel_30,216,2,"1,2",548561,0.91054571891915215
sel_30,217,2,"1,265",9614,0.015958091336585593
sel_30,218,2,"7,42",10894,0.018082738404489644
sel_30,219,4,"2,4,12,17",9713,0.016122419508243797
sel_30,220,3,"1,3,4",54123,0.089837713481383613
sel_30,221,2,"1,131",16392,0.02720876151334627
sel_30,222,3,"1,4,70",11950,0.019835572235510489
sel_30,223,3,"1,7,16",20857,0.03462012804318345
sel_30,224,2,"1,2",548561,0.91054571891915215
sel_30,225,2,"5,271",12378,0.020546001098840905
sel_30,226,3,"2,9,10",18998,0.031534410153157173
sel_30,227,2,"1,2",548561,0.91054571891915215
sel_30,228,3,"1,2,69",17925,0.029753358353265733
sel_30,229,4,"2,3,4,6",10814,0.017949947962745641
sel_30,230,2,"1,2",548561,0.91054571891915215
sel_30,231,2,"1,2",548561,0.91054571891915215
sel_30,232,2,"1,2",548561,0.91054571891915215
sel_30,233,3,"1,2,17",51761,0.085917075688891911
sel_30,234,2,"1,2",548561,0.91054571891915215
sel_30,235,2,"2,116",17089,0.028365698237040899
sel_30,236,3,"1,2,114",20558,0.034123823767165239
sel_30,237,3,"1,9,24",16348,0.027135726770387069
sel_30,238,2,"1,2",548561,0.91054571891915215
sel_30,239,2,"1,2",548561,0.91054571891915215
sel_30,240,2,"9,19",21618,0.035883297120273286
sel_30,241,2,"12,16",26759,0.04441674288284729
sel_30,242,3,"1,7,11",32753,0.054366066730516735
sel_30,243,3,"2,11,27",13304,0.022083050462027742
sel_30,244,2,"1,49",38447,0.063817426421646173
sel_30,245,2,"6,48",16416,0.027248598645869471
sel_30,246,2,"2,53",19223,0.031907883270562182
sel_30,247,3,"1,3,16",42766,0.070986450395300549
sel_30,248,3,"1,4,19",11011,0.018276944425540249
sel_30,249,2,"1,2",548561,0.91054571891915215
sel_30,250,2,"1,2",548561,0.91054571891915215
sel_30,251,3,"1,2,14",68055,0.11296316891110178
sel_30,252,1,1,582582,0.9670165141513114
sel_30,253,1,1,582582,0.9670165141513114
sel_30,254,2,"2,209",11538,0.019151701460528872
sel_30,255,4,"1,2,3,4",54077,0.089761358977380815
sel_30,256,2,"1,248",8969,0.014887468400024566
sel_30,257,1,1,582582,0.9670165141513114
sel_30,258,2,"1,2",548561,0.91054571891915215
sel_30,259,3,"2,12,24",13348,0.022156085204986947
sel_30,260,2,"1,2",548561,0.91054571891915215
sel_30,261,2,"1,194",11674,0.019377445211493677
sel_30,262,2,"9,38",17322,0.028752450398620306
sel_30,263,2,"1,2",548561,0.91054571891915215
sel_30,264,3,"1,9,38",17319,0.028747470757054906
sel_30,265,3,"2,6,17",9115,0.015129810956207372
sel_30,266,3,"1,2,35",34026,0.05647909463476819
sel_30,267,3,"4,7,11",29777,0.049426262297639814
sel_30,268,2,"1,240",10389,0.017244498740980625
sel_30,269,2,"1,2",548561,0.91054571891915215
sel_30,270,2,"37,99",9569,0.01588339671310459
sel_30,271,2,"1,137",17886,0.029688623012915531
sel_30,272,2,"13,19",10540,0.01749514069977243
sel_30,273,1,1,582582,0.9670165141513114
sel_30,274,2,"1,58",9789,0.016248570427900601
sel_30,275,2,"1,2",548561,0.91054571891915215
sel_30,276,2,"1,78",17575,0.029172400170635718
sel_30,277,2,"9,26",9376,0.015563039772397183
sel_30,278,4,"1,2,11,16",19273,0.03199087729665219
sel_30,279,3,"1,2,66",14409,0.023917218438616789
sel_30,280,2,"1,204",16759,0.027817937664846883
sel_30,281,4,"1,4,7,16",14549,0.024149601711668793
sel_30,282,3,"2,9,17",13777,0.022868173948839162
sel_30,283,3,"4,11,29",11348,0.018836324161386864
sel_30,284,4,"1,2,6,35",15174,0.025187027037793821
sel_30,285,1,1,582582,0.9670165141513114
sel_30,286,2,"2,76",9107,0.015116531912032972
sel_30,287,2,"2,61",13730,0.022790159564314561
sel_30,288,3,"1,2,37",34006,0.056445897024332191
sel_30,289,2,"1,233",11248,0.018670336109206858
sel_30,290,2,"12,24",13349,0.022157745085508745
sel_30,291,4,"1,3,12,16",18206,0.030219784779891543
sel_30,292,2,"1,259",10870,0.018042901271966443
sel_30,293,2,"1,2",548561,0.91054571891915215
sel_30,294,3,"1,2,147",11846,0.019662944661243284
sel_30,295,2,"1,2",548561,0.91054571891915215
sel_30,296,3,"2,27,95",13023,0.021616624035401932
sel_30,297,2,"1,2",548561,0.91054571891915215
sel_30,298,2,"2,210",12858,0.021342743749304924
sel_30,299,2,"2,98",31532,0.052339352613398886
sel_30,300,2,"1,2",548561,0.91054571891915215
sel_30,301,2,"1,408",10812,0.017946628201702043
sel_30,302,2,"1,2",548561,0.91054571891915215
sel_30,303,2,"5,114",16339,0.027120787845690868
sel_30,304,4,"1,2,27,80",10088,0.016744874703918812
sel_30,305,2,"1,2",548561,0.91054571891915215
sel_30,306,2,"2,80",22689,0.037661029159121125
sel_30,307,2,"1,2",548561,0.91054571891915215
sel_30,308,1,1,582582,0.9670165141513114
sel_30,309,2,"1,2",548561,0.91054571891915215
sel_30,310,4,"1,2,4,23",22120,0.036716557142216902
sel_30,311,5,"1,2,3,9,16",25747,0.042736943794785653
sel_30,312,3,"1,2,80",22627,0.037558116566769523
sel_30,313,1,1,582582,0.9670165141513114
sel_30,314,2,"1,2",548561,0.91054571891915215
sel_30,315,3,"1,16,27",9592,0.015921573965105993
sel_30,316,3,"1,4,9",33903,0.056274929330586781
sel_30,317,2,"3,16",42813,0.071064464779825143
sel_30,318,5,"1,2,9,12,16",9801,0.016268488994162202
sel_30,319,3,"1,2,12",72709,0.12068825285955917
sel_30,320,2,"2,66",14585,0.024209357410453596
sel_30,321,2,"1,34",32778,0.054407563743561739
sel_30,322,2,"1,2",548561,0.91054571891915215
sel_30,323,2,"24,72",10024,0.016638642350523609
sel_30,324,4,"2,3,7,16",12877,0.021374281479219125
sel_30,325,3,"1,12,13",11012,0.018278604306062051
sel_30,326,2,"1,2",548561,0.91054571891915215
sel_30,327,3,"2,8,11",12231,0.020301998662136299
sel_30,328,2,"1,2",548561,0.91054571891915215
sel_30,329,2,"1,2",548561,0.91054571891915215
sel_30,330,3,"1,2,31",37474,0.062202362673934732
sel_30,331,3,"1,2,138",16466,0.027331592671959472
sel_30,332,3,"1,2,24",50256,0.083418955503582859
sel_30,333,4,"1,3,7,12",13127,0.021789251609669137
sel_30,334,3,"1,2,49",38135,0.063299543698844551
sel_30,335,2,"1,69",18291,0.030360874624244548
sel_30,336,2,"1,39",19960,0.033131215215128816
sel_30,337,2,"1,2",548561,0.91054571891915215
sel_30,338,2,"2,19",36531,0.060637095341877292
sel_30,339,2,"1,2",548561,0.91054571891915215
sel_30,340,2,"1,18",46899,0.077846736591900112
sel_30,341,3,"1,2,5",73235,0.12156135001402599
sel_30,342,2,"1,2",548561,0.91054571891915215
sel_30,343,2,"17,23",13176,0.021870585755237339
sel_30,344,4,"1,2,7,10",23200,0.038509228105760948
sel_30,345,1,1,582582,0.9670165141513114
sel_30,346,1,1,582582,0.9670165141513114
sel_30,347,4,"1,2,12,16",26564,0.044093066181096284
sel_30,348,1,1,582582,0.9670165141513114
sel_30,349,2,"1,2",548561,0.91054571891915215
sel_30,350,4,"1,2,5,8",27841,0.046212733607434935
sel_30,351,3,"1,2,788",10156,0.016857746579401214
sel_30,352,2,"16,17",16832,0.027939108942938287
sel_30,353,2,"1,2",548561,0.91054571891915215
sel_30,354,2,"1,299",11282,0.018726772046948059
sel_30,355,2,"1,32",22296,0.037008696114053712
sel_30,356,4,"1,2,4,17",23860,0.039604749250148973
sel_30,357,2,"7,21",15050,0.024981201853090614
sel_30,358,2,"1,3",123327,0.20470808511203364
sel_30,359,3,"2,5,8",28018,0.046506532459793547
sel_30,360,2,"1,2",548561,0.91054571891915215
sel_30,361,1,1,582582,0.9670165141513114
sel_30,362,3,"1,2,65",14250,0.023653297435650582
sel_30,363,3,"2,7,29",24142,0.040072835557296585
sel_30,364,2,"1,2",548561,0.91054571891915215
sel_30,365,4,"1,2,12,13",10996,0.018252046217713248
sel_30,366,2,"1,289",12843,0.021317845541477923
sel_30,367,3,"2,12,38",14045,0.023313021928681572
sel_30,368,2,"2,107",20995,0.034849191555191859
sel_30,369,5,"1,2,4,12,23",11259,0.01868859479494666
sel_30,370,3,"7,11,72",13824,0.022946188333363763
sel_30,371,2,"1,53",19384,0.03217512403457199
sel_30,372,3,"1,5,31",12729,0.021128619161992719
sel_30,373,3,"3,7,12",13127,0.021789251609669137
sel_30,374,2,"3,21",13333,0.022131186997159946
sel_30,375,3,"1,4,18",12853,0.021334444346695926
sel_30,376,3,"2,10,18",39856,0.066156198076862432
sel_30,377,4,"1,2,7,72",24870,0.041281228577167019
sel_30,378,3,"2,10,30",11778,0.019550072785760882
sel_30,379,2,"3,7",32569,0.054060648714505527
sel_30,380,2,"80,95",15189,0.025211925245620822
sel_30,381,3,"2,7,12",26504,0.04399347334978828
sel_30,382,3,"2,4,6",33137,0.055003460850887954
sel_30,383,3,"3,9,14",8884,0.014746378555671564
sel_30,384,5,"1,2,4,9,38",9417,0.015631094873790986
sel_30,385,2,"18,118",9030,0.01498872111185437
sel_30,386,2,"7,72",24891,0.041316086068124813
sel_30,387,3,"2,20,23",9295,0.01542858945013138
sel_30,388,1,1,582582,0.9670165141513114
sel_30,389,3,"2,3,17",21689,0.036001148637321088
sel_30,390,3,"1,9,16",29357,0.048729112478483799
sel_30,391,3,"2,4,11",49059,0.081432078518988205
sel_30,392,2,"1,2",548561,0.91054571891915215
sel_30,393,3,"1,2,13",54728,0.090841941197072631
sel_30,394,2,"2,7",103896,0.17245494669293704
sel_30,395,2,"1,2",548561,0.91054571891915215
sel_30,396,2,"1,2",548561,0.91054571891915215
sel_30,397,2,"1,2",548561,0.91054571891915215
sel_30,398,2,"1,2",548561,0.91054571891915215
sel_30,399,2,"1,2",548561,0.91054571891915215
sel_30,400,2,"1,116",17272,0.028669456372530305
sel_30,401,2,"6,98",13964,0.02317857160641577
sel_30,402,4,"1,2,29,72",12436,0.020642274169105308
sel_30,403,2,"2,52",18006,0.029887808675531535
sel_30,404,3,"1,10,19",11080,0.018391476181544453
sel_30,405,2,"2,48",40715,0.067582035445088659
sel_30,406,2,"1,2",548561,0.91054571891915215
sel_30,407,2,"23,38",10355,0.017188062803239423
sel_30,408,2,"1,126",12949,0.02149379287678873
sel_30,409,3,"1,4,7",57642,0.095678833037597957
sel_30,410,2,"1,2",548561,0.91054571891915215
sel_30,411,2,"2,30",38868,0.064516236121323983
sel_30,412,2,"1,2",548561,0.91054571891915215
sel_30,413,4,"1,2,12,23",22087,0.0366617810849975
sel_30,414,4,"2,4,11,49",10168,0.016877665145662815
sel_30,415,2,"1,2",548561,0.91054571891915215
sel_30,416,2,"2,70",39074,0.064858171508814802
sel_30,417,2,"11,23",9651,0.016019506915892195
sel_30,418,3,"2,37,99",9515,0.01579376316492739
sel_30,419,3,"1,15,60",11595,0.019246314650271473
sel_30,420,2,"31,128",11463,0.019027210421393867
sel_30,421,2,"1,2",548561,0.91054571891915215
sel_30,422,4,"1,3,14,16",9965,0.016540709399737407
sel_30,423,2,"1,2",548561,0.91054571891915215
sel_30,424,2,"1,2",548561,0.91054571891915215
sel_30,425,4,"1,2,9,17",13772,0.022859874546230164
sel_30,426,2,"2,29",39630,0.065781065078935622
sel_30,427,2,"2,160",12437,0.020643934049627107
sel_30,428,2,"1,16",68038,0.11293495094223117
sel_30,429,2,"2,36",22151,0.036768013438392706
sel_30,430,3,"3,4,12",19460,0.032301274954228798
sel_30,431,2,"2,194",11642,0.019324329034796077
sel_30,432,2,"1,2",548561,0.91054571891915215
sel_30,433,1,1,582582,0.9670165141513114
sel_30,434,1,1,582582,0.9670165141513114
sel_30,435,2,"1,79",21695,0.036011107920451889
sel_30,436,2,"5,31",12805,0.021254770081649523
sel_30,437,3,"1,4,13",13341,0.022144466041334344
sel_30,438,3,"1,6,17",9252,0.015357214587693978
sel_30,439,2,"6,10",20592,0.034180259704906443
sel_30,440,2,"4,42",12841,0.021314525780434326
sel_30,441,2,"1,2",548561,0.91054571891915215
sel_30,442,2,"1,17",53122,0.088176173079061768
sel_30,443,2,"11,24",20353,0.033783548260196229
sel_30,444,4,"1,2,10,788",9952,0.016519130952954007
sel_30,445,2,"1,114",20748,0.034439201066307247
sel_30,446,3,"2,4,167",9983,0.016570587249129808
sel_30,447,3,"2,3,14",20126,0.033406755381747623
sel_30,448,3,"1,3,14",20140,0.033429993709052822
sel_30,449,2,"1,2",548561,0.91054571891915215
sel_30,450,3,"1,7,49",13182,0.02188054503836814
sel_30,451,2,"2,18",46629,0.077398568851014107
sel_30,452,3,"1,11,29",12774,0.021203313785473722
sel_30,453,2,"2,20",50500,0.083823966350902057
sel_30,454,2,"4,7",57674,0.09573194921429555
sel_30,455,3,"1,2,26",21770,0.036135598959586887
sel_30,456,2,"1,2",548561,0.91054571891915215
sel_30,457,1,1,582582,0.9670165141513114
sel_30,458,2,"1,19",37218,0.061777433260353919
sel_30,459,2,"2,387",10961,0.018193950399450248
sel_30,460,2,"24,27",16432,0.027275156734218271
sel_30,461,2,"1,2",548561,0.91054571891915215
sel_30,462,2,"2,137",17771,0.029497736752908527
sel_30,463,2,"4,45",9122,0.015141430119859972
sel_30,464,2,"1,2",548561,0.91054571891915215
sel_30,465,2,"2,132",12186,0.020227304038655299
sel_30,466,4,"2,3,4,23",13487,0.022386808597517151
sel_30,467,3,"1,10,11",15721,0.026094981683218443
sel_30,468,2,"8,114",9184,0.015244342712211575
sel_30,469,2,"6,28",8969,0.014887468400024566
sel_30,470,4,"1,2,9,18",12968,0.02152533060670293
sel_30,471,2,"1,2",548561,0.91054571891915215
sel_30,472,2,"4,5",21937,0.036412799006727496
sel_30,473,2,"2,79",21635,0.035911515089143885
sel_30,474,3,"2,4,29",23249,0.038590562251329147
sel_30,475,2,"11,12",15413,0.025583738482504028
sel_30,476,1,1,582582,0.9670165141513114
sel_30,477,2,"1,2",548561,0.91054571891915215
sel_30,478,2,"4,26",13699,0.02273870326813876
sel_30,479,2,"1,2",548561,0.91054571891915215
sel_30,480,3,"1,2,482",9443,0.015674251767357785
sel_30,481,2,"1,2",548561,0.91054571891915215
sel_30,482,1,1,582582,0.9670165141513114
sel_30,483,3,"1,4,29",23290,0.038658617352722954
sel_30,484,2,"10,11",15729,0.026108260727392842
sel_30,485,4,"1,4,7,11",29774,0.049421282656074414
sel_30,486,2,"1,2",548561,0.91054571891915215
sel_30,487,2,"1,2",548561,0.91054571891915215
sel_30,488,1,1,582582,0.9670165141513114
sel_30,489,3,"2,9,72",17562,0.029150821723852319
sel_30,490,3,"1,2,79",21601,0.03585507915140268
sel_30,491,2,"2,3",122550,0.20341835794659499
sel_30,492,3,"1,2,3",122163,0.20277598418465839
sel_30,493,3,"1,80,95",15189,0.025211925245620822
sel_30,494,1,1,582582,0.9670165141513114
sel_30,495,3,"1,2,67",18124,0.030083674577103939
sel_30,496,2,"1,2",548561,0.91054571891915215
sel_30,497,2,"2,72",50028,0.083040502744612443
sel_30,498,2,"1,2",548561,0.91054571891915215
sel_30,499,2,"9,13",12660,0.021014087405988518
sel_30,500,2,"6,38",9407,0.015614496068572984
sel_30,501,4,"1,2,4,16",32981,0.054744519489487144
sel_30,502,4,"2,3,9,17",10766,0.017870273697699241
sel_30,503,2,"1,2",548561,0.91054571891915215
sel_30,504,3,"1,4,36",17762,0.029482797828212327
sel_30,505,2,"2,284",10198,0.016927461561316817
sel_30,506,2,"1,2",548561,0.91054571891915215
sel_30,507,2,"1,2",548561,0.91054571891915215
sel_30,508,2,"2,180",11955,0.019843871638119487
sel_30,509,4,"1,2,18,49",9868,0.016379700989122802
sel_30,510,2,"1,2",548561,0.91054571891915215
sel_30,511,2,"2,167",12204,0.020257181888047697
sel_30,512,4,"1,2,4,72",25397,0.042155985612155639
sel_30,513,2,"1,2",548561,0.91054571891915215
sel_30,514,3,"1,2,4",143527,0.23823767165239446
sel_30,515,3,"1,11,49",11702,0.019423921866104078
sel_30,516,1,1,582582,0.9670165141513114
sel_30,517,2,"1,45",23787,0.039483577972057572
sel_30,518,2,"1,2",548561,0.91054571891915215
sel_30,519,2,"1,2",548561,0.91054571891915215
sel_30,520,2,"1,28",26537,0.044048249407007682
sel_30,521,2,"1,2",548561,0.91054571891915215
sel_30,522,3,"2,27,80",10088,0.016744874703918812
sel_30,523,1,1,582582,0.9670165141513114
sel_30,524,2,"14,31",10160,0.016864386101488413
sel_30,525,2,"4,11",49160,0.081599726451690002
sel_30,526,2,"1,2",548561,0.91054571891915215
sel_30,527,2,"2,27",35531,0.058977214820077249
sel_30,528,2,"1,118",18250,0.030292819522850744
sel_30,529,2,"1,26",22011,0.036535630165340699
sel_30,530,4,"1,2,6,70",28998,0.048133215371157584
sel_30,531,5,"1,2,4,9,17",10890,0.018076098882402445
sel_30,532,2,"12,13",11016,0.01828524382814925
sel_30,533,1,1,582582,0.9670165141513114
sel_30,534,2,"1,2",548561,0.91054571891915215
sel_30,535,4,"2,9,12,19",10311,0.017115028060280223
sel_30,536,2,"7,18",14043,0.023309702167637975
sel_30,537,2,"1,41",23640,0.039239575535352962
sel_30,538,2,"1,2",548561,0.91054571891915215
sel_30,539,3,"1,23,57",8970,0.014889128280546367
sel_30,540,3,"2,9,12",21680,0.035986209712624888
sel_30,541,3,"1,7,284",9550,0.01585185898319039
sel_30,542,2,"1,2",548561,0.91054571891915215
sel_30,543,2,"1,37",34403,0.057104869591486807
sel_30,544,2,"1,91",22917,0.038039481918091533
sel_30,545,2,"5,30",12654,0.021004128122857717
sel_30,546,2,"1,2",548561,0.91054571891915215
sel_30,547,2,"2,103",13172,0.021863946233150137
sel_30,548,2,"1,2",548561,0.91054571891915215
sel_30,549,5,"1,2,3,12,16",18205,0.030218124899369744
sel_30,550,3,"2,6,20",27676,0.04593885332133793
sel_30,551,2,"1,94",16335,0.027114148323603666
sel_30,552,2,"2,87",20551,0.034112204603512636
sel_30,553,4,"2,3,14,16",9966,0.016542369280259206
sel_30,554,6,"1,2,3,4,16,17",10526,0.017471902372467228
sel_30,555,2,"1,2",548561,0.91054571891915215
sel_30,556,2,"1,2",548561,0.91054571891915215
sel_30,557,2,"1,2",548561,0.91054571891915215
sel_30,558,2,"1,2",548561,0.91054571891915215
sel_30,559,1,1,582582,0.9670165141513114
sel_30,560,3,"1,3,12",34732,0.05765097028315902
sel_30,561,2,"2,31",37635,0.062469603437944533
sel_30,562,2,"1,210",12919,0.021443996461134728
sel_30,563,2,"1,2",548561,0.91054571891915215
sel_30,564,2,"3,49",11005,0.018266985142409448
sel_30,565,2,"1,2",548561,0.91054571891915215
sel_30,566,1,1,582582,0.9670165141513114
sel_30,567,2,"3,498",11493,0.019077006837047869
sel_30,568,3,"1,7,72",24884,0.041304466904472217
sel_30,569,5,"1,2,4,7,72",18468,0.030654673476603153
sel_30,570,2,"1,2",548561,0.91054571891915215
sel_30,571,2,"16,72",10710,0.017777320388478436
sel_30,572,3,"1,8,9",14344,0.023809326204699787
sel_30,573,2,"2,685",9357,0.015531502042482982
sel_30,574,2,"45,49",11587,0.019233035606097074
sel_30,575,2,"1,2",548561,0.91054571891915215
sel_30,576,3,"1,2,34",31159,0.051720217178767472
sel_30,577,4,"1,2,6,16",13132,0.021797551012278135
sel_30,578,2,"2,26",21861,0.036286648087070696
sel_30,579,2,"1,2",548561,0.91054571891915215
sel_30,580,3,"2,9,95",9102,0.015108232509423971
sel_30,581,2,"1,2",548561,0.91054571891915215
sel_30,582,2,"1,2",548561,0.91054571891915215
sel_30,583,2,"1,2",548561,0.91054571891915215
sel_30,584,2,"2,382",15923,0.026430277548622049
sel_30,585,2,"1,482",9516,0.015795423045449189
sel_30,586,2,"1,2",548561,0.91054571891915215
sel_30,587,2,"2,37",34148,0.056681600058427796
sel_30,588,2,"1,2",548561,0.91054571891915215
sel_30,589,4,"1,2,3,27",20129,0.033411735023313023
sel_30,590,3,"2,19,96",9640,0.016001248230152393
sel_30,591,3,"1,2,115",11967,0.019863790204381088
sel_30,592,3,"1,2,137",17707,0.029391504399513324
sel_30,593,2,"1,2",548561,0.91054571891915215
sel_30,594,2,"1,2",548561,0.91054571891915215
sel_30,595,2,"7,36",10909,0.018107636612316645
sel_30,596,3,"2,10,325",14668,0.024347127493762999
sel_30,597,1,1,582582,0.9670165141513114
sel_30,598,2,"1,2",548561,0.91054571891915215
sel_30,599,2,"1,10",88165,0.14634336620450061
sel_30,600,2,"1,2",548561,0.91054571891915215
sel_30,601,2,"1,382",15975,0.026516591335755652
sel_30,602,2,"1,2",548561,0.91054571891915215
sel_30,603,2,"13,116",9822,0.01630334648512
sel_30,604,2,"3,37",17280,0.028682735416704706
sel_30,605,2,"1,2",548561,0.91054571891915215
sel_30,606,3,"1,7,167",11079,0.018389816301022651
sel_30,607,2,"1,2",548561,0.91054571891915215
sel_30,608,4,"1,2,14,16",17568,0.029160781006983116
sel_30,609,1,1,582582,0.9670165141513114
sel_30,610,3,"2,6,49",10812,0.017946628201702043
sel_30,611,3,"2,18,24",10997,0.01825370609823505
sel_30,612,2,"2,22",25681,0.042627391680346849
sel_30,613,3,"1,2,9",78529,0.1303487574964354
sel_30,614,1,1,582582,0.9670165141513114
sel_30,615,4,"1,2,72,137",10578,0.017558216159600831
sel_30,616,4,"2,4,7,49",9836,0.016326584812425202
sel_30,617,3,"1,2,11",75235,0.12488111105762607
sel_30,618,2,"1,2",548561,0.91054571891915215
sel_30,619,2,"1,7",104468,0.17340439835140667
sel_30,620,3,"2,11,29",12771,0.021198334143908322
sel_30,621,2,"1,2",548561,0.91054571891915215
sel_30,622,2,"2,379",10383,0.017234539457849824
sel_30,623,4,"1,2,12,38",14044,0.023311362048159773
sel_30,624,1,1,582582,0.9670165141513114
sel_30,625,2,"1,2",548561,0.91054571891915215
sel_30,626,1,1,582582,0.9670165141513114
sel_30,627,3,"3,12,16",18206,0.030219784779891543
sel_30,628,2,"2,94",16175,0.026848567440115659
sel_30,629,2,"3,9",48961,0.081269410227851793
sel_30,630,3,"1,2,91",22732,0.03773240402155853
sel_30,631,2,"1,29",40390,0.067042574275503655
sel_30,632,2,"4,39",10928,0.018139174342230845
sel_30,633,2,"1,20",51147,0.084897909048506692
sel_30,634,2,"1,2",548561,0.91054571891915215
sel_30,635,2,"6,69",13192,0.021897143843586139
sel_30,636,2,"8,81",13557,0.022503000234043155
sel_30,637,5,"1,2,4,6,12",10667,0.017705945526041034
sel_30,638,2,"1,95",25376,0.042121128121197837
sel_30,639,2,"1,87",20775,0.034484017840395849
sel_30,640,2,"1,2",548561,0.91054571891915215
sel_30,641,2,"3,26",14545,0.024142962189581594
sel_30,642,3,"1,11,72",24272,0.040288620025130589
sel_30,643,3,"1,11,12",15412,0.025582078601982229
sel_30,644,2,"10,53",9105,0.015113212150989371
sel_30,645,2,"1,2",548561,0.91054571891915215
sel_30,646,5,"1,2,10,12,18",10373,0.017217940652631825
sel_30,647,3,"2,4,38",21263,0.035294039535034266
sel_30,648,4,"1,2,16,17",16819,0.027917530496154887
sel_30,649,1,1,582582,0.9670165141513114
sel_30,650,1,1,582582,0.9670165141513114
sel_30,651,3,"2,6,70",29029,0.048184671667333388
sel_30,652,3,"1,12,72",11650,0.019337608078970475
sel_30,653,5,"1,2,4,11,36",16637,0.027615432241187281
sel_30,654,3,"1,9,19",21541,0.035755486320094683
sel_30,655,2,"1,154",10967,0.018203909682581048
sel_30,656,3,"1,2,284",10182,0.016900903472968017
sel_30,657,3,"4,12,16",13402,0.022245718753164147
sel_30,658,2,"1,42",24409,0.040516023656617196
sel_30,659,2,"1,2",548561,0.91054571891915215
sel_30,660,5,"1,2,3,4,12",19459,0.032299615073706996
sel_30,661,2,"5,14",13283,0.022048192971069941
sel_30,662,2,"1,2",548561,0.91054571891915215
sel_30,663,1,1,582582,0.9670165141513114
sel_30,664,2,"4,91",12696,0.021073843104773317
sel_30,665,2,"1,2",548561,0.91054571891915215
sel_30,666,1,1,582582,0.9670165141513114
sel_30,667,3,"2,8,14",18658,0.030970050775745162
sel_30,668,2,"5,48",9180,0.015237703190124375
sel_30,669,2,"3,72",16405,0.027230339960129669
sel_30,670,2,"9,17",13797,0.022901371559275165
sel_30,671,2,"2,54",27994,0.046466695327270345
sel_30,672,2,"7,14",12399,0.020580858589798707
sel_30,673,2,"5,15",9010,0.014955523501418369
sel_30,674,3,"2,10,12",17654,0.029303530731857919
sel_30,675,1,1,582582,0.9670165141513114
sel_30,676,2,"2,240",10341,0.017164824475934221
sel_30,677,2,"1,2",548561,0.91054571891915215
sel_30,678,3,"1,2,76",8982,0.014909046846807966
sel_30,679,2,"2,77",8954,0.014862570192197565
sel_30,680,3,"1,6,38",9397,0.015597897263354983
sel_30,681,3,"1,3,7",32561,0.054047369670331129
sel_30,682,2,"1,98",31751,0.052702866447673094
sel_30,683,2,"1,89",8926,0.014816093537587165
sel_30,684,2,"1,2",548561,0.91054571891915215
sel_30,685,1,1,582582,0.9670165141513114
sel_30,686,2,"10,16",19414,0.032224920450225993
sel_30,687,3,"1,2,27",35396,0.058753130949634247
sel_30,688,3,"1,2,63",18458,0.030638074671385154
sel_30,689,2,"1,2",548561,0.91054571891915215
sel_30,690,3,"2,9,16",29357,0.048729112478483799
sel_30,691,2,"1,2",548561,0.91054571891915215
sel_30,692,3,"2,4,36",17753,0.029467858903516126
sel_30,693,2,"1,2",548561,0.91054571891915215
sel_30,694,5,"1,2,7,10,18",12782,0.02121659282964812
sel_30,695,4,"1,9,12,16",9801,0.016268488994162202
sel_30,696,2,"1,67",18250,0.030292819522850744
sel_30,697,3,"2,24,27",16400,0.027222040557520668
sel_30,698,2,"1,6",128941,0.21402665436141907
sel_30,699,2,"1,167",12266,0.020360094480399302
sel_30,700,4,"2,3,9,16",25748,0.042738603675307449
sel_30,701,3,"2,4,7",57615,0.095634016263509355
sel_30,702,3,"2,17,24",9882,0.016402939316428004
sel_30,703,2,"7,9",24725,0.041040545901506006
sel_30,704,4,"1,2,20,98",24328,0.040381573334351391
sel_30,705,2,"10,49",12317,0.020444748387011102
sel_30,706,2,"1,2",548561,0.91054571891915215
sel_30,707,2,"7,48",14874,0.024689062881253807
sel_30,708,2,"2,39",19865,0.032973526565557812
sel_30,709,2,"1,115",12144,0.020157589056739696
sel_30,710,2,"2,106",12703,0.02108546226842592
sel_30,711,4,"2,3,17,27",9531,0.01582032125327619
sel_30,712,2,"1,2",548561,0.91054571891915215
sel_30,713,2,"4,9",33908,0.056283228733195786
sel_30,714,2,"2,135",19572,0.032487181572670401
sel_30,715,4,"2,7,10,18",12783,0.021218252710169923
sel_30,716,2,"1,2",548561,0.91054571891915215
sel_30,717,1,1,582582,0.9670165141513114
sel_30,718,2,"1,2",548561,0.91054571891915215
sel_30,719,2,"1,2",548561,0.91054571891915215
sel_30,720,2,"4,19",11021,0.018293543230758252
sel_30,721,3,"1,24,80",12667,0.021025706569641117
sel_30,722,3,"2,40,113",9032,0.014992040872897969
sel_30,723,3,"1,6,48",16387,0.027200462110737268
sel_30,724,3,"2,6,27",9506,0.015778824240231189
sel_30,725,3,"1,2,16",67661,0.11230917598551256
sel_30,726,3,"3,9,16",25748,0.042738603675307449
sel_30,727,2,"2,62",9627,0.015979669783368993
sel_30,728,4,"1,2,3,13",15837,0.026287527823747246
sel_30,729,4,"1,2,11,80",10952,0.018179011474754047
sel_30,730,4,"1,2,7,29",24122,0.040039637946860586
sel_30,731,4,"1,2,6,20",27625,0.045854199414726127
sel_30,732,2,"1,72",50151,0.083244668048793852
sel_30,733,5,"1,2,3,4,16",25491,0.04231201438120484
sel_30,734,2,"1,2",548561,0.91054571891915215
sel_30,735,3,"1,3,8",19544,0.032440704918059997
sel_30,736,2,"1,92",23962,0.03977405706337258
sel_30,737,4,"1,3,9,12",13406,0.022252358275251346
sel_30,738,2,"1,2",548561,0.91054571891915215
sel_30,739,3,"2,4,26",13692,0.022727084104486157
sel_30,740,3,"2,4,70",11939,0.019817313549770687
sel_30,741,2,"1,163",11780,0.019553392546804479
sel_30,742,3,"2,7,8",15519,0.025759685817814834
sel_30,743,2,"1,2",548561,0.91054571891915215
sel_30,744,2,"3,14",20167,0.033474810483141423
sel_30,745,3,"2,12,23",22088,0.036663440965519302
sel_30,746,6,"1,2,3,4,12,16",10877,0.018054520435619045
sel_30,747,1,1,582582,0.9670165141513114
sel_30,748,2,"1,31",38096,0.063234808358494349
sel_30,749,2,"1,2",548561,0.91054571891915215
sel_30,750,1,1,582582,0.9670165141513114
sel_30,751,2,"1,2",548561,0.91054571891915215
sel_30,752,2,"1,2",548561,0.91054571891915215
sel_30,753,2,"2,58",9541,0.01583692005849419
sel_30,754,2,"1,64",9610,0.015951451814498391
sel_30,755,5,"1,3,4,9,11",10443,0.017334132289157825
sel_30,756,2,"11,16",19279,0.03200083657978299
sel_30,757,2,"2,25",35002,0.058099138024045031
sel_30,758,1,1,582582,0.9670165141513114
sel_30,759,3,"1,2,64",9054,0.015028558244377569
sel_30,760,2,"4,23",22182,0.036819469734568504
sel_30,761,3,"1,2,54",27731,0.046030146750036929
sel_30,762,2,"1,2",548561,0.91054571891915215
sel_30,763,4,"1,2,7,42",10859,0.018024642586226644
sel_30,764,2,"20,30",9748,0.016180515326506797
sel_30,765,3,"7,9,12",11375,0.018881140935475466
sel_30,766,2,"1,2",548561,0.91054571891915215
sel_30,767,3,"1,2,7",103574,0.17192046516491744
sel_30,768,2,"1,2",548561,0.91054571891915215
sel_30,769,2,"2,6",127108,0.2109840933649596
sel_30,770,2,"1,2",548561,0.91054571891915215
sel_30,771,3,"1,2,43",15714,0.026083362519565841
sel_30,772,2,"2,23",59515,0.098787789254929426
sel_30,773,1,1,582582,0.9670165141513114
sel_30,774,2,"1,52",18099,0.030042177564058938
sel_30,775,2,"2,63",18729,0.031087902292792964
sel_30,776,4,"2,3,4,9",25113,0.041684579543964428
sel_30,777,2,"12,38",14049,0.023319661450768775
sel_30,778,2,"79,154",8865,0.014714840825757362
sel_30,779,5,"1,2,4,7,12",20376,0.033821725512197635
sel_30,780,2,"2,49",38243,0.063478810795198959
sel_30,781,1,1,582582,0.9670165141513114
sel_30,782,3,"1,2,209",11260,0.018690254675468459
sel_30,783,2,"1,106",12979,0.021543589292442732
sel_30,784,1,1,582582,0.9670165141513114
sel_30,785,2,"2,264",10013,0.01662038366478381
sel_30,786,3,"1,31,81",9195,0.015262601397951376
sel_30,787,5,"1,2,7,29,72",11951,0.019837232116032288
sel_30,788,2,"13,482",9013,0.014960503142983767
sel_30,789,2,"11,72",24275,0.040293599666695989
sel_30,790,1,1,582582,0.9670165141513114
sel_30,791,3,"1,2,134",11661,0.019355866764710277
sel_30,792,3,"1,24,27",16413,0.027243619004304071
sel_30,793,3,"1,2,6",126249,0.20955825599673336
sel_30,794,2,"1,47",20790,0.03450891604822285
sel_30,795,3,"1,2,264",9962,0.016535729758172007
sel_30,796,3,"4,9,11",15130,0.025113992294834617
sel_30,797,2,"11,95",11305,0.018764949298949462
sel_30,798,2,"1,2",548561,0.91054571891915215
sel_30,799,2,"4,6",33265,0.055215925557678361
sel_30,800,6,"1,2,3,4,9,16",16517,0.027416246578571276
sel_30,801,2,"1,2",548561,0.91054571891915215
sel_30,802,2,"1,2",548561,0.91054571891915215
sel_30,803,2,"1,2",548561,0.91054571891915215
sel_30,804,3,"1,13,19",10506,0.017438704762031229
sel_30,805,2,"11,17",10353,0.017184743042195822
sel_30,806,2,"1,15",47755,0.079267594318560952
sel_30,807,2,"2,131",16291,0.027041113580644465
sel_30,808,3,"1,12,498",11281,0.01872511216642626
sel_30,809,2,"2,11",75451,0.12523964525033487
sel_30,810,3,"1,15,25",15138,0.025127271339009018
sel_30,811,2,"1,2",548561,0.91054571891915215
sel_30,812,2,"1,2",548561,0.91054571891915215
sel_30,813,2,"1,2",548561,0.91054571891915215
sel_30,814,2,"11,91",11929,0.019800714744552687
sel_30,815,5,"1,4,7,11,72",13269,0.022024954643764742
sel_30,816,1,1,582582,0.9670165141513114
sel_30,817,2,"1,2",548561,0.91054571891915215
sel_30,818,3,"1,2,18",46509,0.077199383188398099
sel_30,819,2,"1,9",79456,0.13188746674014404
sel_30,820,3,"1,4,72",25402,0.042164285014764637
sel_30,821,4,"1,2,9,19",21397,0.035516463524955473
sel_30,822,4,"2,3,4,12",19459,0.032299615073706996
sel_30,823,2,"6,16",13142,0.021814149817496138
sel_30,824,2,"1,2",548561,0.91054571891915215
sel_30,825,5,"1,2,3,4,27",10487,0.017407167032117029
sel_30,826,2,"1,2",548561,0.91054571891915215
sel_30,827,3,"1,2,70",38894,0.06455939301489079
sel_30,828,2,"1,2",548561,0.91054571891915215
sel_30,829,2,"1,2",548561,0.91054571891915215
sel_30,830,2,"7,167",11080,0.018391476181544453
sel_30,831,2,"1,2",548561,0.91054571891915215
sel_30,832,2,"1,38",44053,0.073122716626857195
sel_30,833,2,"1,2",548561,0.91054571891915215
sel_30,834,3,"1,2,58",9168,0.015217784623862774
sel_30,835,2,"1,27",35727,0.059302551402350058
sel_30,836,2,"3,38",18053,0.029965823060056136
sel_30,837,2,"1,2",548561,0.91054571891915215
sel_30,838,4,"1,2,3,23",24088,0.039983202009119381
sel_30,839,3,"1,2,233",11117,0.018452891760851055
sel_30,840,5,"1,2,4,7,29",19765,0.03280753851337781
sel_30,841,2,"14,23",14613,0.024255834065063996
sel_30,842,4,"2,4,7,12",20376,0.033821725512197635
sel_30,843,2,"5,22",10410,0.017279356231938426
sel_30,844,1,1,582582,0.9670165141513114
sel_30,845,3,"1,2,36",22084,0.036656801443432099
sel_30,846,2,"1,81",22369,0.037129867392145112
sel_30,847,2,"1,5",75720,0.12568615311069908
sel_30,848,2,"1,103",13460,0.02234199182342855
sel_30,849,4,"2,7,29,72",11953,0.019840551877075889
sel_30,850,5,"2,4,7,11,29",10754,0.01785035513143764
sel_30,851,5,"1,2,11,24,27",10326,0.01713992626810722
sel_30,852,2,"1,85",8884,0.014746378555671564
sel_30,853,3,"1,6,12",21056,0.034950444267021659
sel_30,854,2,"1,2",548561,0.91054571891915215
sel_30,855,2,"2,50",10426,0.017305914320287226
sel_30,856,2,"2,99",15960,0.02649169312792865
sel_30,857,2,"1,2",548561,0.91054571891915215
sel_30,858,3,"1,2,521",9259,0.015368833751346579
sel_30,859,1,1,582582,0.9670165141513114
sel_30,860,4,"1,2,9,12",21675,0.035977910310015883
sel_30,861,2,"2,9",78988,0.13111064265594163
sel_30,862,2,"2,33",13091,0.021729495910884335
sel_30,863,2,"1,2",548561,0.91054571891915215
sel_30,864,3,"1,7,9",24719,0.041030586618375206
sel_30,865,3,"1,6,70",29071,0.048254386649248984
sel_30,866,2,"2,4",144043,0.23909417000164329
sel_30,867,2,"1,2",548561,0.91054571891915215
sel_30,868,3,"1,2,166",15425,0.025603657048765629
sel_30,869,4,"1,2,11,72",24260,0.040268701458868988
sel_30,870,2,"1,46",30636,0.050852099665866048
sel_30,871,3,"1,2,21",37231,0.061799011707137322
sel_30,872,2,"2,32",21789,0.036167136689501091
sel_30,873,5,"1,2,3,10,16",9157,0.015199525938122974
sel_30,874,3,"2,4,9",33892,0.056256670644846983
sel_30,875,3,"1,4,49",16218,0.026919942302553061
sel_30,876,2,"2,46",30412,0.050480286428982842
sel_30,877,3,"1,2,116",16979,0.028183111379642894
sel_30,878,4,"3,4,12,16",10877,0.018054520435619045
sel_30,879,3,"1,2,61",13324,0.022116248072463745
sel_30,880,3,"2,9,38",17313,0.028737511473924109
sel_30,881,4,"1,2,4,11",49032,0.081387261744899603
sel_30,882,2,"1,2",548561,0.91054571891915215
sel_30,883,3,"2,7,42",10871,0.018044561152488245
sel_30,884,2,"1,2",548561,0.91054571891915215
sel_30,885,2,"16,135",11921,0.019787435700378286
sel_30,886,4,"1,3,4,7",24394,0.040491125448790195
sel_30,887,2,"1,2",548561,0.91054571891915215
sel_30,888,3,"5,8,31",9494,0.015758905673969589
sel_30,889,2,"4,72",25405,0.042169264656330037
sel_30,890,2,"5,23",12509,0.020763445447196712
sel_30,891,2,"1,2",548561,0.91054571891915215
sel_30,892,2,"4,24",13518,0.022438264893692952
sel_30,893,4,"2,4,7,11",29772,0.049417962895030816
sel_30,894,2,"8,23",17270,0.028666136611486707
sel_30,895,2,"1,2",548561,0.91054571891915215
sel_30,896,6,"1,2,3,4,9,17",9181,0.015239363070646175
sel_30,897,2,"1,2",548561,0.91054571891915215
sel_30,898,3,"2,7,21",14920,0.024765417385256609
sel_30,899,3,"3,4,9",25117,0.041691219066051624
sel_30,900,2,"1,2",548561,0.91054571891915215
sel_30,901,4,"1,2,3,12",34724,0.057637691238984615
sel_30,902,2,"1,2",548561,0.91054571891915215
sel_30,903,2,"2,15",46889,0.077830137786682116
sel_30,904,3,"1,2,167",12181,0.020219004636046298
sel_30,905,6,"1,2,4,7,29,72",11030,0.018308482155454449
sel_30,906,5,"1,3,4,9,17",9182,0.015241022951167974
sel_30,907,4,"1,2,4,29",23220,0.038542425716196947
sel_30,908,2,"1,2",548561,0.91054571891915215
sel_30,909,3,"1,2,72",49983,0.08296580812113144
sel_30,910,3,"2,54,264",8880,0.014739739033584363
sel_30,911,2,"3,17",21732,0.036072523499758487
sel_30,912,3,"2,24,95",15551,0.025812801994512434
sel_30,913,2,"1,2",548561,0.91054571891915215
sel_30,914,5,"2,3,4,9,17",9182,0.015241022951167974
sel_30,915,1,1,582582,0.9670165141513114
sel_30,916,3,"1,10,12",17655,0.029305190612379722
sel_30,917,2,"1,2",548561,0.91054571891915215
sel_30,918,2,"1,2",548561,0.91054571891915215
sel_30,919,4,"1,2,8,11",12223,0.020288719617961901
sel_30,920,4,"1,2,23,38",10345,0.017171463998021424
sel_30,921,2,"1,70",39305,0.065241603909350604
sel_30,922,2,"2,40",28230,0.046858427130415152
sel_30,923,2,"4,67",9874,0.016389660272253602
sel_30,924,4,"2,4,11,36",16637,0.027615432241187281
sel_30,925,2,"1,2",548561,0.91054571891915215
sel_30,926,4,"2,3,4,17",15643,0.025965511002518038
sel_30,927,3,"2,72,137",10578,0.017558216159600831
sel_30,928,2,"1,2",548561,0.91054571891915215
sel_30,929,3,"2,3,26",14541,0.024136322667494395
sel_30,930,2,"1,2",548561,0.91054571891915215
sel_30,931,2,"1,2",548561,0.91054571891915215
sel_30,932,5,"1,2,3,9,14",8882,0.014743058794627962
sel_30,933,4,"1,4,11,36",16637,0.027615432241187281
sel_30,934,2,"2,482",9483,0.015740646988229787
sel_30,935,3,"2,6,15",11060,0.018358278571108451
sel_30,936,3,"1,2,99",15822,0.026262629615920245
sel_30,937,2,"2,35",34433,0.057154666007140809
sel_30,938,2,"1,2",548561,0.91054571891915215
sel_30,939,3,"1,2,48",40586,0.067367910857776464
sel_30,940,2,"1,521",9281,0.015405351122826179
sel_30,941,2,"2,57",16844,0.027959027509199888
sel_30,942,2,"4,29",23327,0.038720032932029552
sel_30,943,2,"1,2",548561,0.91054571891915215
sel_30,944,3,"1,9,13",12645,0.020989189198161517
sel_30,945,3,"1,8,28",14978,0.024861690455521012
sel_30,946,2,"1,2",548561,0.91054571891915215
sel_30,947,3,"1,14,17",17232,0.028603061151658303
sel_30,948,2,"6,12",21068,0.03497036283328326
sel_30,949,4,"2,3,9,38",11913,0.019774156656203887
sel_30,950,3,"1,2,46",30268,0.050241263633843639
sel_30,951,2,"9,10",19010,0.031554328719418774
sel_30,952,2,"1,21",38812,0.064423282812103189
sel_30,953,3,"1,2,32",21450,0.035604437192610874
sel_30,954,3,"1,2,131",16237,0.026951480032467261
sel_30,955,2,"1,2",548561,0.91054571891915215
sel_30,956,2,"2,289",12707,0.021092101790513119
sel_30,957,4,"1,4,9,17",10891,0.018077758762924244
sel_30,958,2,"1,2",548561,0.91054571891915215
sel_30,959,4,"1,2,4,7",57597,0.095604138414116954
sel_30,960,2,"1,2",548561,0.91054571891915215
sel_30,961,2,"14,16",17578,0.029177379812201119
sel_30,962,1,1,582582,0.9670165141513114
sel_30,963,5,"1,4,7,29,72",11030,0.018308482155454449
sel_30,964,2,"1,2",548561,0.91054571891915215
sel_30,965,4,"1,3,16,26",9930,0.016482613581474407
sel_30,966,3,"1,8,23",17257,0.028644558164703304
sel_30,967,3,"1,17,27",10917,0.018120915656491047
sel_30,968,4,"1,2,8,12",15930,0.026441896712274652
sel_30,969,3,"2,9,19",21447,0.035599457551045474
sel_30,970,3,"4,9,17",10892,0.018079418643446046
sel_30,971,4,"1,4,11,72",18035,0.029935945210663735
sel_30,972,3,"1,4,23",22160,0.036782952363088907
sel_30,973,2,"3,10",18832,0.031258869986538367
sel_30,974,1,1,582582,0.9670165141513114
sel_30,975,2,"5,20",15359,0.025494104934326828
sel_30,976,2,"1,2",548561,0.91054571891915215
sel_30,977,2,"4,12",34017,0.056464155710071989
sel_30,978,4,"1,2,229,379",9918,0.016462695015212806
sel_30,979,2,"1,24",50582,0.083960076553689672
sel_30,980,3,"2,23,38",10347,0.017174783759065022
sel_30,981,2,"2,44",10471,0.017380608943768229
sel_30,982,2,"1,66",14835,0.024624327540903605
sel_30,983,2,"1,2",548561,0.91054571891915215
sel_30,984,2,"1,2",548561,0.91054571891915215
sel_30,985,2,"72,137",10579,0.017559876040122633
sel_30,986,3,"2,8,16",11479,0.01905376850974267
sel_30,987,2,"2,138",16549,0.027469362755268876
sel_30,988,4,"1,3,4,6",10814,0.017949947962745641
sel_30,989,2,"1,2",548561,0.91054571891915215
sel_30,990,2,"1,2",548561,0.91054571891915215
sel_30,991,3,"2,5,20",15048,0.024977882092047016
sel_30,992,2,"2,95",25307,0.042006596365193632
sel_30,993,2,"2,34",31404,0.052126887906608479
sel_30,994,3,"1,72,137",10579,0.017559876040122633
sel_30,995,2,"2,147",11909,0.019767517134116685
sel_30,996,2,"1,2",548561,0.91054571891915215
sel_30,997,2,"1,2",548561,0.91054571891915215
sel_30,998,2,"2,24",50459,0.083755911249508264
sel_30,999,4,"2,4,9,17",10891,0.018077758762924244
sel_60,0,1,1,582582,0.9670165141513114
sel_60,1,1,1,582582,0.9670165141513114
sel_60,2,1,167,12310,0.020433129223358503
sel_60,3,1,1,582582,0.9670165141513114
sel_60,4,1,356,930,0.001543688885274038
sel_60,5,1,354,945,0.0015685870931010386
sel_60,6,1,1,582582,0.9670165141513114
sel_60,7,1,1,582582,0.9670165141513114
sel_60,8,1,140,7722,0.012817597389339914
sel_60,9,1,1,582582,0.9670165141513114
sel_60,10,1,1,582582,0.9670165141513114
sel_60,11,1,43,16135,0.026782172219243658
sel_60,12,1,217,1713,0.0028433753338434698
sel_60,13,1,155,7434,0.012339551799061503
sel_60,14,1,1,582582,0.9670165141513114
sel_60,15,1,294,1219,0.0020233943560742499
sel_60,16,1,377,830,0.0013777008330940338
sel_60,17,1,373,6006,0.0099692424139310454
sel_60,18,1,1,582582,0.9670165141513114
sel_60,19,1,1,582582,0.9670165141513114
sel_60,20,1,1,582582,0.9670165141513114
sel_60,21,1,1,582582,0.9670165141513114
sel_60,22,1,1,582582,0.9670165141513114
sel_60,23,1,164,7421,0.012317973352278104
sel_60,24,1,170,7307,0.012128746972792898
sel_60,25,1,1,582582,0.9670165141513114
sel_60,26,1,1,582582,0.9670165141513114
sel_60,27,1,1,582582,0.9670165141513114
sel_60,28,1,1,582582,0.9670165141513114
sel_60,29,1,1,582582,0.9670165141513114
sel_60,30,1,1,582582,0.9670165141513114
sel_60,31,1,1,582582,0.9670165141513114
sel_60,32,1,1,582582,0.9670165141513114
sel_60,33,1,1217,5284,0.0087708086771914155
sel_60,34,1,1,582582,0.9670165141513114
sel_60,35,1,1,582582,0.9670165141513114
sel_60,36,1,1,582582,0.9670165141513114
sel_60,37,1,237,1532,0.0025429369593976624
sel_60,38,1,1,582582,0.9670165141513114
sel_60,39,1,1,582582,0.9670165141513114
sel_60,40,1,263,1351,0.0022424985849518551
sel_60,41,1,1,582582,0.9670165141513114
sel_60,42,1,740,5426,0.0090065117112870224
sel_60,43,1,1,582582,0.9670165141513114
sel_60,44,1,1,582582,0.9670165141513114
sel_60,45,1,1,582582,0.9670165141513114
sel_60,46,1,1,582582,0.9670165141513114
sel_60,47,1,205,6828,0.011333664202850679
sel_60,48,1,27,35946,0.059666065236624266
sel_60,49,1,1,582582,0.9670165141513114
sel_60,50,1,1,582582,0.9670165141513114
sel_60,51,1,225,1637,0.002717224414186667
sel_60,52,1,23,60291,0.10007585653984626
sel_60,53,1,1,582582,0.9670165141513114
sel_60,54,1,1,582582,0.9670165141513114
sel_60,55,1,136,7865,0.013054960303957322
sel_60,56,1,1,582582,0.9670165141513114
sel_60,57,1,1,582582,0.9670165141513114
sel_60,58,1,1,582582,0.9670165141513114
sel_60,59,1,1,582582,0.9670165141513114
sel_60,60,1,1,582582,0.9670165141513114
sel_60,61,1,341,6100,0.010125271182980249
sel_60,62,1,1,582582,0.9670165141513114
sel_60,63,1,168,2222,0.0036882545194396907
sel_60,64,1,1,582582,0.9670165141513114
sel_60,65,1,1,582582,0.9670165141513114
sel_60,66,1,1,582582,0.9670165141513114
sel_60,67,1,1,582582,0.9670165141513114
sel_60,68,1,1,582582,0.9670165141513114
sel_60,69,1,1,582582,0.9670165141513114
sel_60,70,1,1,582582,0.9670165141513114
sel_60,71,1,1,582582,0.9670165141513114
sel_60,72,1,1,582582,0.9670165141513114
sel_60,73,1,88,8920,0.014806134254456364
sel_60,74,1,1,582582,0.9670165141513114
sel_60,75,1,39,20081,0.03333206075826662
sel_60,76,1,142,7600,0.01261509196568031
sel_60,77,1,1,582582,0.9670165141513114
sel_60,78,1,1,582582,0.9670165141513114
sel_60,79,1,1,582582,0.9670165141513114
sel_60,80,1,1,582582,0.9670165141513114
sel_60,81,1,141,7643,0.012686466828117712
sel_60,82,1,881,5359,0.0088952997163264189
sel_60,83,1,1,582582,0.9670165141513114
sel_60,84,1,1,582582,0.9670165141513114
sel_60,85,1,382,16021,0.026592945839758454
sel_60,86,1,1,582582,0.9670165141513114
sel_60,87,1,1,582582,0.9670165141513114
sel_60,88,1,1,582582,0.9670165141513114
sel_60,89,1,286,1237,0.0020532722054666507
sel_60,90,1,282,1254,0.0020814901743372513
sel_60,91,1,1,582582,0.9670165141513114
sel_60,92,1,314,1123,0.0018640458259814459
sel_60,93,1,114,20845,0.034600209476921849
sel_60,94,1,185,10409,0.017277696351416624
sel_60,95,1,1,582582,0.9670165141513114
sel_60,96,1,1,582582,0.9670165141513114
sel_60,97,1,62,10001,0.01660046509852221
sel_60,98,1,1,582582,0.9670165141513114
sel_60,99,1,1,582582,0.9670165141513114
sel_60,100,1,1,582582,0.9670165141513114
sel_60,101,1,1,582582,0.9670165141513114
sel_60,102,1,139,2689,0.0044634187231203095
sel_60,103,1,2269,5220,0.0086645763237962123
sel_60,104,1,307,1152,0.0019121823611136471
sel_60,105,1,233,11332,0.018809766073038064
sel_60,106,1,1,582582,0.9670165141513114
sel_60,107,1,1,582582,0.9670165141513114
sel_60,108,1,249,6467,0.010734447334480864
sel_60,109,1,204,17117,0.0284121748916513
sel_60,110,1,216,6774,0.011244030654673477
sel_60,111,1,234,1567,0.0026010327776606638
sel_60,112,1,364,904,0.001500531991707237
sel_60,113,1,206,1765,0.0029296891209770722
sel_60,114,1,1,582582,0.9670165141513114
sel_60,115,1,1,582582,0.9670165141513114
sel_60,116,1,1,582582,0.9670165141513114
sel_60,117,1,179,1970,0.0032699646279460803
sel_60,118,1,1,582582,0.9670165141513114
sel_60,119,1,1,582582,0.9670165141513114
sel_60,120,1,1,582582,0.9670165141513114
sel_60,121,1,214,1738,0.0028848723468884708
sel_60,122,1,1,582582,0.9670165141513114
sel_60,123,1,159,7338,0.0121802032689687
sel_60,124,1,1,582582,0.9670165141513114
sel_60,125,1,1134,5321,0.0088322242564980169
sel_60,126,1,1,582582,0.9670165141513114
sel_60,127,1,57,17462,0.028984833671672313
sel_60,128,1,1,582582,0.9670165141513114
sel_60,129,1,1,582582,0.9670165141513114
sel_60,130,1,265,9693,0.016089221897807794
sel_60,131,1,131,16481,0.027356490879786474
sel_60,132,1,29,41138,0.068284164905810074
sel_60,133,1,1,582582,0.9670165141513114
sel_60,134,1,348,6048,0.010038957395846647
sel_60,135,1,1,582582,0.9670165141513114
sel_60,136,1,362,924,0.0015337296021432378
sel_60,137,1,53,19570,0.032483861811626796
sel_60,138,1,1,582582,0.9670165141513114
sel_60,139,1,1,582582,0.9670165141513114
sel_60,140,1,158,7036,0.011678919351385087
sel_60,141,1,1,582582,0.9670165141513114
sel_60,142,1,1,582582,0.9670165141513114
sel_60,143,1,1,582582,0.9670165141513114
sel_60,144,1,8,74373,0.12345029404783443
sel_60,145,1,664,5479,0.0090944853789424237
sel_60,146,1,1,582582,0.9670165141513114
sel_60,147,1,1,582582,0.9670165141513114
sel_60,148,1,1,582582,0.9670165141513114
sel_60,149,1,1,582582,0.9670165141513114
sel_60,150,1,486,5645,0.0093700255455612304
sel_60,151,1,1,582582,0.9670165141513114
sel_60,152,1,338,1007,0.0016714996854526412
sel_60,153,1,1,582582,0.9670165141513114
sel_60,154,1,1,582582,0.9670165141513114
sel_60,155,1,1,582582,0.9670165141513114
sel_60,156,1,1,582582,0.9670165141513114
sel_60,157,1,100,3491,0.0057946429016039426
sel_60,158,1,1,582582,0.9670165141513114
sel_60,159,1,1,582582,0.9670165141513114
sel_60,160,1,1,582582,0.9670165141513114
sel_60,161,1,1,582582,0.9670165141513114
sel_60,162,1,1,582582,0.9670165141513114
sel_60,163,1,9,80153,0.13304440346383867
sel_60,164,1,1,582582,0.9670165141513114
sel_60,165,1,1,582582,0.9670165141513114
sel_60,166,1,1,582582,0.9670165141513114
sel_60,167,1,1,582582,0.9670165141513114
sel_60,168,1,368,886,0.0014706541423148362
sel_60,169,1,291,6286,0.010434008960035056
sel_60,170,1,1,582582,0.9670165141513114
sel_60,171,1,1,582582,0.9670165141513114
sel_60,172,1,419,5761,0.0095625716860900361
sel_60,173,1,267,1347,0.0022358590628646551
sel_60,174,1,1,582582,0.9670165141513114
sel_60,175,1,1,582582,0.9670165141513114
sel_60,176,1,1,582582,0.9670165141513114
sel_60,177,1,1,582582,0.9670165141513114
sel_60,178,1,287,1227,0.0020366734002486499
sel_60,179,1,1,582582,0.9670165141513114
sel_60,180,1,1,582582,0.9670165141513114
sel_60,181,1,713,5473,0.0090845260958116233
sel_60,182,1,130,2915,0.0048385517210471187
sel_60,183,1,437,5829,0.0096754435615724384
sel_60,184,1,1,582582,0.9670165141513114
sel_60,185,1,280,1277,0.0021196674263386523
sel_60,186,1,376,855,0.001419197846139035
sel_60,187,1,334,6136,0.010185026881765051
sel_60,188,1,80,22872,0.037964787294610537
sel_60,189,1,1526,5220,0.0086645763237962123
sel_60,190,1,1,582582,0.9670165141513114
sel_60,191,1,1,582582,0.9670165141513114
sel_60,192,1,1,582582,0.9670165141513114
sel_60,193,1,1,582582,0.9670165141513114
sel_60,194,1,176,16531,0.027439484905876475
sel_60,195,1,1,582582,0.9670165141513114
sel_60,196,1,94,16450,0.027305034583610673
sel_60,197,1,1,582582,0.9670165141513114
sel_60,198,1,1,582582,0.9670165141513114
sel_60,199,1,1,582582,0.9670165141513114
sel_60,200,1,1,582582,0.9670165141513114
sel_60,201,1,1,582582,0.9670165141513114
sel_60,202,1,1,582582,0.9670165141513114
sel_60,203,1,300,1173,0.0019470398520714479
sel_60,204,1,61,14991,0.024883268902304412
sel_60,205,1,326,1060,0.0017594733531080434
sel_60,206,1,315,6182,0.010261381385767852
sel_60,207,1,1,582582,0.9670165141513114
sel_60,208,1,150,2417,0.0040119312211906984
sel_60,209,1,402,794,0.0013179451343092324
sel_60,210,1,1,582582,0.9670165141513114
sel_60,211,1,236,6485,0.010764325183873266
sel_60,212,1,1,582582,0.9670165141513114
sel_60,213,1,87,20900,0.034691502905620855
sel_60,214,1,1,582582,0.9670165141513114
sel_60,215,1,408,10841,0.017994764736834243
sel_60,216,1,499,5743,0.0095326938366976349
sel_60,217,1,78,17781,0.029514335558126527
sel_60,218,1,1,582582,0.9670165141513114
sel_60,219,1,1,582582,0.9670165141513114
sel_60,220,1,1,582582,0.9670165141513114
sel_60,221,1,1,582582,0.9670165141513114
sel_60,222,1,1,582582,0.9670165141513114
sel_60,223,1,1,582582,0.9670165141513114
sel_60,224,1,1,582582,0.9670165141513114
sel_60,225,1,1,582582,0.9670165141513114
sel_60,226,1,1,582582,0.9670165141513114
sel_60,227,1,1,582582,0.9670165141513114
sel_60,228,1,1,582582,0.9670165141513114
sel_60,229,1,1,582582,0.9670165141513114
sel_60,230,1,1,582582,0.9670165141513114
sel_60,231,1,180,12152,0.020170868100914095
sel_60,232,1,15,48656,0.080763146668702782
sel_60,233,1,351,949,0.0015752266151882388
sel_60,234,1,387,11049,0.018340019885368652
sel_60,235,1,13,56667,0.094060449528842918
sel_60,236,1,1,582582,0.9670165141513114
sel_60,237,1,273,6421,0.010658092830478062
sel_60,238,1,63,19574,0.032490501333713999
sel_60,239,1,254,6471,0.010741086856568063
sel_60,240,1,1,582582,0.9670165141513114
sel_60,241,1,1,582582,0.9670165141513114
sel_60,242,1,98,31969,0.053064720401425507
sel_60,243,1,147,12123,0.020122731565781895
sel_60,244,1,54,28843,0.047875933890278576
sel_60,245,1,1,582582,0.9670165141513114
sel_60,246,1,1,582582,0.9670165141513114
sel_60,247,1,1,582582,0.9670165141513114
sel_60,248,1,1,582582,0.9670165141513114
sel_60,249,1,1,582582,0.9670165141513114
sel_60,250,1,1,582582,0.9670165141513114
sel_60,251,1,1,582582,0.9670165141513114
sel_60,252,1,663,5523,0.0091675201219016261
sel_60,253,1,1,582582,0.9670165141513114
sel_60,254,1,1,582582,0.9670165141513114
sel_60,255,1,1,582582,0.9670165141513114
sel_60,256,1,1,582582,0.9670165141513114
sel_60,257,1,1,582582,0.9670165141513114
sel_60,258,1,1,582582,0.9670165141513114
sel_60,259,1,1,582582,0.9670165141513114
sel_60,260,1,1191,5268,0.0087442505888426156
sel_60,261,1,788,10176,0.016890944189837217
sel_60,262,1,1,582582,0.9670165141513114
sel_60,263,1,1,582582,0.9670165141513114
sel_60,264,1,1,582582,0.9670165141513114
sel_60,265,1,1,582582,0.9670165141513114
sel_60,266,1,1,582582,0.9670165141513114
sel_60,267,1,1,582582,0.9670165141513114
sel_60,268,1,1,582582,0.9670165141513114
sel_60,269,1,1,582582,0.9670165141513114
sel_60,270,1,74,4516,0.0074960204364489845
sel_60,271,1,186,1901,0.0031554328719418778
sel_60,272,1,25,35973,0.059710882010712868
sel_60,273,1,1,582582,0.9670165141513114
sel_60,274,1,194,11690,0.019404003299842477
sel_60,275,1,1,582582,0.9670165141513114
sel_60,276,1,1,582582,0.9670165141513114
sel_60,277,1,1,582582,0.9670165141513114
sel_60,278,1,1,582582,0.9670165141513114
sel_60,279,1,427,5832,0.0096804232031378386
sel_60,280,1,1,582582,0.9670165141513114
sel_60,281,1,1,582582,0.9670165141513114
sel_60,282,1,1,582582,0.9670165141513114
sel_60,283,1,303,1170,0.0019420602105060477
sel_60,284,1,172,2131,0.0035372053919558869
sel_60,285,1,45,23865,0.039613048652757978
sel_60,286,1,716,5363,0.0089019392384136198
sel_60,287,1,1,582582,0.9670165141513114
sel_60,288,1,306,1166,0.0019354206884188475
sel_60,289,1,1,582582,0.9670165141513114
sel_60,290,1,542,5608,0.0093086099662546291
sel_60,291,1,1,582582,0.9670165141513114
sel_60,292,1,1,582582,0.9670165141513114
sel_60,293,1,1,582582,0.9670165141513114
sel_60,294,1,230,1578,0.0026192914634004644
sel_60,295,1,3407,5222,0.0086678960848398136
sel_60,296,1,1,582582,0.9670165141513114
sel_60,297,1,1,582582,0.9670165141513114
sel_60,298,1,1,582582,0.9670165141513114
sel_60,299,1,1,582582,0.9670165141513114
sel_60,300,1,1,582582,0.9670165141513114
sel_60,301,1,1,582582,0.9670165141513114
sel_60,302,1,224,6711,0.011139458181800075
sel_60,303,1,1953,5235,0.0086894745316232133
sel_60,304,1,299,11506,0.019098585283831269
sel_60,305,1,1,582582,0.9670165141513114
sel_60,306,1,1,582582,0.9670165141513114
sel_60,307,1,787,5415,0.0089882530255472205
sel_60,308,1,1,582582,0.9670165141513114
sel_60,309,1,1,582582,0.9670165141513114
sel_60,310,1,210,12985,0.021553548575573529
sel_60,311,1,340,1013,0.0016814589685834414
sel_60,312,1,379,10474,0.017385588585333629
sel_60,313,1,133,7875,0.013071559109175322
sel_60,314,1,175,7200,0.011951139756960294
sel_60,315,1,1,582582,0.9670165141513114
sel_60,316,1,151,2425,0.0040252102653650992
sel_60,317,1,367,880,0.001460694859184036
sel_60,318,1,116,17458,0.028978194149585114
sel_60,319,1,134,11852,0.019672903944374084
sel_60,320,1,811,5455,0.009054648246419222
sel_60,321,1,1,582582,0.9670165141513114
sel_60,322,1,1,582582,0.9670165141513114
sel_60,323,1,1434,5320,0.008830564375976218
sel_60,324,1,1,582582,0.9670165141513114
sel_60,325,1,1,582582,0.9670165141513114
sel_60,326,1,1,582582,0.9670165141513114
sel_60,327,1,1,582582,0.9670165141513114
sel_60,328,1,1,582582,0.9670165141513114
sel_60,329,1,1,582582,0.9670165141513114
sel_60,330,1,336,1025,0.0017013775348450417
sel_60,331,1,1,582582,0.9670165141513114
sel_60,332,1,1,582582,0.9670165141513114
sel_60,333,1,1,582582,0.9670165141513114
sel_60,334,1,132,12927,0.021457275505309129
sel_60,335,1,1,582582,0.9670165141513114
sel_60,336,1,522,5632,0.0093484470987778307
sel_60,337,1,126,13047,0.021656461167925134
sel_60,338,1,52,18199,0.030208165616238944
sel_60,339,1,1,582582,0.9670165141513114
sel_60,340,1,1,582582,0.9670165141513114
sel_60,341,1,1,582582,0.9670165141513114
sel_60,342,1,1,582582,0.9670165141513114
sel_60,343,1,394,812,0.0013478229837016332
sel_60,344,1,1,582582,0.9670165141513114
sel_60,345,1,1,582582,0.9670165141513114
sel_60,346,1,370,11142,0.018494388773896055
sel_60,347,1,1,582582,0.9670165141513114
sel_60,348,1,1,582582,0.9670165141513114
sel_60,349,1,5,77019,0.12784233790851735
sel_60,350,1,1,582582,0.9670165141513114
sel_60,351,1,309,10624,0.017634570663603633
sel_60,352,1,1,582582,0.9670165141513114
sel_60,353,1,1,582582,0.9670165141513114
sel_60,354,1,1,582582,0.9670165141513114
sel_60,355,1,1,582582,0.9670165141513114
sel_60,356,1,1,582582,0.9670165141513114
sel_60,357,1,1,582582,0.9670165141513114
sel_60,358,1,135,19767,0.032810858274421408
sel_60,359,1,1,582582,0.9670165141513114
sel_60,360,1,277,1279,0.0021229871873822523
sel_60,361,1,1,582582,0.9670165141513114
sel_60,362,1,28,26803,0.044489777625806491
sel_60,363,1,93,8851,0.014691602498452161
sel_60,364,1,1,582582,0.9670165141513114
sel_60,365,1,482,9570,0.015885056593626389
sel_60,366,1,1,582582,0.9670165141513114
sel_60,367,1,1,582582,0.9670165141513114
sel_60,368,1,264,10163,0.016869365743053814
sel_60,369,1,325,15530,0.025777944503554633
sel_60,370,1,1,582582,0.9670165141513114
sel_60,371,1,743,5442,0.0090330697996358223
sel_60,372,1,1,582582,0.9670165141513114
sel_60,373,1,1,582582,0.9670165141513114
sel_60,374,1,1,582582,0.9670165141513114
sel_60,375,1,330,1046,0.0017362350258028428
sel_60,376,1,1,582582,0.9670165141513114
sel_60,377,1,1,582582,0.9670165141513114
sel_60,378,1,1,582582,0.9670165141513114
sel_60,379,1,1184,5255,0.0087226721420592141
sel_60,380,1,1,582582,0.9670165141513114
sel_60,381,1,1,582582,0.9670165141513114
sel_60,382,1,1,582582,0.9670165141513114
sel_60,383,1,1,582582,0.9670165141513114
sel_60,384,1,498,28801,0.047806218908362973
sel_60,385,1,1270,5312,0.0088172853318018163
sel_60,386,1,1,582582,0.9670165141513114
sel_60,387,1,1,582582,0.9670165141513114
sel_60,388,1,1,582582,0.9670165141513114
sel_60,389,1,1,582582,0.9670165141513114
sel_60,390,1,192,7043,0.011690538515037688
sel_60,391,1,1,582582,0.9670165141513114
sel_60,392,1,1,582582,0.9670165141513114
sel_60,393,1,21,39832,0.066116360944339231
sel_60,394,1,41,24041,0.03990518762459478
sel_60,395,1,1,582582,0.9670165141513114
sel_60,396,1,1,582582,0.9670165141513114
sel_60,397,1,218,1686,0.0027985585597548688
sel_60,398,1,1,582582,0.9670165141513114
sel_60,399,1,145,2464,0.004089945605715301
sel_60,400,1,1,582582,0.9670165141513114
sel_60,401,1,1,582582,0.9670165141513114
sel_60,402,1,1,582582,0.9670165141513114
sel_60,403,1,208,1768,0.0029346687625424724
sel_60,404,1,107,21481,0.035655893488786679
sel_60,405,1,1,582582,0.9670165141513114
sel_60,406,1,31,38371,0.063691275501989372
sel_60,407,1,1,582582,0.9670165141513114
sel_60,408,1,1,582582,0.9670165141513114
sel_60,409,1,1,582582,0.9670165141513114
sel_60,410,1,121,3175,0.0052701206567151299
sel_60,411,1,1,582582,0.9670165141513114
sel_60,412,1,162,7113,0.01180673015156369
sel_60,413,1,1,582582,0.9670165141513114
sel_60,414,1,1,582582,0.9670165141513114
sel_60,415,1,1,582582,0.9670165141513114
sel_60,416,1,1,582582,0.9670165141513114
sel_60,417,1,1,582582,0.9670165141513114
sel_60,418,1,1,582582,0.9670165141513114
sel_60,419,1,4,145751,0.24192924593287776
sel_60,420,1,1,582582,0.9670165141513114
sel_60,421,1,1,582582,0.9670165141513114
sel_60,422,1,1,582582,0.9670165141513114
sel_60,423,1,956,5392,0.0089500757735458195
sel_60,424,1,1,582582,0.9670165141513114
sel_60,425,1,67,18324,0.030415650681463947
sel_60,426,1,1,582582,0.9670165141513114
sel_60,427,1,1,582582,0.9670165141513114
sel_60,428,1,1,582582,0.9670165141513114
sel_60,429,1,1,582582,0.9670165141513114
sel_60,430,1,1,582582,0.9670165141513114
sel_60,431,1,470,5773,0.0095824902523516352
sel_60,432,1,544,5672,0.0094148423196498323
sel_60,433,1,353,954,0.001583526017797239
sel_60,434,1,1,582582,0.9670165141513114
sel_60,435,1,201,1796,0.0029811454171528732
sel_60,436,1,1,582582,0.9670165141513114
sel_60,437,1,693,5531,0.0091807991660760261
sel_60,438,1,71,4705,0.0078097378550691923
sel_60,439,1,1,582582,0.9670165141513114
sel_60,440,1,1,582582,0.9670165141513114
sel_60,441,1,1,582582,0.9670165141513114
sel_60,442,1,371,859,0.001425837368226235
sel_60,443,1,1,582582,0.9670165141513114
sel_60,444,1,117,8363,0.013881580803813742
sel_60,445,1,50,10979,0.018223828248842649
sel_60,446,1,1,582582,0.9670165141513114
sel_60,447,1,1,582582,0.9670165141513114
sel_60,448,1,1,582582,0.9670165141513114
sel_60,449,1,1,582582,0.9670165141513114
sel_60,450,1,125,10532,0.017481861655598029
sel_60,451,1,1,582582,0.9670165141513114
sel_60,452,1,1,582582,0.9670165141513114
sel_60,453,1,1,582582,0.9670165141513114
sel_60,454,1,1,582582,0.9670165141513114
sel_60,455,1,1,582582,0.9670165141513114
sel_60,456,1,1,582582,0.9670165141513114
sel_60,457,1,1,582582,0.9670165141513114
sel_60,458,1,1,582582,0.9670165141513114
sel_60,459,1,1,582582,0.9670165141513114
sel_60,460,1,42,24599,0.040831400955759205
sel_60,461,1,1,582582,0.9670165141513114
sel_60,462,1,1,582582,0.9670165141513114
sel_60,463,1,34,33184,0.055081475235412555
sel_60,464,1,83,8443,0.014014371245557745
sel_60,465,1,1,582582,0.9670165141513114
sel_60,466,1,1,582582,0.9670165141513114
sel_60,467,1,1,582582,0.9670165141513114
sel_60,468,1,1,582582,0.9670165141513114
sel_60,469,1,1,582582,0.9670165141513114
sel_60,470,1,711,5492,0.0091160638257258234
sel_60,471,1,203,1761,0.0029230495988898718
sel_60,472,1,1,582582,0.9670165141513114
sel_60,473,1,7,104997,0.17428247514743889
sel_60,474,1,1,582582,0.9670165141513114
sel_60,475,1,1,582582,0.9670165141513114
sel_60,476,1,1,582582,0.9670165141513114
sel_60,477,1,1,582582,0.9670165141513114
sel_60,478,1,1,582582,0.9670165141513114
sel_60,479,1,1,582582,0.9670165141513114
sel_60,480,1,215,1749,0.0029031310326282714
sel_60,481,1,1,582582,0.9670165141513114
sel_60,482,1,1,582582,0.9670165141513114
sel_60,483,1,1,582582,0.9670165141513114
sel_60,484,1,1,582582,0.9670165141513114
sel_60,485,1,1,582582,0.9670165141513114
sel_60,486,1,231,10888,0.018072779121358844
sel_60,487,1,154,11091,0.018409734867284252
sel_60,488,1,1,582582,0.9670165141513114
sel_60,489,1,1,582582,0.9670165141513114
sel_60,490,1,1,582582,0.9670165141513114
sel_60,491,1,1,582582,0.9670165141513114
sel_60,492,1,1,582582,0.9670165141513114
sel_60,493,1,669,5454,0.0090529883658974231
sel_60,494,1,1,582582,0.9670165141513114
sel_60,495,1,1,582582,0.9670165141513114
sel_60,496,1,1,582582,0.9670165141513114
sel_60,497,1,1,582582,0.9670165141513114
sel_60,498,1,1,582582,0.9670165141513114
sel_60,499,1,1,582582,0.9670165141513114
sel_60,500,1,51,5976,0.0099194459982770433
sel_60,501,1,260,1381,0.0022922950006058563
sel_60,502,1,196,1788,0.0029678663729784732
sel_60,503,1,189,1898,0.0031504532303764776
sel_60,504,1,1,582582,0.9670165141513114
sel_60,505,1,1,582582,0.9670165141513114
sel_60,506,1,1,582582,0.9670165141513114
sel_60,507,1,1,582582,0.9670165141513114
sel_60,508,1,12,73435,0.12189332611838599
sel_60,509,1,1,582582,0.9670165141513114
sel_60,510,1,369,851,0.0014125583240518348
sel_60,511,1,19,37581,0.062379969889767337
sel_60,512,1,391,807,0.001339523581092633
sel_60,513,1,1,582582,0.9670165141513114
sel_60,514,1,1,582582,0.9670165141513114
sel_60,515,1,6003,5149,0.0085467248067484097
sel_60,516,1,1,582582,0.9670165141513114
sel_60,517,1,1,582582,0.9670165141513114
sel_60,518,1,1,582582,0.9670165141513114
sel_60,519,1,191,1820,0.0030209825496760744
sel_60,520,1,229,11455,0.019013931377219469
sel_60,521,1,1,582582,0.9670165141513114
sel_60,522,1,293,1219,0.0020233943560742499
sel_60,523,1,1,582582,0.9670165141513114
sel_60,524,1,461,5705,0.0094696183768692328
sel_60,525,1,1,582582,0.9670165141513114
sel_60,526,1,478,5789,0.0096090483407004369
sel_60,527,1,1,582582,0.9670165141513114
sel_60,528,1,1,582582,0.9670165141513114
sel_60,529,1,1,582582,0.9670165141513114
sel_60,530,1,122,3128,0.0051921062721905281
sel_60,531,1,1,582582,0.9670165141513114
sel_60,532,1,1,582582,0.9670165141513114
sel_60,533,1,1,582582,0.9670165141513114
sel_60,534,1,1,582582,0.9670165141513114
sel_60,535,1,81,22501,0.037348971621022721
sel_60,536,1,258,10663,0.017699306003953835
sel_60,537,1,1,582582,0.9670165141513114
sel_60,538,1,1,582582,0.9670165141513114
sel_60,539,1,10,88735,0.14728949810192662
sel_60,540,1,1,582582,0.9670165141513114
sel_60,541,1,1,582582,0.9670165141513114
sel_60,542,1,912,5399,0.0089616949371984205
sel_60,543,1,1,582582,0.9670165141513114
sel_60,544,1,1,582582,0.9670165141513114
sel_60,545,1,1,582582,0.9670165141513114
sel_60,546,1,1,582582,0.9670165141513114
sel_60,547,1,1,582582,0.9670165141513114
sel_60,548,1,298,6278,0.010420729915860657
sel_60,549,1,1,582582,0.9670165141513114
sel_60,550,1,1,582582,0.9670165141513114
sel_60,551,1,1,582582,0.9670165141513114
sel_60,552,1,1,582582,0.9670165141513114
sel_60,553,1,1,582582,0.9670165141513114
sel_60,554,1,1,582582,0.9670165141513114
sel_60,555,1,1,582582,0.9670165141513114
sel_60,556,1,1,582582,0.9670165141513114
sel_60,557,1,1,582582,0.9670165141513114
sel_60,558,1,381,841,0.0013959595188338344
sel_60,559,1,1967,5194,0.0086214194302294128
sel_60,560,1,271,19997,0.033192630794435414
sel_60,561,1,1,582582,0.9670165141513114
sel_60,562,1,1,582582,0.9670165141513114
sel_60,563,1,1,582582,0.9670165141513114
sel_60,564,1,1,582582,0.9670165141513114
sel_60,565,1,1,582582,0.9670165141513114
sel_60,566,1,310,6121,0.01016012867393805
sel_60,567,1,1,582582,0.9670165141513114
sel_60,568,1,106,13218,0.021940300737152939
sel_60,569,1,1,582582,0.9670165141513114
sel_60,570,1,82,4255,0.0070627916202591736
sel_60,571,1,771,5415,0.0089882530255472205
sel_60,572,1,1,582582,0.9670165141513114
sel_60,573,1,717,5500,0.0091293428699002251
sel_60,574,1,174,12339,0.020481265758490703
sel_60,575,1,1,582582,0.9670165141513114
sel_60,576,1,35,36438,0.060482726453349886
sel_60,577,1,95,25438,0.042224040713549439
sel_60,578,1,1,582582,0.9670165141513114
sel_60,579,1,1,582582,0.9670165141513114
sel_60,580,1,1,582582,0.9670165141513114
sel_60,581,1,283,1243,0.0020632314885974507
sel_60,582,1,288,6025,0.010000780143845246
sel_60,583,1,1,582582,0.9670165141513114
sel_60,584,1,1,582582,0.9670165141513114
sel_60,585,1,160,12609,0.020929433499376714
sel_60,586,1,143,7447,0.012361130245844905
sel_60,587,1,386,820,0.0013611020278760334
sel_60,588,1,1,582582,0.9670165141513114
sel_60,589,1,1,582582,0.9670165141513114
sel_60,590,1,11985,5180,0.0085981811029242107
sel_60,591,1,1,582582,0.9670165141513114
sel_60,592,1,148,2425,0.0040252102653650992
sel_60,593,1,1,582582,0.9670165141513114
sel_60,594,1,1,582582,0.9670165141513114
sel_60,595,1,613,5542,0.0091990578518158263
sel_60,596,1,1,582582,0.9670165141513114
sel_60,597,1,1,582582,0.9670165141513114
sel_60,598,1,1,582582,0.9670165141513114
sel_60,599,1,320,6035,0.010017378949063247
sel_60,600,1,137,17993,0.029866230228748136
sel_60,601,1,2688,5104,0.0084720301832674084
sel_60,602,1,1806,5148,0.0085450649262266108
sel_60,603,1,1,582582,0.9670165141513114
sel_60,604,1,85,9153,0.015192886416035774
sel_60,605,1,1,582582,0.9670165141513114
sel_60,606,1,432,5901,0.0097949549591420416
sel_60,607,1,1,582582,0.9670165141513114
sel_60,608,1,1289,5245,0.0087060733368412146
sel_60,609,1,219,1658,0.0027520819051444676
sel_60,610,1,1,582582,0.9670165141513114
sel_60,611,1,1,582582,0.9670165141513114
sel_60,612,1,1,582582,0.9670165141513114
sel_60,613,1,1,582582,0.9670165141513114
sel_60,614,1,1,582582,0.9670165141513114
sel_60,615,1,1,582582,0.9670165141513114
sel_60,616,1,335,1013,0.0016814589685834414
sel_60,617,1,1,582582,0.9670165141513114
sel_60,618,1,275,1298,0.0021545249172964529
sel_60,619,1,1,582582,0.9670165141513114
sel_60,620,1,1,582582,0.9670165141513114
sel_60,621,1,396,5897,0.0097883154370548408
sel_60,622,1,222,1616,0.002682366923228866
sel_60,623,1,274,6424,0.010663072472043462
sel_60,624,1,1,582582,0.9670165141513114
sel_60,625,1,247,1454,0.0024134662786972592
sel_60,626,1,1,582582,0.9670165141513114
sel_60,627,1,1,582582,0.9670165141513114
sel_60,628,1,337,6107,0.01013689034663285
sel_60,629,1,1,582582,0.9670165141513114
sel_60,630,1,1,582582,0.9670165141513114
sel_60,631,1,1,582582,0.9670165141513114
sel_60,632,1,232,6602,0.01095853120492387
sel_60,633,1,1,582582,0.9670165141513114
sel_60,634,1,1,582582,0.9670165141513114
sel_60,635,1,1,582582,0.9670165141513114
sel_60,636,1,1,582582,0.9670165141513114
sel_60,637,1,129,2927,0.0048584702873087195
sel_60,638,1,1,582582,0.9670165141513114
sel_60,639,1,1,582582,0.9670165141513114
sel_60,640,1,58,10311,0.017115028060280223
sel_60,641,1,1,582582,0.9670165141513114
sel_60,642,1,1,582582,0.9670165141513114
sel_60,643,1,1,582582,0.9670165141513114
sel_60,644,1,1,582582,0.9670165141513114
sel_60,645,1,64,9948,0.016512491430866805
sel_60,646,1,212,1753,0.0029097705547154714
sel_60,647,1,1,582582,0.9670165141513114
sel_60,648,1,312,1127,0.0018706853480686459
sel_60,649,1,1,582582,0.9670165141513114
sel_60,650,1,1,582582,0.9670165141513114
sel_60,651,1,1,582582,0.9670165141513114
sel_60,652,1,1,582582,0.9670165141513114
sel_60,653,1,1,582582,0.9670165141513114
sel_60,654,1,112,8451,0.014027650289732145
sel_60,655,1,332,1034,0.0017163164595412421
sel_60,656,1,685,9409,0.015617815829616584
sel_60,657,1,1,582582,0.9670165141513114
sel_60,658,1,1,582582,0.9670165141513114
sel_60,659,1,1,582582,0.9670165141513114
sel_60,660,1,1,582582,0.9670165141513114
sel_60,661,1,1508,5278,0.0087608493940606151
sel_60,662,1,357,929,0.001542029004752238
sel_60,663,1,359,924,0.0015337296021432378
sel_60,664,1,1,582582,0.9670165141513114
sel_60,665,1,239,6722,0.011157716867539875
sel_60,666,1,228,1564,0.002596053136095264
sel_60,667,1,144,2479,0.0041148438135423012
sel_60,668,1,1,582582,0.9670165141513114
sel_60,669,1,1,582582,0.9670165141513114
sel_60,670,1,255,1388,0.0023039141642584569
sel_60,671,1,1,582582,0.9670165141513114
sel_60,672,1,1,582582,0.9670165141513114
sel_60,673,1,1,582582,0.9670165141513114
sel_60,674,1,238,1492,0.0024765417385256608
sel_60,675,1,1,582582,0.9670165141513114
sel_60,676,1,1,582582,0.9670165141513114
sel_60,677,1,1411,5301,0.0087990266460620161
sel_60,678,1,1,582582,0.9670165141513114
sel_60,679,1,2,560834,0.93091743256320414
sel_60,680,1,1,582582,0.9670165141513114
sel_60,681,1,1,582582,0.9670165141513114
sel_60,682,1,1,582582,0.9670165141513114
sel_60,683,1,1,582582,0.9670165141513114
sel_60,684,1,1,582582,0.9670165141513114
sel_60,685,1,1,582582,0.9670165141513114
sel_60,686,1,1,582582,0.9670165141513114
sel_60,687,1,101,8546,0.01418533893930315
sel_60,688,1,1,582582,0.9670165141513114
sel_60,689,1,1,582582,0.9670165141513114
sel_60,690,1,1,582582,0.9670165141513114
sel_60,691,1,1,582582,0.9670165141513114
sel_60,692,1,1,582582,0.9670165141513114
sel_60,693,1,59,5199,0.0086297188328384126
sel_60,694,1,521,9299,0.01543522897221858
sel_60,695,1,1,582582,0.9670165141513114
sel_60,696,1,1,582582,0.9670165141513114
sel_60,697,1,1,582582,0.9670165141513114
sel_60,698,1,911,5356,0.0088903200747610187
sel_60,699,1,791,5464,0.0090695871711154227
sel_60,700,1,1,582582,0.9670165141513114
sel_60,701,1,1,582582,0.9670165141513114
sel_60,702,1,1,582582,0.9670165141513114
sel_60,703,1,1461,5240,0.0086977739342322148
sel_60,704,1,110,8542,0.014178699417215949
sel_60,705,1,66,15096,0.025057556357093416
sel_60,706,1,1,582582,0.9670165141513114
sel_60,707,1,1,582582,0.9670165141513114
sel_60,708,1,198,1808,0.003001063983414474
sel_60,709,1,1,582582,0.9670165141513114
sel_60,710,1,1,582582,0.9670165141513114
sel_60,711,1,1,582582,0.9670165141513114
sel_60,712,1,1,582582,0.9670165141513114
sel_60,713,1,207,1775,0.0029462879261950726
sel_60,714,1,1,582582,0.9670165141513114
sel_60,715,1,1,582582,0.9670165141513114
sel_60,716,1,617,5579,0.0092604734311224277
sel_60,717,1,1,582582,0.9670165141513114
sel_60,718,1,631,5530,0.0091791392855542255
sel_60,719,1,1622,5263,0.0087359511862336141
sel_60,720,1,1,582582,0.9670165141513114
sel_60,721,1,1,582582,0.9670165141513114
sel_60,722,1,1,582582,0.9670165141513114
sel_60,723,1,1,582582,0.9670165141513114
sel_60,724,1,1,582582,0.9670165141513114
sel_60,725,1,1,582582,0.9670165141513114
sel_60,726,1,290,5847,0.0097053214109648379
sel_60,727,1,1,582582,0.9670165141513114
sel_60,728,1,1,582582,0.9670165141513114
sel_60,729,1,1,582582,0.9670165141513114
sel_60,730,1,1,582582,0.9670165141513114
sel_60,731,1,1,582582,0.9670165141513114
sel_60,732,1,26,22153,0.036771333199436304
sel_60,733,1,163,11825,0.019628087170285483
sel_60,734,1,1,582582,0.9670165141513114
sel_60,735,1,1,582582,0.9670165141513114
sel_60,736,1,1,582582,0.9670165141513114
sel_60,737,1,221,6715,0.011146097703887274
sel_60,738,1,1,582582,0.9670165141513114
sel_60,739,1,1,582582,0.9670165141513114
sel_60,740,1,1,582582,0.9670165141513114
sel_60,741,1,199,6711,0.011139458181800075
sel_60,742,1,1,582582,0.9670165141513114
sel_60,743,1,1,582582,0.9670165141513114
sel_60,744,1,47,21041,0.034925546059194658
sel_60,745,1,1,582582,0.9670165141513114
sel_60,746,1,65,14993,0.024886588663348013
sel_60,747,1,1,582582,0.9670165141513114
sel_60,748,1,89,9042,0.015008639678115969
sel_60,749,1,1,582582,0.9670165141513114
sel_60,750,1,1,582582,0.9670165141513114
sel_60,751,1,166,15841,0.026294167345834448
sel_60,752,1,90,9035,0.014997020514463369
sel_60,753,1,1,582582,0.9670165141513114
sel_60,754,1,319,1085,0.0018009703661530443
sel_60,755,1,1,582582,0.9670165141513114
sel_60,756,1,97,3573,0.0059307531043915462
sel_60,757,1,1,582582,0.9670165141513114
sel_60,758,1,76,9594,0.015924893726149591
sel_60,759,1,1,582582,0.9670165141513114
sel_60,760,1,1,582582,0.9670165141513114
sel_60,761,1,1,582582,0.9670165141513114
sel_60,762,1,1682,5239,0.0086961140537104142
sel_60,763,1,346,936,0.0015536481684048382
sel_60,764,1,323,1085,0.0018009703661530443
sel_60,765,1,1,582582,0.9670165141513114
sel_60,766,1,1,582582,0.9670165141513114
sel_60,767,1,1,582582,0.9670165141513114
sel_60,768,1,413,5895,0.0097849956760112412
sel_60,769,1,1,582582,0.9670165141513114
sel_60,770,1,535,5667,0.0094065429170408308
sel_60,771,1,1,582582,0.9670165141513114
sel_60,772,1,1,582582,0.9670165141513114
sel_60,773,1,1,582582,0.9670165141513114
sel_60,774,1,1,582582,0.9670165141513114
sel_60,775,1,1,582582,0.9670165141513114
sel_60,776,1,1,582582,0.9670165141513114
sel_60,777,1,152,2391,0.0039687743276238981
sel_60,778,1,1,582582,0.9670165141513114
sel_60,779,1,1,582582,0.9670165141513114
sel_60,780,1,1,582582,0.9670165141513114
sel_60,781,1,240,10431,0.017314213722896227
sel_60,782,1,1,582582,0.9670165141513114
sel_60,783,1,1,582582,0.9670165141513114
sel_60,784,1,48,41289,0.06853480686460188
sel_60,785,1,1,582582,0.9670165141513114
sel_60,786,1,1,582582,0.9670165141513114
sel_60,787,1,1,582582,0.9670165141513114
sel_60,788,1,383,832,0.001381020594137634
sel_60,789,1,46,30873,0.051245491349532664
sel_60,790,1,1,582582,0.9670165141513114
sel_60,791,1,1,582582,0.9670165141513114
sel_60,792,1,1,582582,0.9670165141513114
sel_60,793,1,108,8370,0.013893199967466342
sel_60,794,1,1,582582,0.9670165141513114
sel_60,795,1,1,582582,0.9670165141513114
sel_60,796,1,1,582582,0.9670165141513114
sel_60,797,1,109,3403,0.0056485734156855386
sel_60,798,1,60,17746,0.029456239739863523
sel_60,799,1,1,582582,0.9670165141513114
sel_60,800,1,755,5429,0.0090114913528524208
sel_60,801,1,44,11391,0.018907699023824266
sel_60,802,1,193,1826,0.0030309418328068743
sel_60,803,1,1,582582,0.9670165141513114
sel_60,804,1,211,1749,0.0029031310326282714
sel_60,805,1,248,9001,0.014940584576722168
sel_60,806,1,1,582582,0.9670165141513114
sel_60,807,1,24,50862,0.084424843099793673
sel_60,808,1,1,582582,0.9670165141513114
sel_60,809,1,1,582582,0.9670165141513114
sel_60,810,1,138,16807,0.027897611929893287
sel_60,811,1,181,7000,0.011619163652600286
sel_60,812,1,1,582582,0.9670165141513114
sel_60,813,1,1,582582,0.9670165141513114
sel_60,814,1,1,582582,0.9670165141513114
sel_60,815,1,1,582582,0.9670165141513114
sel_60,816,1,22,27378,0.045444208925841521
sel_60,817,1,266,1347,0.0022358590628646551
sel_60,818,1,257,11518,0.01911850385009287
sel_60,819,1,91,23016,0.03820381008974974
sel_60,820,1,1969,5172,0.0085849020587498107
sel_60,821,1,153,2371,0.0039355767171878964
sel_60,822,1,259,10942,0.018162412669536047
sel_60,823,1,1,582582,0.9670165141513114
sel_60,824,1,1,582582,0.9670165141513114
sel_60,825,1,124,8034,0.013335480112141527
sel_60,826,1,173,7216,0.011977697845309094
sel_60,827,1,1,582582,0.9670165141513114
sel_60,828,1,1,582582,0.9670165141513114
sel_60,829,1,55,5754,0.009550952522437435
sel_60,830,1,343,983,0.0016316625529294402
sel_60,831,1,1,582582,0.9670165141513114
sel_60,832,1,1,582582,0.9670165141513114
sel_60,833,1,1,582582,0.9670165141513114
sel_60,834,1,1,582582,0.9670165141513114
sel_60,835,1,195,1813,0.0030093633860234742
sel_60,836,1,2247,5187,0.0086098002665768118
sel_60,837,1,1,582582,0.9670165141513114
sel_60,838,1,302,6011,0.0099775418165400451
sel_60,839,1,1,582582,0.9670165141513114
sel_60,840,1,86,4042,0.006709237069115765
sel_60,841,1,1,582582,0.9670165141513114
sel_60,842,1,1,582582,0.9670165141513114
sel_60,843,1,182,16181,0.02685852672324646
sel_60,844,1,209,11774,0.019543433263673679
sel_60,845,1,1,582582,0.9670165141513114
sel_60,846,1,69,18581,0.030842239975566559
sel_60,847,1,1,582582,0.9670165141513114
sel_60,848,1,268,1342,0.0022275596602556549
sel_60,849,1,1,582582,0.9670165141513114
sel_60,850,1,241,1483,0.0024616028138294607
sel_60,851,1,308,1147,0.0019038829585046469
sel_60,852,1,1,582582,0.9670165141513114
sel_60,853,1,1,582582,0.9670165141513114
sel_60,854,1,1,582582,0.9670165141513114
sel_60,855,1,1,582582,0.9670165141513114
sel_60,856,1,1,582582,0.9670165141513114
sel_60,857,1,1,582582,0.9670165141513114
sel_60,858,1,79,21753,0.036107380990716288
sel_60,859,1,1,582582,0.9670165141513114
sel_60,860,1,1,582582,0.9670165141513114
sel_60,861,1,1,582582,0.9670165141513114
sel_60,862,1,363,5975,0.0099177861177552444
sel_60,863,1,1,582582,0.9670165141513114
sel_60,864,1,1,582582,0.9670165141513114
sel_60,865,1,316,1090,0.0018092697687620445
sel_60,866,1,1,582582,0.9670165141513114
sel_60,867,1,1,582582,0.9670165141513114
sel_60,868,1,1,582582,0.9670165141513114
sel_60,869,1,118,18351,0.030460467455552549
sel_60,870,1,1,582582,0.9670165141513114
sel_60,871,1,384,831,0.001379360713615834
sel_60,872,1,1,582582,0.9670165141513114
sel_60,873,1,1,582582,0.9670165141513114
sel_60,874,1,342,982,0.0016300026724076402
sel_60,875,1,404,5935,0.0098513908968832428
sel_60,876,1,1,582582,0.9670165141513114
sel_60,877,1,292,1214,0.0020150949534652497
sel_60,878,1,1,582582,0.9670165141513114
sel_60,879,1,1,582582,0.9670165141513114
sel_60,880,1,1,582582,0.9670165141513114
sel_60,881,1,1,582582,0.9670165141513114
sel_60,882,1,1,582582,0.9670165141513114
sel_60,883,1,295,6350,0.01054024131343026
sel_60,884,1,1,582582,0.9670165141513114
sel_60,885,1,1,582582,0.9670165141513114
sel_60,886,1,1,582582,0.9670165141513114
sel_60,887,1,1,582582,0.9670165141513114
sel_60,888,1,1,582582,0.9670165141513114
sel_60,889,1,1,582582,0.9670165141513114
sel_60,890,1,1,582582,0.9670165141513114
sel_60,891,1,1,582582,0.9670165141513114
sel_60,892,1,1,582582,0.9670165141513114
sel_60,893,1,161,2309,0.0038326641248362945
sel_60,894,1,242,1474,0.00244666388913326
sel_60,895,1,49,38623,0.064109565393482976
sel_60,896,1,393,807,0.001339523581092633
sel_60,897,1,1,582582,0.9670165141513114
sel_60,898,1,412,5920,0.0098264926890562418
sel_60,899,1,1,582582,0.9670165141513114
sel_60,900,1,1,582582,0.9670165141513114
sel_60,901,1,1,582582,0.9670165141513114
sel_60,902,1,1,582582,0.9670165141513114
sel_60,903,1,1,582582,0.9670165141513114
sel_60,904,1,281,1274,0.0021146877847732521
sel_60,905,1,1,582582,0.9670165141513114
sel_60,906,1,1,582582,0.9670165141513114
sel_60,907,1,102,7980,0.013245846563964325
sel_60,908,1,70,39593,0.06571964949962901
sel_60,909,1,289,12954,0.021502092279397728
sel_60,910,1,1,582582,0.9670165141513114
sel_60,911,1,355,954,0.001583526017797239
sel_60,912,1,68,4765,0.0079093306863771938
sel_60,913,1,1,582582,0.9670165141513114
sel_60,914,1,1,582582,0.9670165141513114
sel_60,915,1,1211,5314,0.0088206050928454176
sel_60,916,1,345,965,0.0016017847035370394
sel_60,917,1,1,582582,0.9670165141513114
sel_60,918,1,1,582582,0.9670165141513114
sel_60,919,1,1,582582,0.9670165141513114
sel_60,920,1,378,846,0.0014042589214428346
sel_60,921,1,1,582582,0.9670165141513114
sel_60,922,1,328,1062,0.0017627931141516433
sel_60,923,1,1,582582,0.9670165141513114
sel_60,924,1,1,582582,0.9670165141513114
sel_60,925,1,1,582582,0.9670165141513114
sel_60,926,1,1,582582,0.9670165141513114
sel_60,927,1,324,1084,0.0017993104856312443
sel_60,928,1,1,582582,0.9670165141513114
sel_60,929,1,365,6023,0.009997460382801646
sel_60,930,1,1,582582,0.9670165141513114
sel_60,931,1,270,1326,0.0022010015719068541
sel_60,932,1,366,886,0.0014706541423148362
sel_60,933,1,3779,5140,0.0085317858820522091
sel_60,934,1,397,797,0.0013229247758746326
sel_60,935,1,1,582582,0.9670165141513114
sel_60,936,1,608,5644,0.0093683656650394298
sel_60,937,1,1,582582,0.9670165141513114
sel_60,938,1,1,582582,0.9670165141513114
sel_60,939,1,1,582582,0.9670165141513114
sel_60,940,1,37,34635,0.057489961872544411
sel_60,941,1,243,6558,0.010885496461964668
sel_60,942,1,1,582582,0.9670165141513114
sel_60,943,1,1,582582,0.9670165141513114
sel_60,944,1,1,582582,0.9670165141513114
sel_60,945,1,1,582582,0.9670165141513114
sel_60,946,1,1,582582,0.9670165141513114
sel_60,947,1,227,1569,0.0026043525387042642
sel_60,948,1,304,1167,0.0019370805689406477
sel_60,949,1,1,582582,0.9670165141513114
sel_60,950,1,1,582582,0.9670165141513114
sel_60,951,1,1,582582,0.9670165141513114
sel_60,952,1,72,50228,0.083372478848972448
sel_60,953,1,1,582582,0.9670165141513114
sel_60,954,1,431,5804,0.0096339465485274361
sel_60,955,1,380,834,0.001384340355181234
sel_60,956,1,113,16968,0.028164852693903092
sel_60,957,1,253,1430,0.0023736291461740585
sel_60,958,1,1,582582,0.9670165141513114
sel_60,959,1,1,582582,0.9670165141513114
sel_60,960,1,1,582582,0.9670165141513114
sel_60,961,1,1,582582,0.9670165141513114
sel_60,962,1,1,582582,0.9670165141513114
sel_60,963,1,547,5611,0.0093135896078200293
sel_60,964,1,1,582582,0.9670165141513114
sel_60,965,1,1,582582,0.9670165141513114
sel_60,966,1,1,582582,0.9670165141513114
sel_60,967,1,177,2019,0.0033512987735142825
sel_60,968,1,375,842,0.0013976193993556344
sel_60,969,1,1,582582,0.9670165141513114
sel_60,970,1,1,582582,0.9670165141513114
sel_60,971,1,536,5690,0.0094447201690422318
sel_60,972,1,1,582582,0.9670165141513114
sel_60,973,1,453,5900,0.009793295078620241
sel_60,974,1,1003,5309,0.0088123056902364161
sel_60,975,1,1,582582,0.9670165141513114
sel_60,976,1,347,946,0.0015702469736228386
sel_60,977,1,149,2430,0.004033509667974099
sel_60,978,1,99,16350,0.027139046531430667
sel_60,979,1,1,582582,0.9670165141513114
sel_60,980,1,1,582582,0.9670165141513114
sel_60,981,1,537,5672,0.0094148423196498323
sel_60,982,1,123,3063,0.0050842140382735251
sel_60,983,1,119,3184,0.0052850595814113296
sel_60,984,1,187,11643,0.019325988915317876
sel_60,985,1,6,130334,0.21633886792828652
sel_60,986,1,360,918,0.0015237703190124376
sel_60,987,1,178,7095,0.011776852302171291
sel_60,988,1,1,582582,0.9670165141513114
sel_60,989,1,1,582582,0.9670165141513114
sel_60,990,1,262,1382,0.0022939548811276565
sel_60,991,1,252,1422,0.0023603501019996581
sel_60,992,1,1,582582,0.9670165141513114
sel_60,993,1,1,582582,0.9670165141513114
sel_60,994,1,156,7478,0.012412586542020706
sel_60,995,1,14,70246,0.11659996713436567
sel_60,996,1,339,1003,0.001664860163365441
sel_60,997,1,1,582582,0.9670165141513114
sel_60,998,1,1,582582,0.9670165141513114
sel_60,999,1,1,582582,0.9670165141513114
sel_80,0,1,182,16181,0.02685852672324646
sel_80,1,1,31,38371,0.063691275501989372
sel_80,2,1,1,582582,0.9670165141513114
sel_80,3,1,1,582582,0.9670165141513114
sel_80,4,1,1,582582,0.9670165141513114
sel_80,5,1,1,582582,0.9670165141513114
sel_80,6,1,1,582582,0.9670165141513114
sel_80,7,1,1,582582,0.9670165141513114
sel_80,8,1,1,582582,0.9670165141513114
sel_80,9,1,1,582582,0.9670165141513114
sel_80,10,1,163,11825,0.019628087170285483
sel_80,11,1,334,6136,0.010185026881765051
sel_80,12,1,1,582582,0.9670165141513114
sel_80,13,1,1,582582,0.9670165141513114
sel_80,14,1,1,582582,0.9670165141513114
sel_80,15,1,348,6048,0.010038957395846647
sel_80,16,1,1,582582,0.9670165141513114
sel_80,17,1,1,582582,0.9670165141513114
sel_80,18,1,115,12245,0.020325236989441501
sel_80,19,1,1,582582,0.9670165141513114
sel_80,20,1,1,582582,0.9670165141513114
sel_80,21,1,1,582582,0.9670165141513114
sel_80,22,1,1,582582,0.9670165141513114
sel_80,23,1,49,38623,0.064109565393482976
sel_80,24,1,1,582582,0.9670165141513114
sel_80,25,1,1,582582,0.9670165141513114
sel_80,26,1,1,582582,0.9670165141513114
sel_80,27,1,1,582582,0.9670165141513114
sel_80,28,1,81,22501,0.037348971621022721
sel_80,29,1,382,16021,0.026592945839758454
sel_80,30,1,175,7200,0.011951139756960294
sel_80,31,1,1,582582,0.9670165141513114
sel_80,32,1,1,582582,0.9670165141513114
sel_80,33,1,1,582582,0.9670165141513114
sel_80,34,1,249,6467,0.010734447334480864
sel_80,35,1,1,582582,0.9670165141513114
sel_80,36,1,1,582582,0.9670165141513114
sel_80,37,1,1,582582,0.9670165141513114
sel_80,38,1,1,582582,0.9670165141513114
sel_80,39,1,482,9570,0.015885056593626389
sel_80,40,1,1,582582,0.9670165141513114
sel_80,41,1,1,582582,0.9670165141513114
sel_80,42,1,1,582582,0.9670165141513114
sel_80,43,1,1,582582,0.9670165141513114
sel_80,44,1,1,582582,0.9670165141513114
sel_80,45,1,199,6711,0.011139458181800075
sel_80,46,1,18,47092,0.078167093532607521
sel_80,47,1,1,582582,0.9670165141513114
sel_80,48,1,1,582582,0.9670165141513114
sel_80,49,1,1,582582,0.9670165141513114
sel_80,50,1,1,582582,0.9670165141513114
sel_80,51,1,1,582582,0.9670165141513114
sel_80,52,1,1,582582,0.9670165141513114
sel_80,53,1,1,582582,0.9670165141513114
sel_80,54,1,1,582582,0.9670165141513114
sel_80,55,1,1,582582,0.9670165141513114
sel_80,56,1,1,582582,0.9670165141513114
sel_80,57,1,1,582582,0.9670165141513114
sel_80,58,1,114,20845,0.034600209476921849
sel_80,59,1,79,21753,0.036107380990716288
sel_80,60,1,1,582582,0.9670165141513114
sel_80,61,1,37,34635,0.057489961872544411
sel_80,62,1,1,582582,0.9670165141513114
sel_80,63,1,1,582582,0.9670165141513114
sel_80,64,1,66,15096,0.025057556357093416
sel_80,65,1,1,582582,0.9670165141513114
sel_80,66,1,1,582582,0.9670165141513114
sel_80,67,1,1,582582,0.9670165141513114
sel_80,68,1,1,582582,0.9670165141513114
sel_80,69,1,1,582582,0.9670165141513114
sel_80,70,1,1,582582,0.9670165141513114
sel_80,71,1,155,7434,0.012339551799061503
sel_80,72,1,1,582582,0.9670165141513114
sel_80,73,1,1,582582,0.9670165141513114
sel_80,74,1,1,582582,0.9670165141513114
sel_80,75,1,15,48656,0.080763146668702782
sel_80,76,1,1,582582,0.9670165141513114
sel_80,77,1,1,582582,0.9670165141513114
sel_80,78,1,1,582582,0.9670165141513114
sel_80,79,1,1,582582,0.9670165141513114
sel_80,80,1,1,582582,0.9670165141513114
sel_80,81,1,1,582582,0.9670165141513114
sel_80,82,1,1,582582,0.9670165141513114
sel_80,83,1,65,14993,0.024886588663348013
sel_80,84,1,1,582582,0.9670165141513114
sel_80,85,1,1,582582,0.9670165141513114
sel_80,86,1,1,582582,0.9670165141513114
sel_80,87,1,261,6450,0.010706229365610264
sel_80,88,1,1,582582,0.9670165141513114
sel_80,89,1,1,582582,0.9670165141513114
sel_80,90,1,1,582582,0.9670165141513114
sel_80,91,1,1,582582,0.9670165141513114
sel_80,92,1,432,5901,0.0097949549591420416
sel_80,93,1,1,582582,0.9670165141513114
sel_80,94,1,1,582582,0.9670165141513114
sel_80,95,1,1,582582,0.9670165141513114
sel_80,96,1,138,16807,0.027897611929893287
sel_80,97,1,1,582582,0.9670165141513114
sel_80,98,1,1,582582,0.9670165141513114
sel_80,99,1,1,582582,0.9670165141513114
sel_80,100,1,1,582582,0.9670165141513114
sel_80,101,1,1,582582,0.9670165141513114
sel_80,102,1,52,18199,0.030208165616238944
sel_80,103,1,1,582582,0.9670165141513114
sel_80,104,1,1,582582,0.9670165141513114
sel_80,105,1,274,6424,0.010663072472043462
sel_80,106,1,1,582582,0.9670165141513114
sel_80,107,1,1,582582,0.9670165141513114
sel_80,108,1,1,582582,0.9670165141513114
sel_80,109,1,1,582582,0.9670165141513114
sel_80,110,1,170,7307,0.012128746972792898
sel_80,111,1,1,582582,0.9670165141513114
sel_80,112,1,1,582582,0.9670165141513114
sel_80,113,1,1,582582,0.9670165141513114
sel_80,114,1,1,582582,0.9670165141513114
sel_80,115,1,1,582582,0.9670165141513114
sel_80,116,1,1,582582,0.9670165141513114
sel_80,117,1,90,9035,0.014997020514463369
sel_80,118,1,1,582582,0.9670165141513114
sel_80,119,1,1,582582,0.9670165141513114
sel_80,120,1,1,582582,0.9670165141513114
sel_80,121,1,1,582582,0.9670165141513114
sel_80,122,1,157,7331,0.012168584105316099
sel_80,123,1,1,582582,0.9670165141513114
sel_80,124,1,1,582582,0.9670165141513114
sel_80,125,1,1,582582,0.9670165141513114
sel_80,126,1,1,582582,0.9670165141513114
sel_80,127,1,1,582582,0.9670165141513114
sel_80,128,1,1,582582,0.9670165141513114
sel_80,129,1,1,582582,0.9670165141513114
sel_80,130,1,32,22796,0.03783863637495373
sel_80,131,1,1,582582,0.9670165141513114
sel_80,132,1,1,582582,0.9670165141513114
sel_80,133,1,1,582582,0.9670165141513114
sel_80,134,1,1,582582,0.9670165141513114
sel_80,135,1,1,582582,0.9670165141513114
sel_80,136,1,224,6711,0.011139458181800075
sel_80,137,1,1,582582,0.9670165141513114
sel_80,138,1,1,582582,0.9670165141513114
sel_80,139,1,1,582582,0.9670165141513114
sel_80,140,1,1,582582,0.9670165141513114
sel_80,141,1,1,582582,0.9670165141513114
sel_80,142,1,1,582582,0.9670165141513114
sel_80,143,1,158,7036,0.011678919351385087
sel_80,144,1,1,582582,0.9670165141513114
sel_80,145,1,1,582582,0.9670165141513114
sel_80,146,1,1,582582,0.9670165141513114
sel_80,147,1,1,582582,0.9670165141513114
sel_80,148,1,1,582582,0.9670165141513114
sel_80,149,1,5,77019,0.12784233790851735
sel_80,150,1,396,5897,0.0097883154370548408
sel_80,151,1,1,582582,0.9670165141513114
sel_80,152,1,1,582582,0.9670165141513114
sel_80,153,1,1,582582,0.9670165141513114
sel_80,154,1,1,582582,0.9670165141513114
sel_80,155,1,1,582582,0.9670165141513114
sel_80,156,1,1,582582,0.9670165141513114
sel_80,157,1,1,582582,0.9670165141513114
sel_80,158,1,1,582582,0.9670165141513114
sel_80,159,1,1,582582,0.9670165141513114
sel_80,160,1,110,8542,0.014178699417215949
sel_80,161,1,1,582582,0.9670165141513114
sel_80,162,1,1,582582,0.9670165141513114
sel_80,163,1,1,582582,0.9670165141513114
sel_80,164,1,1,582582,0.9670165141513114
sel_80,165,1,1,582582,0.9670165141513114
sel_80,166,1,1,582582,0.9670165141513114
sel_80,167,1,1,582582,0.9670165141513114
sel_80,168,1,1,582582,0.9670165141513114
sel_80,169,1,1,582582,0.9670165141513114
sel_80,170,1,419,5761,0.0095625716860900361
sel_80,171,1,1,582582,0.9670165141513114
sel_80,172,1,16,68380,0.1135026300806868
sel_80,173,1,1,582582,0.9670165141513114
sel_80,174,1,1,582582,0.9670165141513114
sel_80,175,1,1,582582,0.9670165141513114
sel_80,176,1,202,17060,0.028317561701908696
sel_80,177,1,309,10624,0.017634570663603633
sel_80,178,1,1,582582,0.9670165141513114
sel_80,179,1,1,582582,0.9670165141513114
sel_80,180,1,1,582582,0.9670165141513114
sel_80,181,1,1,582582,0.9670165141513114
sel_80,182,1,1,582582,0.9670165141513114
sel_80,183,1,1,582582,0.9670165141513114
sel_80,184,1,1,582582,0.9670165141513114
sel_80,185,1,1,582582,0.9670165141513114
sel_80,186,1,1,582582,0.9670165141513114
sel_80,187,1,1,582582,0.9670165141513114
sel_80,188,1,1,582582,0.9670165141513114
sel_80,189,1,1,582582,0.9670165141513114
sel_80,190,1,1,582582,0.9670165141513114
sel_80,191,1,216,6774,0.011244030654673477
sel_80,192,1,1,582582,0.9670165141513114
sel_80,193,1,1,582582,0.9670165141513114
sel_80,194,1,273,6421,0.010658092830478062
sel_80,195,1,1,582582,0.9670165141513114
sel_80,196,1,1,582582,0.9670165141513114
sel_80,197,1,1,582582,0.9670165141513114
sel_80,198,1,1,582582,0.9670165141513114
sel_80,199,1,1,582582,0.9670165141513114
sel_80,200,1,290,5847,0.0097053214109648379
sel_80,201,1,272,11651,0.019339267959492274
sel_80,202,1,1,582582,0.9670165141513114
sel_80,203,1,1,582582,0.9670165141513114
sel_80,204,1,1,582582,0.9670165141513114
sel_80,205,1,1,582582,0.9670165141513114
sel_80,206,1,1,582582,0.9670165141513114
sel_80,207,1,1,582582,0.9670165141513114
sel_80,208,1,1,582582,0.9670165141513114
sel_80,209,1,1,582582,0.9670165141513114
sel_80,210,1,1,582582,0.9670165141513114
sel_80,211,1,1,582582,0.9670165141513114
sel_80,212,1,1,582582,0.9670165141513114
sel_80,213,1,35,36438,0.060482726453349886
sel_80,214,1,1,582582,0.9670165141513114
sel_80,215,1,112,8451,0.014027650289732145
sel_80,216,1,373,6006,0.0099692424139310454
sel_80,217,1,1,582582,0.9670165141513114
sel_80,218,1,1,582582,0.9670165141513114
sel_80,219,1,1,582582,0.9670165141513114
sel_80,220,1,1,582582,0.9670165141513114
sel_80,221,1,1,582582,0.9670165141513114
sel_80,222,1,1,582582,0.9670165141513114
sel_80,223,1,1,582582,0.9670165141513114
sel_80,224,1,315,6182,0.010261381385767852
sel_80,225,1,1,582582,0.9670165141513114
sel_80,226,1,1,582582,0.9670165141513114
sel_80,227,1,8,74373,0.12345029404783443
sel_80,228,1,1,582582,0.9670165141513114
sel_80,229,1,1,582582,0.9670165141513114
sel_80,230,1,1,582582,0.9670165141513114
sel_80,231,1,1,582582,0.9670165141513114
sel_80,232,1,1,582582,0.9670165141513114
sel_80,233,1,1,582582,0.9670165141513114
sel_80,234,1,1,582582,0.9670165141513114
sel_80,235,1,1,582582,0.9670165141513114
sel_80,236,1,1,582582,0.9670165141513114
sel_80,237,1,1,582582,0.9670165141513114
sel_80,238,1,1,582582,0.9670165141513114
sel_80,239,1,1,582582,0.9670165141513114
sel_80,240,1,1,582582,0.9670165141513114
sel_80,241,1,1,582582,0.9670165141513114
sel_80,242,1,1,582582,0.9670165141513114
sel_80,243,1,28,26803,0.044489777625806491
sel_80,244,1,1,582582,0.9670165141513114
sel_80,245,1,1,582582,0.9670165141513114
sel_80,246,1,1,582582,0.9670165141513114
sel_80,247,1,298,6278,0.010420729915860657
sel_80,248,1,1,582582,0.9670165141513114
sel_80,249,1,1,582582,0.9670165141513114
sel_80,250,1,1,582582,0.9670165141513114
sel_80,251,1,1,582582,0.9670165141513114
sel_80,252,1,1,582582,0.9670165141513114
sel_80,253,1,1,582582,0.9670165141513114
sel_80,254,1,10,88735,0.14728949810192662
sel_80,255,1,1,582582,0.9670165141513114
sel_80,256,1,1,582582,0.9670165141513114
sel_80,257,1,1,582582,0.9670165141513114
sel_80,258,1,1,582582,0.9670165141513114
sel_80,259,1,1,582582,0.9670165141513114
sel_80,260,1,1,582582,0.9670165141513114
sel_80,261,1,164,7421,0.012317973352278104
sel_80,262,1,1,582582,0.9670165141513114
sel_80,263,1,1,582582,0.9670165141513114
sel_80,264,1,1,582582,0.9670165141513114
sel_80,265,1,1,582582,0.9670165141513114
sel_80,266,1,1,582582,0.9670165141513114
sel_80,267,1,1,582582,0.9670165141513114
sel_80,268,1,1,582582,0.9670165141513114
sel_80,269,1,1,582582,0.9670165141513114
sel_80,270,1,453,5900,0.009793295078620241
sel_80,271,1,1,582582,0.9670165141513114
sel_80,272,1,1,582582,0.9670165141513114
sel_80,273,1,788,10176,0.016890944189837217
sel_80,274,1,1,582582,0.9670165141513114
sel_80,275,1,1,582582,0.9670165141513114
sel_80,276,1,27,35946,0.059666065236624266
sel_80,277,1,1,582582,0.9670165141513114
sel_80,278,1,1,582582,0.9670165141513114
sel_80,279,1,1,582582,0.9670165141513114
sel_80,280,1,1,582582,0.9670165141513114
sel_80,281,1,437,5829,0.0096754435615724384
sel_80,282,1,1,582582,0.9670165141513114
sel_80,283,1,1,582582,0.9670165141513114
sel_80,284,1,1,582582,0.9670165141513114
sel_80,285,1,1,582582,0.9670165141513114
sel_80,286,1,36,22396,0.037174684166233714
sel_80,287,1,374,6003,0.0099642627723656452
sel_80,288,1,1,582582,0.9670165141513114
sel_80,289,1,176,16531,0.027439484905876475
sel_80,290,1,1,582582,0.9670165141513114
sel_80,291,1,1,582582,0.9670165141513114
sel_80,292,1,1,582582,0.9670165141513114
sel_80,293,1,1,582582,0.9670165141513114
sel_80,294,1,162,7113,0.01180673015156369
sel_80,295,1,1,582582,0.9670165141513114
sel_80,296,1,1,582582,0.9670165141513114
sel_80,297,1,1,582582,0.9670165141513114
sel_80,298,1,1,582582,0.9670165141513114
sel_80,299,1,1,582582,0.9670165141513114
sel_80,300,1,240,10431,0.017314213722896227
sel_80,301,1,1,582582,0.9670165141513114
sel_80,302,1,1,582582,0.9670165141513114
sel_80,303,1,67,18324,0.030415650681463947
sel_80,304,1,1,582582,0.9670165141513114
sel_80,305,1,1,582582,0.9670165141513114
sel_80,306,1,1,582582,0.9670165141513114
sel_80,307,1,1,582582,0.9670165141513114
sel_80,308,1,30,39619,0.065762806393195816
sel_80,309,1,1,582582,0.9670165141513114
sel_80,310,1,1,582582,0.9670165141513114
sel_80,311,1,1,582582,0.9670165141513114
sel_80,312,1,1,582582,0.9670165141513114
sel_80,313,1,1,582582,0.9670165141513114
sel_80,314,1,1,582582,0.9670165141513114
sel_80,315,1,1,582582,0.9670165141513114
sel_80,316,1,1,582582,0.9670165141513114
sel_80,317,1,1,582582,0.9670165141513114
sel_80,318,1,231,10888,0.018072779121358844
sel_80,319,1,1,582582,0.9670165141513114
sel_80,320,1,1,582582,0.9670165141513114
sel_80,321,1,1,582582,0.9670165141513114
sel_80,322,1,1,582582,0.9670165141513114
sel_80,323,1,1,582582,0.9670165141513114
sel_80,324,1,1,582582,0.9670165141513114
sel_80,325,1,1,582582,0.9670165141513114
sel_80,326,1,1,582582,0.9670165141513114
sel_80,327,1,236,6485,0.010764325183873266
sel_80,328,1,1,582582,0.9670165141513114
sel_80,329,1,1,582582,0.9670165141513114
sel_80,330,1,1,582582,0.9670165141513114
sel_80,331,1,1,582582,0.9670165141513114
sel_80,332,1,1,582582,0.9670165141513114
sel_80,333,1,1,582582,0.9670165141513114
sel_80,334,1,1,582582,0.9670165141513114
sel_80,335,1,1,582582,0.9670165141513114
sel_80,336,1,1,582582,0.9670165141513114
sel_80,337,1,87,20900,0.034691502905620855
sel_80,338,1,1,582582,0.9670165141513114
sel_80,339,1,1,582582,0.9670165141513114
sel_80,340,1,1,582582,0.9670165141513114
sel_80,341,1,1,582582,0.9670165141513114
sel_80,342,1,1,582582,0.9670165141513114
sel_80,343,1,1,582582,0.9670165141513114
sel_80,344,1,101,8546,0.01418533893930315
sel_80,345,1,1,582582,0.9670165141513114
sel_80,346,1,1,582582,0.9670165141513114
sel_80,347,1,1,582582,0.9670165141513114
sel_80,348,1,1,582582,0.9670165141513114
sel_80,349,1,1,582582,0.9670165141513114
sel_80,350,1,1,582582,0.9670165141513114
sel_80,351,1,1,582582,0.9670165141513114
sel_80,352,1,1,582582,0.9670165141513114
sel_80,353,1,1,582582,0.9670165141513114
sel_80,354,1,147,12123,0.020122731565781895
sel_80,355,1,1,582582,0.9670165141513114
sel_80,356,1,1,582582,0.9670165141513114
sel_80,357,1,1,582582,0.9670165141513114
sel_80,358,1,1,582582,0.9670165141513114
sel_80,359,1,1,582582,0.9670165141513114
sel_80,360,1,47,21041,0.034925546059194658
sel_80,361,1,1,582582,0.9670165141513114
sel_80,362,1,1,582582,0.9670165141513114
sel_80,363,1,1,582582,0.9670165141513114
sel_80,364,1,1,582582,0.9670165141513114
sel_80,365,1,1,582582,0.9670165141513114
sel_80,366,1,1,582582,0.9670165141513114
sel_80,367,1,1,582582,0.9670165141513114
sel_80,368,1,322,6187,0.010269680788376853
sel_80,369,1,1,582582,0.9670165141513114
sel_80,370,1,310,6121,0.01016012867393805
sel_80,371,1,1,582582,0.9670165141513114
sel_80,372,1,1,582582,0.9670165141513114
sel_80,373,1,1,582582,0.9670165141513114
sel_80,374,1,94,16450,0.027305034583610673
sel_80,375,1,1,582582,0.9670165141513114
sel_80,376,1,57,17462,0.028984833671672313
sel_80,377,1,1,582582,0.9670165141513114
sel_80,378,1,1,582582,0.9670165141513114
sel_80,379,1,1,582582,0.9670165141513114
sel_80,380,1,1,582582,0.9670165141513114
sel_80,381,1,1,582582,0.9670165141513114
sel_80,382,1,1,582582,0.9670165141513114
sel_80,383,1,1,582582,0.9670165141513114
sel_80,384,1,1,582582,0.9670165141513114
sel_80,385,1,1,582582,0.9670165141513114
sel_80,386,1,1,582582,0.9670165141513114
sel_80,387,1,1,582582,0.9670165141513114
sel_80,388,1,365,6023,0.009997460382801646
sel_80,389,1,1,582582,0.9670165141513114
sel_80,390,1,1,582582,0.9670165141513114
sel_80,391,1,1,582582,0.9670165141513114
sel_80,392,1,160,12609,0.020929433499376714
sel_80,393,1,1,582582,0.9670165141513114
sel_80,394,1,1,582582,0.9670165141513114
sel_80,395,1,1,582582,0.9670165141513114
sel_80,396,1,1,582582,0.9670165141513114
sel_80,397,1,1,582582,0.9670165141513114
sel_80,398,1,1,582582,0.9670165141513114
sel_80,399,1,1,582582,0.9670165141513114
sel_80,400,1,1,582582,0.9670165141513114
sel_80,401,1,116,17458,0.028978194149585114
sel_80,402,1,1,582582,0.9670165141513114
sel_80,403,1,1,582582,0.9670165141513114
sel_80,404,1,1,582582,0.9670165141513114
sel_80,405,1,1,582582,0.9670165141513114
sel_80,406,1,1,582582,0.9670165141513114
sel_80,407,1,1,582582,0.9670165141513114
sel_80,408,1,1,582582,0.9670165141513114
sel_80,409,1,1,582582,0.9670165141513114
sel_80,410,1,102,7980,0.013245846563964325
sel_80,411,1,257,11518,0.01911850385009287
sel_80,412,1,1,582582,0.9670165141513114
sel_80,413,1,1,582582,0.9670165141513114
sel_80,414,1,387,11049,0.018340019885368652
sel_80,415,1,1,582582,0.9670165141513114
sel_80,416,1,1,582582,0.9670165141513114
sel_80,417,1,1,582582,0.9670165141513114
sel_80,418,1,1,582582,0.9670165141513114
sel_80,419,1,1,582582,0.9670165141513114
sel_80,420,1,1,582582,0.9670165141513114
sel_80,421,1,325,15530,0.025777944503554633
sel_80,422,1,1,582582,0.9670165141513114
sel_80,423,1,1,582582,0.9670165141513114
sel_80,424,1,83,8443,0.014014371245557745
sel_80,425,1,166,15841,0.026294167345834448
sel_80,426,1,1,582582,0.9670165141513114
sel_80,427,1,72,50228,0.083372478848972448
sel_80,428,1,1,582582,0.9670165141513114
sel_80,429,1,1,582582,0.9670165141513114
sel_80,430,1,1,582582,0.9670165141513114
sel_80,431,1,1,582582,0.9670165141513114
sel_80,432,1,1,582582,0.9670165141513114
sel_80,433,1,70,39593,0.06571964949962901
sel_80,434,1,1,582582,0.9670165141513114
sel_80,435,1,113,16968,0.028164852693903092
sel_80,436,1,1,582582,0.9670165141513114
sel_80,437,1,226,6688,0.011101280929798674
sel_80,438,1,1,582582,0.9670165141513114
sel_80,439,1,1,582582,0.9670165141513114
sel_80,440,1,1,582582,0.9670165141513114
sel_80,441,1,1,582582,0.9670165141513114
sel_80,442,1,1,582582,0.9670165141513114
sel_80,443,1,1,582582,0.9670165141513114
sel_80,444,1,1,582582,0.9670165141513114
sel_80,445,1,1,582582,0.9670165141513114
sel_80,446,1,142,7600,0.01261509196568031
sel_80,447,1,1,582582,0.9670165141513114
sel_80,448,1,1,582582,0.9670165141513114
sel_80,449,1,1,582582,0.9670165141513114
sel_80,450,1,1,582582,0.9670165141513114
sel_80,451,1,1,582582,0.9670165141513114
sel_80,452,1,1,582582,0.9670165141513114
sel_80,453,1,120,8212,0.013630938845021935
sel_80,454,1,125,10532,0.017481861655598029
sel_80,455,1,1,582582,0.9670165141513114
sel_80,456,1,1,582582,0.9670165141513114
sel_80,457,1,1,582582,0.9670165141513114
sel_80,458,1,1,582582,0.9670165141513114
sel_80,459,1,1,582582,0.9670165141513114
sel_80,460,1,1,582582,0.9670165141513114
sel_80,461,1,1,582582,0.9670165141513114
sel_80,462,1,1,582582,0.9670165141513114
sel_80,463,1,1,582582,0.9670165141513114
sel_80,464,1,1,582582,0.9670165141513114
sel_80,465,1,1,582582,0.9670165141513114
sel_80,466,1,9,80153,0.13304440346383867
sel_80,467,1,1,582582,0.9670165141513114
sel_80,468,1,1,582582,0.9670165141513114
sel_80,469,1,1,582582,0.9670165141513114
sel_80,470,1,1,582582,0.9670165141513114
sel_80,471,1,1,582582,0.9670165141513114
sel_80,472,1,1,582582,0.9670165141513114
sel_80,473,1,12,73435,0.12189332611838599
sel_80,474,1,1,582582,0.9670165141513114
sel_80,475,1,1,582582,0.9670165141513114
sel_80,476,1,1,582582,0.9670165141513114
sel_80,477,1,1,582582,0.9670165141513114
sel_80,478,1,1,582582,0.9670165141513114
sel_80,479,1,521,9299,0.01543522897221858
sel_80,480,1,1,582582,0.9670165141513114
sel_80,481,1,1,582582,0.9670165141513114
sel_80,482,1,21,39832,0.066116360944339231
sel_80,483,1,1,582582,0.9670165141513114
sel_80,484,1,1,582582,0.9670165141513114
sel_80,485,1,1,582582,0.9670165141513114
sel_80,486,1,1,582582,0.9670165141513114
sel_80,487,1,1,582582,0.9670165141513114
sel_80,488,1,1,582582,0.9670165141513114
sel_80,489,1,1,582582,0.9670165141513114
sel_80,490,1,1,582582,0.9670165141513114
sel_80,491,1,1,582582,0.9670165141513114
sel_80,492,1,22,27378,0.045444208925841521
sel_80,493,1,1,582582,0.9670165141513114
sel_80,494,1,1,582582,0.9670165141513114
sel_80,495,1,1,582582,0.9670165141513114
sel_80,496,1,317,6148,0.01020494544802665
sel_80,497,1,1,582582,0.9670165141513114
sel_80,498,1,210,12985,0.021553548575573529
sel_80,499,1,1,582582,0.9670165141513114
sel_80,500,1,1,582582,0.9670165141513114
sel_80,501,1,1,582582,0.9670165141513114
sel_80,502,1,1,582582,0.9670165141513114
sel_80,503,1,1,582582,0.9670165141513114
sel_80,504,1,1,582582,0.9670165141513114
sel_80,505,1,1,582582,0.9670165141513114
sel_80,506,1,1,582582,0.9670165141513114
sel_80,507,1,1,582582,0.9670165141513114
sel_80,508,1,1,582582,0.9670165141513114
sel_80,509,1,1,582582,0.9670165141513114
sel_80,510,1,69,18581,0.030842239975566559
sel_80,511,1,1,582582,0.9670165141513114
sel_80,512,1,58,10311,0.017115028060280223
sel_80,513,1,1,582582,0.9670165141513114
sel_80,514,1,1,582582,0.9670165141513114
sel_80,515,1,1,582582,0.9670165141513114
sel_80,516,1,60,17746,0.029456239739863523
sel_80,517,1,1,582582,0.9670165141513114
sel_80,518,1,1,582582,0.9670165141513114
sel_80,519,1,1,582582,0.9670165141513114
sel_80,520,1,1,582582,0.9670165141513114
sel_80,521,1,1,582582,0.9670165141513114
sel_80,522,1,1,582582,0.9670165141513114
sel_80,523,1,1,582582,0.9670165141513114
sel_80,524,1,320,6035,0.010017378949063247
sel_80,525,1,34,33184,0.055081475235412555
sel_80,526,1,1,582582,0.9670165141513114
sel_80,527,1,1,582582,0.9670165141513114
sel_80,528,1,1,582582,0.9670165141513114
sel_80,529,1,118,18351,0.030460467455552549
sel_80,530,1,288,6025,0.010000780143845246
sel_80,531,1,1,582582,0.9670165141513114
sel_80,532,1,1,582582,0.9670165141513114
sel_80,533,1,1,582582,0.9670165141513114
sel_80,534,1,1,582582,0.9670165141513114
sel_80,535,1,1,582582,0.9670165141513114
sel_80,536,1,1,582582,0.9670165141513114
sel_80,537,1,1,582582,0.9670165141513114
sel_80,538,1,1,582582,0.9670165141513114
sel_80,539,1,1,582582,0.9670165141513114
sel_80,540,1,1,582582,0.9670165141513114
sel_80,541,1,291,6286,0.010434008960035056
sel_80,542,1,412,5920,0.0098264926890562418
sel_80,543,1,1,582582,0.9670165141513114
sel_80,544,1,1,582582,0.9670165141513114
sel_80,545,1,1,582582,0.9670165141513114
sel_80,546,1,1,582582,0.9670165141513114
sel_80,547,1,1,582582,0.9670165141513114
sel_80,548,1,1,582582,0.9670165141513114
sel_80,549,1,1,582582,0.9670165141513114
sel_80,550,1,1,582582,0.9670165141513114
sel_80,551,1,1,582582,0.9670165141513114
sel_80,552,1,1,582582,0.9670165141513114
sel_80,553,1,1,582582,0.9670165141513114
sel_80,554,1,1,582582,0.9670165141513114
sel_80,555,1,1,582582,0.9670165141513114
sel_80,556,1,1,582582,0.9670165141513114
sel_80,557,1,1,582582,0.9670165141513114
sel_80,558,1,1,582582,0.9670165141513114
sel_80,559,1,1,582582,0.9670165141513114
sel_80,560,1,1,582582,0.9670165141513114
sel_80,561,1,131,16481,0.027356490879786474
sel_80,562,1,1,582582,0.9670165141513114
sel_80,563,1,1,582582,0.9670165141513114
sel_80,564,1,53,19570,0.032483861811626796
sel_80,565,1,1,582582,0.9670165141513114
sel_80,566,1,1,582582,0.9670165141513114
sel_80,567,1,1,582582,0.9670165141513114
sel_80,568,1,1,582582,0.9670165141513114
sel_80,569,1,1,582582,0.9670165141513114
sel_80,570,1,1,582582,0.9670165141513114
sel_80,571,1,1,582582,0.9670165141513114
sel_80,572,1,1,582582,0.9670165141513114
sel_80,573,1,1,582582,0.9670165141513114
sel_80,574,1,1,582582,0.9670165141513114
sel_80,575,1,299,11506,0.019098585283831269
sel_80,576,1,1,582582,0.9670165141513114
sel_80,577,1,1,582582,0.9670165141513114
sel_80,578,1,1,582582,0.9670165141513114
sel_80,579,1,133,7875,0.013071559109175322
sel_80,580,1,248,9001,0.014940584576722168
sel_80,581,1,1,582582,0.9670165141513114
sel_80,582,1,1,582582,0.9670165141513114
sel_80,583,1,1,582582,0.9670165141513114
sel_80,584,1,1,582582,0.9670165141513114
sel_80,585,1,1,582582,0.9670165141513114
sel_80,586,1,1,582582,0.9670165141513114
sel_80,587,1,1,582582,0.9670165141513114
sel_80,588,1,1,582582,0.9670165141513114
sel_80,589,1,128,16883,0.028023762849550091
sel_80,590,1,1,582582,0.9670165141513114
sel_80,591,1,1,582582,0.9670165141513114
sel_80,592,1,1,582582,0.9670165141513114
sel_80,593,1,1,582582,0.9670165141513114
sel_80,594,1,1,582582,0.9670165141513114
sel_80,595,1,80,22872,0.037964787294610537
sel_80,596,1,1,582582,0.9670165141513114
sel_80,597,1,173,7216,0.011977697845309094
sel_80,598,1,1,582582,0.9670165141513114
sel_80,599,1,1,582582,0.9670165141513114
sel_80,600,1,1,582582,0.9670165141513114
sel_80,601,1,1,582582,0.9670165141513114
sel_80,602,1,77,9239,0.015335636140910578
sel_80,603,1,1,582582,0.9670165141513114
sel_80,604,1,1,582582,0.9670165141513114
sel_80,605,1,1,582582,0.9670165141513114
sel_80,606,1,1,582582,0.9670165141513114
sel_80,607,1,1,582582,0.9670165141513114
sel_80,608,1,1,582582,0.9670165141513114
sel_80,609,1,1,582582,0.9670165141513114
sel_80,610,1,1,582582,0.9670165141513114
sel_80,611,1,1,582582,0.9670165141513114
sel_80,612,1,1,582582,0.9670165141513114
sel_80,613,1,1,582582,0.9670165141513114
sel_80,614,1,1,582582,0.9670165141513114
sel_80,615,1,1,582582,0.9670165141513114
sel_80,616,1,1,582582,0.9670165141513114
sel_80,617,1,264,10163,0.016869365743053814
sel_80,618,1,1,582582,0.9670165141513114
sel_80,619,1,1,582582,0.9670165141513114
sel_80,620,1,143,7447,0.012361130245844905
sel_80,621,1,1,582582,0.9670165141513114
sel_80,622,1,1,582582,0.9670165141513114
sel_80,623,1,1,582582,0.9670165141513114
sel_80,624,1,1,582582,0.9670165141513114
sel_80,625,1,1,582582,0.9670165141513114
sel_80,626,1,1,582582,0.9670165141513114
sel_80,627,1,408,10841,0.017994764736834243
sel_80,628,1,1,582582,0.9670165141513114
sel_80,629,1,1,582582,0.9670165141513114
sel_80,630,1,413,5895,0.0097849956760112412
sel_80,631,1,1,582582,0.9670165141513114
sel_80,632,1,1,582582,0.9670165141513114
sel_80,633,1,106,13218,0.021940300737152939
sel_80,634,1,159,7338,0.0121802032689687
sel_80,635,1,24,50862,0.084424843099793673
sel_80,636,1,167,12310,0.020433129223358503
sel_80,637,1,1,582582,0.9670165141513114
sel_80,638,1,1,582582,0.9670165141513114
sel_80,639,1,1,582582,0.9670165141513114
sel_80,640,1,1,582582,0.9670165141513114
sel_80,641,1,1,582582,0.9670165141513114
sel_80,642,1,1,582582,0.9670165141513114
sel_80,643,1,1,582582,0.9670165141513114
sel_80,644,1,1,582582,0.9670165141513114
sel_80,645,1,1,582582,0.9670165141513114
sel_80,646,1,1,582582,0.9670165141513114
sel_80,647,1,1,582582,0.9670165141513114
sel_80,648,1,1,582582,0.9670165141513114
sel_80,649,1,1,582582,0.9670165141513114
sel_80,650,1,1,582582,0.9670165141513114
sel_80,651,1,180,12152,0.020170868100914095
sel_80,652,1,1,582582,0.9670165141513114
sel_80,653,1,1,582582,0.9670165141513114
sel_80,654,1,1,582582,0.9670165141513114
sel_80,655,1,1,582582,0.9670165141513114
sel_80,656,1,43,16135,0.026782172219243658
sel_80,657,1,1,582582,0.9670165141513114
sel_80,658,1,321,6283,0.010429029318469656
sel_80,659,1,91,23016,0.03820381008974974
sel_80,660,1,1,582582,0.9670165141513114
sel_80,661,1,1,582582,0.9670165141513114
sel_80,662,1,1,582582,0.9670165141513114
sel_80,663,1,385,5783,0.0095990890575696364
sel_80,664,1,1,582582,0.9670165141513114
sel_80,665,1,1,582582,0.9670165141513114
sel_80,666,1,1,582582,0.9670165141513114
sel_80,667,1,1,582582,0.9670165141513114
sel_80,668,1,1,582582,0.9670165141513114
sel_80,669,1,1,582582,0.9670165141513114
sel_80,670,1,1,582582,0.9670165141513114
sel_80,671,1,370,11142,0.018494388773896055
sel_80,672,1,1,582582,0.9670165141513114
sel_80,673,1,1,582582,0.9670165141513114
sel_80,674,1,1,582582,0.9670165141513114
sel_80,675,1,1,582582,0.9670165141513114
sel_80,676,1,1,582582,0.9670165141513114
sel_80,677,1,1,582582,0.9670165141513114
sel_80,678,1,1,582582,0.9670165141513114
sel_80,679,1,1,582582,0.9670165141513114
sel_80,680,1,1,582582,0.9670165141513114
sel_80,681,1,13,56667,0.094060449528842918
sel_80,682,1,1,582582,0.9670165141513114
sel_80,683,1,1,582582,0.9670165141513114
sel_80,684,1,1,582582,0.9670165141513114
sel_80,685,1,1,582582,0.9670165141513114
sel_80,686,1,1,582582,0.9670165141513114
sel_80,687,1,1,582582,0.9670165141513114
sel_80,688,1,1,582582,0.9670165141513114
sel_80,689,1,1,582582,0.9670165141513114
sel_80,690,1,1,582582,0.9670165141513114
sel_80,691,1,1,582582,0.9670165141513114
sel_80,692,1,1,582582,0.9670165141513114
sel_80,693,1,1,582582,0.9670165141513114
sel_80,694,1,1,582582,0.9670165141513114
sel_80,695,1,1,582582,0.9670165141513114
sel_80,696,1,1,582582,0.9670165141513114
sel_80,697,1,1,582582,0.9670165141513114
sel_80,698,1,1,582582,0.9670165141513114
sel_80,699,1,85,9153,0.015192886416035774
sel_80,700,1,1,582582,0.9670165141513114
sel_80,701,1,1,582582,0.9670165141513114
sel_80,702,1,478,5789,0.0096090483407004369
sel_80,703,1,95,25438,0.042224040713549439
sel_80,704,1,1,582582,0.9670165141513114
sel_80,705,1,1,582582,0.9670165141513114
sel_80,706,1,1,582582,0.9670165141513114
sel_80,707,1,1,582582,0.9670165141513114
sel_80,708,1,1,582582,0.9670165141513114
sel_80,709,1,1,582582,0.9670165141513114
sel_80,710,1,1,582582,0.9670165141513114
sel_80,711,1,1,582582,0.9670165141513114
sel_80,712,1,1,582582,0.9670165141513114
sel_80,713,1,1,582582,0.9670165141513114
sel_80,714,1,1,582582,0.9670165141513114
sel_80,715,1,1,582582,0.9670165141513114
sel_80,716,1,1,582582,0.9670165141513114
sel_80,717,1,1,582582,0.9670165141513114
sel_80,718,1,1,582582,0.9670165141513114
sel_80,719,1,1,582582,0.9670165141513114
sel_80,720,1,1,582582,0.9670165141513114
sel_80,721,1,1,582582,0.9670165141513114
sel_80,722,1,1,582582,0.9670165141513114
sel_80,723,1,1,582582,0.9670165141513114
sel_80,724,1,92,24209,0.040184047552257192
sel_80,725,1,178,7095,0.011776852302171291
sel_80,726,1,1,582582,0.9670165141513114
sel_80,727,1,1,582582,0.9670165141513114
sel_80,728,1,1,582582,0.9670165141513114
sel_80,729,1,1,582582,0.9670165141513114
sel_80,730,1,295,6350,0.01054024131343026
sel_80,731,1,1,582582,0.9670165141513114
sel_80,732,1,1,582582,0.9670165141513114
sel_80,733,1,88,8920,0.014806134254456364
sel_80,734,1,1,582582,0.9670165141513114
sel_80,735,1,1,582582,0.9670165141513114
sel_80,736,1,1,582582,0.9670165141513114
sel_80,737,1,1,582582,0.9670165141513114
sel_80,738,1,1,582582,0.9670165141513114
sel_80,739,1,1,582582,0.9670165141513114
sel_80,740,1,1,582582,0.9670165141513114
sel_80,741,1,1,582582,0.9670165141513114
sel_80,742,1,1,582582,0.9670165141513114
sel_80,743,1,1,582582,0.9670165141513114
sel_80,744,1,1,582582,0.9670165141513114
sel_80,745,1,1,582582,0.9670165141513114
sel_80,746,1,99,16350,0.027139046531430667
sel_80,747,1,1,582582,0.9670165141513114
sel_80,748,1,1,582582,0.9670165141513114
sel_80,749,1,1,582582,0.9670165141513114
sel_80,750,1,1,582582,0.9670165141513114
sel_80,751,1,1,582582,0.9670165141513114
sel_80,752,1,1,582582,0.9670165141513114
sel_80,753,1,1,582582,0.9670165141513114
sel_80,754,1,1,582582,0.9670165141513114
sel_80,755,1,1,582582,0.9670165141513114
sel_80,756,1,1,582582,0.9670165141513114
sel_80,757,1,117,8363,0.013881580803813742
sel_80,758,1,1,582582,0.9670165141513114
sel_80,759,1,1,582582,0.9670165141513114
sel_80,760,1,1,582582,0.9670165141513114
sel_80,761,1,1,582582,0.9670165141513114
sel_80,762,1,1,582582,0.9670165141513114
sel_80,763,1,1,582582,0.9670165141513114
sel_80,764,1,1,582582,0.9670165141513114
sel_80,765,1,1,582582,0.9670165141513114
sel_80,766,1,1,582582,0.9670165141513114
sel_80,767,1,1,582582,0.9670165141513114
sel_80,768,1,1,582582,0.9670165141513114
sel_80,769,1,63,19574,0.032490501333713999
sel_80,770,1,1,582582,0.9670165141513114
sel_80,771,1,1,582582,0.9670165141513114
sel_80,772,1,1,582582,0.9670165141513114
sel_80,773,1,1,582582,0.9670165141513114
sel_80,774,1,1,582582,0.9670165141513114
sel_80,775,1,140,7722,0.012817597389339914
sel_80,776,1,1,582582,0.9670165141513114
sel_80,777,1,1,582582,0.9670165141513114
sel_80,778,1,1,582582,0.9670165141513114
sel_80,779,1,1,582582,0.9670165141513114
sel_80,780,1,1,582582,0.9670165141513114
sel_80,781,1,1,582582,0.9670165141513114
sel_80,782,1,1,582582,0.9670165141513114
sel_80,783,1,1,582582,0.9670165141513114
sel_80,784,1,1,582582,0.9670165141513114
sel_80,785,1,1,582582,0.9670165141513114
sel_80,786,1,1,582582,0.9670165141513114
sel_80,787,1,1,582582,0.9670165141513114
sel_80,788,1,1,582582,0.9670165141513114
sel_80,789,1,271,19997,0.033192630794435414
sel_80,790,1,137,17993,0.029866230228748136
sel_80,791,1,1,582582,0.9670165141513114
sel_80,792,1,1,582582,0.9670165141513114
sel_80,793,1,1,582582,0.9670165141513114
sel_80,794,1,1,582582,0.9670165141513114
sel_80,795,1,1,582582,0.9670165141513114
sel_80,796,1,1,582582,0.9670165141513114
sel_80,797,1,1,582582,0.9670165141513114
sel_80,798,1,1,582582,0.9670165141513114
sel_80,799,1,1,582582,0.9670165141513114
sel_80,800,1,1,582582,0.9670165141513114
sel_80,801,1,1,582582,0.9670165141513114
sel_80,802,1,1,582582,0.9670165141513114
sel_80,803,1,29,41138,0.068284164905810074
sel_80,804,1,1,582582,0.9670165141513114
sel_80,805,1,1,582582,0.9670165141513114
sel_80,806,1,1,582582,0.9670165141513114
sel_80,807,1,1,582582,0.9670165141513114
sel_80,808,1,1,582582,0.9670165141513114
sel_80,809,1,174,12339,0.020481265758490703
sel_80,810,1,1,582582,0.9670165141513114
sel_80,811,1,1,582582,0.9670165141513114
sel_80,812,1,1,582582,0.9670165141513114
sel_80,813,1,1,582582,0.9670165141513114
sel_80,814,1,1,582582,0.9670165141513114
sel_80,815,1,1,582582,0.9670165141513114
sel_80,816,1,1,582582,0.9670165141513114
sel_80,817,1,1,582582,0.9670165141513114
sel_80,818,1,1,582582,0.9670165141513114
sel_80,819,1,1,582582,0.9670165141513114
sel_80,820,1,1,582582,0.9670165141513114
sel_80,821,1,1,582582,0.9670165141513114
sel_80,822,1,427,5832,0.0096804232031378386
sel_80,823,1,183,7082,0.011755273855387889
sel_80,824,1,1,582582,0.9670165141513114
sel_80,825,1,1,582582,0.9670165141513114
sel_80,826,1,134,11852,0.019672903944374084
sel_80,827,1,1,582582,0.9670165141513114
sel_80,828,1,1,582582,0.9670165141513114
sel_80,829,1,1,582582,0.9670165141513114
sel_80,830,1,1,582582,0.9670165141513114
sel_80,831,1,1,582582,0.9670165141513114
sel_80,832,1,1,582582,0.9670165141513114
sel_80,833,1,1,582582,0.9670165141513114
sel_80,834,1,379,10474,0.017385588585333629
sel_80,835,1,1,582582,0.9670165141513114
sel_80,836,1,1,582582,0.9670165141513114
sel_80,837,1,1,582582,0.9670165141513114
sel_80,838,1,1,582582,0.9670165141513114
sel_80,839,1,1,582582,0.9670165141513114
sel_80,840,1,1,582582,0.9670165141513114
sel_80,841,1,1,582582,0.9670165141513114
sel_80,842,1,1,582582,0.9670165141513114
sel_80,843,1,1,582582,0.9670165141513114
sel_80,844,1,1,582582,0.9670165141513114
sel_80,845,1,1,582582,0.9670165141513114
sel_80,846,1,1,582582,0.9670165141513114
sel_80,847,1,1,582582,0.9670165141513114
sel_80,848,1,4,145751,0.24192924593287776
sel_80,849,1,229,11455,0.019013931377219469
sel_80,850,1,1,582582,0.9670165141513114
sel_80,851,1,1,582582,0.9670165141513114
sel_80,852,1,61,14991,0.024883268902304412
sel_80,853,1,1,582582,0.9670165141513114
sel_80,854,1,1,582582,0.9670165141513114
sel_80,855,1,1,582582,0.9670165141513114
sel_80,856,1,1,582582,0.9670165141513114
sel_80,857,1,48,41289,0.06853480686460188
sel_80,858,1,1,582582,0.9670165141513114
sel_80,859,1,1,582582,0.9670165141513114
sel_80,860,1,289,12954,0.021502092279397728
sel_80,861,1,1,582582,0.9670165141513114
sel_80,862,1,1,582582,0.9670165141513114
sel_80,863,1,1,582582,0.9670165141513114
sel_80,864,1,14,70246,0.11659996713436567
sel_80,865,1,1,582582,0.9670165141513114
sel_80,866,1,1,582582,0.9670165141513114
sel_80,867,1,103,13680,0.02270716553822456
sel_80,868,1,254,6471,0.010741086856568063
sel_80,869,1,1,582582,0.9670165141513114
sel_80,870,1,1,582582,0.9670165141513114
sel_80,871,1,1,582582,0.9670165141513114
sel_80,872,1,1,582582,0.9670165141513114
sel_80,873,1,1,582582,0.9670165141513114
sel_80,874,1,1,582582,0.9670165141513114
sel_80,875,1,1,582582,0.9670165141513114
sel_80,876,1,1,582582,0.9670165141513114
sel_80,877,1,1,582582,0.9670165141513114
sel_80,878,1,1,582582,0.9670165141513114
sel_80,879,1,1,582582,0.9670165141513114
sel_80,880,1,51,5976,0.0099194459982770433
sel_80,881,1,1,582582,0.9670165141513114
sel_80,882,1,1,582582,0.9670165141513114
sel_80,883,1,1,582582,0.9670165141513114
sel_80,884,1,1,582582,0.9670165141513114
sel_80,885,1,1,582582,0.9670165141513114
sel_80,886,1,1,582582,0.9670165141513114
sel_80,887,1,78,17781,0.029514335558126527
sel_80,888,1,1,582582,0.9670165141513114
sel_80,889,1,1,582582,0.9670165141513114
sel_80,890,1,1,582582,0.9670165141513114
sel_80,891,1,1,582582,0.9670165141513114
sel_80,892,1,1,582582,0.9670165141513114
sel_80,893,1,1,582582,0.9670165141513114
sel_80,894,1,1,582582,0.9670165141513114
sel_80,895,1,1,582582,0.9670165141513114
sel_80,896,1,1,582582,0.9670165141513114
sel_80,897,1,1,582582,0.9670165141513114
sel_80,898,1,1,582582,0.9670165141513114
sel_80,899,1,223,6530,0.010839019807354267
sel_80,900,1,1,582582,0.9670165141513114
sel_80,901,1,1,582582,0.9670165141513114
sel_80,902,1,1,582582,0.9670165141513114
sel_80,903,1,1,582582,0.9670165141513114
sel_80,904,1,1,582582,0.9670165141513114
sel_80,905,1,1,582582,0.9670165141513114
sel_80,906,1,1,582582,0.9670165141513114
sel_80,907,1,98,31969,0.053064720401425507
sel_80,908,1,1,582582,0.9670165141513114
sel_80,909,1,1,582582,0.9670165141513114
sel_80,910,1,205,6828,0.011333664202850679
sel_80,911,1,1,582582,0.9670165141513114
sel_80,912,1,1,582582,0.9670165141513114
sel_80,913,1,1,582582,0.9670165141513114
sel_80,914,1,1,582582,0.9670165141513114
sel_80,915,1,1,582582,0.9670165141513114
sel_80,916,1,1,582582,0.9670165141513114
sel_80,917,1,1,582582,0.9670165141513114
sel_80,918,1,392,5807,0.0096389261900928364
sel_80,919,1,124,8034,0.013335480112141527
sel_80,920,1,1,582582,0.9670165141513114
sel_80,921,1,1,582582,0.9670165141513114
sel_80,922,1,1,582582,0.9670165141513114
sel_80,923,1,1,582582,0.9670165141513114
sel_80,924,1,1,582582,0.9670165141513114
sel_80,925,1,221,6715,0.011146097703887274
sel_80,926,1,54,28843,0.047875933890278576
sel_80,927,1,1,582582,0.9670165141513114
sel_80,928,1,1,582582,0.9670165141513114
sel_80,929,1,1,582582,0.9670165141513114
sel_80,930,1,1,582582,0.9670165141513114
sel_80,931,1,1,582582,0.9670165141513114
sel_80,932,1,232,6602,0.01095853120492387
sel_80,933,1,1,582582,0.9670165141513114
sel_80,934,1,1,582582,0.9670165141513114
sel_80,935,1,1,582582,0.9670165141513114
sel_80,936,1,1,582582,0.9670165141513114
sel_80,937,1,1,582582,0.9670165141513114
sel_80,938,1,1,582582,0.9670165141513114
sel_80,939,1,1,582582,0.9670165141513114
sel_80,940,1,1,582582,0.9670165141513114
sel_80,941,1,1,582582,0.9670165141513114
sel_80,942,1,1,582582,0.9670165141513114
sel_80,943,1,685,9409,0.015617815829616584
sel_80,944,1,246,6508,0.010802502435874667
sel_80,945,1,1,582582,0.9670165141513114
sel_80,946,1,1,582582,0.9670165141513114
sel_80,947,1,1,582582,0.9670165141513114
sel_80,948,1,1,582582,0.9670165141513114
sel_80,949,1,154,11091,0.018409734867284252
sel_80,950,1,1,582582,0.9670165141513114
sel_80,951,1,1,582582,0.9670165141513114
sel_80,952,1,1,582582,0.9670165141513114
sel_80,953,1,1,582582,0.9670165141513114
sel_80,954,1,46,30873,0.051245491349532664
sel_80,955,1,1,582582,0.9670165141513114
sel_80,956,1,1,582582,0.9670165141513114
sel_80,957,1,1,582582,0.9670165141513114
sel_80,958,1,1,582582,0.9670165141513114
sel_80,959,1,1,582582,0.9670165141513114
sel_80,960,1,132,12927,0.021457275505309129
sel_80,961,1,1,582582,0.9670165141513114
sel_80,962,1,1,582582,0.9670165141513114
sel_80,963,1,11,76365,0.12675677604726013
sel_80,964,1,1,582582,0.9670165141513114
sel_80,965,1,1,582582,0.9670165141513114
sel_80,966,1,1,582582,0.9670165141513114
sel_80,967,1,1,582582,0.9670165141513114
sel_80,968,1,1,582582,0.9670165141513114
sel_80,969,1,1,582582,0.9670165141513114
sel_80,970,1,1,582582,0.9670165141513114
sel_80,971,1,1,582582,0.9670165141513114
sel_80,972,1,1,582582,0.9670165141513114
sel_80,973,1,64,9948,0.016512491430866805
sel_80,974,1,1,582582,0.9670165141513114
sel_80,975,1,1,582582,0.9670165141513114
sel_80,976,1,1,582582,0.9670165141513114
sel_80,977,1,1,582582,0.9670165141513114
sel_80,978,1,1,582582,0.9670165141513114
sel_80,979,1,1,582582,0.9670165141513114
sel_80,980,1,1,582582,0.9670165141513114
sel_80,981,1,93,8851,0.014691602498452161
sel_80,982,1,1,582582,0.9670165141513114
sel_80,983,1,474,5759,0.0095592519250464348
sel_80,984,1,1,582582,0.9670165141513114
sel_80,985,1,1,582582,0.9670165141513114
sel_80,986,1,1,582582,0.9670165141513114
sel_80,987,1,1,582582,0.9670165141513114
sel_80,988,1,1,582582,0.9670165141513114
sel_80,989,1,1,582582,0.9670165141513114
sel_80,990,1,1,582582,0.9670165141513114
sel_80,991,1,84,9268,0.015383772676042778
sel_80,992,1,302,6011,0.0099775418165400451
sel_80,993,1,1,582582,0.9670165141513114
sel_80,994,1,1,582582,0.9670165141513114
sel_80,995,1,1,582582,0.9670165141513114
sel_80,996,1,1,582582,0.9670165141513114
sel_80,997,1,1,582582,0.9670165141513114
sel_80,998,1,1,582582,0.9670165141513114
sel_80,999,1,498,28801,0.047806218908362973
sel_95,0,1,1,582582,0.9670165141513114
sel_95,1,1,1,582582,0.9670165141513114
sel_95,2,1,1,582582,0.9670165141513114
sel_95,3,1,1,582582,0.9670165141513114
sel_95,4,1,1,582582,0.9670165141513114
sel_95,5,1,1,582582,0.9670165141513114
sel_95,6,1,1,582582,0.9670165141513114
sel_95,7,1,1,582582,0.9670165141513114
sel_95,8,1,1,582582,0.9670165141513114
sel_95,9,1,1,582582,0.9670165141513114
sel_95,10,1,1,582582,0.9670165141513114
sel_95,11,1,334,6136,0.010185026881765051
sel_95,12,1,1,582582,0.9670165141513114
sel_95,13,1,1,582582,0.9670165141513114
sel_95,14,1,1,582582,0.9670165141513114
sel_95,15,1,1,582582,0.9670165141513114
sel_95,16,1,1,582582,0.9670165141513114
sel_95,17,1,1,582582,0.9670165141513114
sel_95,18,1,1,582582,0.9670165141513114
sel_95,19,1,1,582582,0.9670165141513114
sel_95,20,1,1,582582,0.9670165141513114
sel_95,21,1,1,582582,0.9670165141513114
sel_95,22,1,1,582582,0.9670165141513114
sel_95,23,1,1,582582,0.9670165141513114
sel_95,24,1,1,582582,0.9670165141513114
sel_95,25,1,1,582582,0.9670165141513114
sel_95,26,1,1,582582,0.9670165141513114
sel_95,27,1,1,582582,0.9670165141513114
sel_95,28,1,1,582582,0.9670165141513114
sel_95,29,1,1,582582,0.9670165141513114
sel_95,30,1,1,582582,0.9670165141513114
sel_95,31,1,1,582582,0.9670165141513114
sel_95,32,1,1,582582,0.9670165141513114
sel_95,33,1,1,582582,0.9670165141513114
sel_95,34,1,1,582582,0.9670165141513114
sel_95,35,1,1,582582,0.9670165141513114
sel_95,36,1,1,582582,0.9670165141513114
sel_95,37,1,1,582582,0.9670165141513114
sel_95,38,1,1,582582,0.9670165141513114
sel_95,39,1,1,582582,0.9670165141513114
sel_95,40,1,1,582582,0.9670165141513114
sel_95,41,1,1,582582,0.9670165141513114
sel_95,42,1,1,582582,0.9670165141513114
sel_95,43,1,1,582582,0.9670165141513114
sel_95,44,1,1,582582,0.9670165141513114
sel_95,45,1,1,582582,0.9670165141513114
sel_95,46,1,1,582582,0.9670165141513114
sel_95,47,1,1,582582,0.9670165141513114
sel_95,48,1,1,582582,0.9670165141513114
sel_95,49,1,1,582582,0.9670165141513114
sel_95,50,1,1,582582,0.9670165141513114
sel_95,51,1,1,582582,0.9670165141513114
sel_95,52,1,1,582582,0.9670165141513114
sel_95,53,1,1,582582,0.9670165141513114
sel_95,54,1,1,582582,0.9670165141513114
sel_95,55,1,1,582582,0.9670165141513114
sel_95,56,1,1,582582,0.9670165141513114
sel_95,57,1,1,582582,0.9670165141513114
sel_95,58,1,1,582582,0.9670165141513114
sel_95,59,1,1,582582,0.9670165141513114
sel_95,60,1,1,582582,0.9670165141513114
sel_95,61,1,1,582582,0.9670165141513114
sel_95,62,1,1,582582,0.9670165141513114
sel_95,63,1,1,582582,0.9670165141513114
sel_95,64,1,1,582582,0.9670165141513114
sel_95,65,1,1,582582,0.9670165141513114
sel_95,66,1,1,582582,0.9670165141513114
sel_95,67,1,1,582582,0.9670165141513114
sel_95,68,1,1,582582,0.9670165141513114
sel_95,69,1,1,582582,0.9670165141513114
sel_95,70,1,1,582582,0.9670165141513114
sel_95,71,1,1,582582,0.9670165141513114
sel_95,72,1,1,582582,0.9670165141513114
sel_95,73,1,1,582582,0.9670165141513114
sel_95,74,1,1,582582,0.9670165141513114
sel_95,75,1,1,582582,0.9670165141513114
sel_95,76,1,1,582582,0.9670165141513114
sel_95,77,1,1,582582,0.9670165141513114
sel_95,78,1,1,582582,0.9670165141513114
sel_95,79,1,1,582582,0.9670165141513114
sel_95,80,1,1,582582,0.9670165141513114
sel_95,81,1,1,582582,0.9670165141513114
sel_95,82,1,1,582582,0.9670165141513114
sel_95,83,1,1,582582,0.9670165141513114
sel_95,84,1,1,582582,0.9670165141513114
sel_95,85,1,1,582582,0.9670165141513114
sel_95,86,1,1,582582,0.9670165141513114
sel_95,87,1,1,582582,0.9670165141513114
sel_95,88,1,1,582582,0.9670165141513114
sel_95,89,1,1,582582,0.9670165141513114
sel_95,90,1,1,582582,0.9670165141513114
sel_95,91,1,1,582582,0.9670165141513114
sel_95,92,1,1,582582,0.9670165141513114
sel_95,93,1,1,582582,0.9670165141513114
sel_95,94,1,1,582582,0.9670165141513114
sel_95,95,1,1,582582,0.9670165141513114
sel_95,96,1,1,582582,0.9670165141513114
sel_95,97,1,1,582582,0.9670165141513114
sel_95,98,1,1,582582,0.9670165141513114
sel_95,99,1,1,582582,0.9670165141513114
sel_95,100,1,1,582582,0.9670165141513114
sel_95,101,1,1,582582,0.9670165141513114
sel_95,102,1,1,582582,0.9670165141513114
sel_95,103,1,1,582582,0.9670165141513114
sel_95,104,1,1,582582,0.9670165141513114
sel_95,105,1,274,6424,0.010663072472043462
sel_95,106,1,1,582582,0.9670165141513114
sel_95,107,1,1,582582,0.9670165141513114
sel_95,108,1,1,582582,0.9670165141513114
sel_95,109,1,1,582582,0.9670165141513114
sel_95,110,1,1,582582,0.9670165141513114
sel_95,111,1,1,582582,0.9670165141513114
sel_95,112,1,1,582582,0.9670165141513114
sel_95,113,1,1,582582,0.9670165141513114
sel_95,114,1,1,582582,0.9670165141513114
sel_95,115,1,1,582582,0.9670165141513114
sel_95,116,1,1,582582,0.9670165141513114
sel_95,117,1,90,9035,0.014997020514463369
sel_95,118,1,1,582582,0.9670165141513114
sel_95,119,1,1,582582,0.9670165141513114
sel_95,120,1,1,582582,0.9670165141513114
sel_95,121,1,1,582582,0.9670165141513114
sel_95,122,1,1,582582,0.9670165141513114
sel_95,123,1,1,582582,0.9670165141513114
sel_95,124,1,1,582582,0.9670165141513114
sel_95,125,1,1,582582,0.9670165141513114
sel_95,126,1,1,582582,0.9670165141513114
sel_95,127,1,1,582582,0.9670165141513114
sel_95,128,1,1,582582,0.9670165141513114
sel_95,129,1,1,582582,0.9670165141513114
sel_95,130,1,1,582582,0.9670165141513114
sel_95,131,1,1,582582,0.9670165141513114
sel_95,132,1,1,582582,0.9670165141513114
sel_95,133,1,1,582582,0.9670165141513114
sel_95,134,1,1,582582,0.9670165141513114
sel_95,135,1,1,582582,0.9670165141513114
sel_95,136,1,1,582582,0.9670165141513114
sel_95,137,1,1,582582,0.9670165141513114
sel_95,138,1,1,582582,0.9670165141513114
sel_95,139,1,1,582582,0.9670165141513114
sel_95,140,1,1,582582,0.9670165141513114
sel_95,141,1,1,582582,0.9670165141513114
sel_95,142,1,1,582582,0.9670165141513114
sel_95,143,1,1,582582,0.9670165141513114
sel_95,144,1,1,582582,0.9670165141513114
sel_95,145,1,1,582582,0.9670165141513114
sel_95,146,1,1,582582,0.9670165141513114
sel_95,147,1,1,582582,0.9670165141513114
sel_95,148,1,1,582582,0.9670165141513114
sel_95,149,1,1,582582,0.9670165141513114
sel_95,150,1,1,582582,0.9670165141513114
sel_95,151,1,1,582582,0.9670165141513114
sel_95,152,1,1,582582,0.9670165141513114
sel_95,153,1,1,582582,0.9670165141513114
sel_95,154,1,1,582582,0.9670165141513114
sel_95,155,1,1,582582,0.9670165141513114
sel_95,156,1,1,582582,0.9670165141513114
sel_95,157,1,1,582582,0.9670165141513114
sel_95,158,1,1,582582,0.9670165141513114
sel_95,159,1,1,582582,0.9670165141513114
sel_95,160,1,1,582582,0.9670165141513114
sel_95,161,1,1,582582,0.9670165141513114
sel_95,162,1,1,582582,0.9670165141513114
sel_95,163,1,1,582582,0.9670165141513114
sel_95,164,1,1,582582,0.9670165141513114
sel_95,165,1,1,582582,0.9670165141513114
sel_95,166,1,1,582582,0.9670165141513114
sel_95,167,1,1,582582,0.9670165141513114
sel_95,168,1,1,582582,0.9670165141513114
sel_95,169,1,1,582582,0.9670165141513114
sel_95,170,1,1,582582,0.9670165141513114
sel_95,171,1,1,582582,0.9670165141513114
sel_95,172,1,1,582582,0.9670165141513114
sel_95,173,1,1,582582,0.9670165141513114
sel_95,174,1,1,582582,0.9670165141513114
sel_95,175,1,1,582582,0.9670165141513114
sel_95,176,1,202,17060,0.028317561701908696
sel_95,177,1,309,10624,0.017634570663603633
sel_95,178,1,1,582582,0.9670165141513114
sel_95,179,1,1,582582,0.9670165141513114
sel_95,180,1,1,582582,0.9670165141513114
sel_95,181,1,1,582582,0.9670165141513114
sel_95,182,1,1,582582,0.9670165141513114
sel_95,183,1,1,582582,0.9670165141513114
sel_95,184,1,1,582582,0.9670165141513114
sel_95,185,1,1,582582,0.9670165141513114
sel_95,186,1,1,582582,0.9670165141513114
sel_95,187,1,1,582582,0.9670165141513114
sel_95,188,1,1,582582,0.9670165141513114
sel_95,189,1,1,582582,0.9670165141513114
sel_95,190,1,1,582582,0.9670165141513114
sel_95,191,1,1,582582,0.9670165141513114
sel_95,192,1,1,582582,0.9670165141513114
sel_95,193,1,1,582582,0.9670165141513114
sel_95,194,1,1,582582,0.9670165141513114
sel_95,195,1,1,582582,0.9670165141513114
sel_95,196,1,1,582582,0.9670165141513114
sel_95,197,1,1,582582,0.9670165141513114
sel_95,198,1,1,582582,0.9670165141513114
sel_95,199,1,1,582582,0.9670165141513114
sel_95,200,1,1,582582,0.9670165141513114
sel_95,201,1,1,582582,0.9670165141513114
sel_95,202,1,1,582582,0.9670165141513114
sel_95,203,1,1,582582,0.9670165141513114
sel_95,204,1,1,582582,0.9670165141513114
sel_95,205,1,1,582582,0.9670165141513114
sel_95,206,1,1,582582,0.9670165141513114
sel_95,207,1,1,582582,0.9670165141513114
sel_95,208,1,1,582582,0.9670165141513114
sel_95,209,1,1,582582,0.9670165141513114
sel_95,210,1,1,582582,0.9670165141513114
sel_95,211,1,1,582582,0.9670165141513114
sel_95,212,1,1,582582,0.9670165141513114
sel_95,213,1,35,36438,0.060482726453349886
sel_95,214,1,1,582582,0.9670165141513114
sel_95,215,1,1,582582,0.9670165141513114
sel_95,216,1,1,582582,0.9670165141513114
sel_95,217,1,1,582582,0.9670165141513114
sel_95,218,1,1,582582,0.9670165141513114
sel_95,219,1,1,582582,0.9670165141513114
sel_95,220,1,1,582582,0.9670165141513114
sel_95,221,1,1,582582,0.9670165141513114
sel_95,222,1,1,582582,0.9670165141513114
sel_95,223,1,1,582582,0.9670165141513114
sel_95,224,1,1,582582,0.9670165141513114
sel_95,225,1,1,582582,0.9670165141513114
sel_95,226,1,1,582582,0.9670165141513114
sel_95,227,1,1,582582,0.9670165141513114
sel_95,228,1,1,582582,0.9670165141513114
sel_95,229,1,1,582582,0.9670165141513114
sel_95,230,1,1,582582,0.9670165141513114
sel_95,231,1,1,582582,0.9670165141513114
sel_95,232,1,1,582582,0.9670165141513114
sel_95,233,1,1,582582,0.9670165141513114
sel_95,234,1,1,582582,0.9670165141513114
sel_95,235,1,1,582582,0.9670165141513114
sel_95,236,1,1,582582,0.9670165141513114
sel_95,237,1,1,582582,0.9670165141513114
sel_95,238,1,1,582582,0.9670165141513114
sel_95,239,1,1,582582,0.9670165141513114
sel_95,240,1,1,582582,0.9670165141513114
sel_95,241,1,1,582582,0.9670165141513114
sel_95,242,1,1,582582,0.9670165141513114
sel_95,243,1,1,582582,0.9670165141513114
sel_95,244,1,1,582582,0.9670165141513114
sel_95,245,1,1,582582,0.9670165141513114
sel_95,246,1,1,582582,0.9670165141513114
sel_95,247,1,1,582582,0.9670165141513114
sel_95,248,1,1,582582,0.9670165141513114
sel_95,249,1,1,582582,0.9670165141513114
sel_95,250,1,1,582582,0.9670165141513114
sel_95,251,1,1,582582,0.9670165141513114
sel_95,252,1,1,582582,0.9670165141513114
sel_95,253,1,1,582582,0.9670165141513114
sel_95,254,1,10,88735,0.14728949810192662
sel_95,255,1,1,582582,0.9670165141513114
sel_95,256,1,1,582582,0.9670165141513114
sel_95,257,1,1,582582,0.9670165141513114
sel_95,258,1,1,582582,0.9670165141513114
sel_95,259,1,1,582582,0.9670165141513114
sel_95,260,1,1,582582,0.9670165141513114
sel_95,261,1,164,7421,0.012317973352278104
sel_95,262,1,1,582582,0.9670165141513114
sel_95,263,1,1,582582,0.9670165141513114
sel_95,264,1,1,582582,0.9670165141513114
sel_95,265,1,1,582582,0.9670165141513114
sel_95,266,1,1,582582,0.9670165141513114
sel_95,267,1,1,582582,0.9670165141513114
sel_95,268,1,1,582582,0.9670165141513114
sel_95,269,1,1,582582,0.9670165141513114
sel_95,270,1,1,582582,0.9670165141513114
sel_95,271,1,1,582582,0.9670165141513114
sel_95,272,1,1,582582,0.9670165141513114
sel_95,273,1,1,582582,0.9670165141513114
sel_95,274,1,1,582582,0.9670165141513114
sel_95,275,1,1,582582,0.9670165141513114
sel_95,276,1,1,582582,0.9670165141513114
sel_95,277,1,1,582582,0.9670165141513114
sel_95,278,1,1,582582,0.9670165141513114
sel_95,279,1,1,582582,0.9670165141513114
sel_95,280,1,1,582582,0.9670165141513114
sel_95,281,1,1,582582,0.9670165141513114
sel_95,282,1,1,582582,0.9670165141513114
sel_95,283,1,1,582582,0.9670165141513114
sel_95,284,1,1,582582,0.9670165141513114
sel_95,285,1,1,582582,0.9670165141513114
sel_95,286,1,1,582582,0.9670165141513114
sel_95,287,1,1,582582,0.9670165141513114
sel_95,288,1,1,582582,0.9670165141513114
sel_95,289,1,1,582582,0.9670165141513114
sel_95,290,1,1,582582,0.9670165141513114
sel_95,291,1,1,582582,0.9670165141513114
sel_95,292,1,1,582582,0.9670165141513114
sel_95,293,1,1,582582,0.9670165141513114
sel_95,294,1,1,582582,0.9670165141513114
sel_95,295,1,1,582582,0.9670165141513114
sel_95,296,1,1,582582,0.9670165141513114
sel_95,297,1,1,582582,0.9670165141513114
sel_95,298,1,1,582582,0.9670165141513114
sel_95,299,1,1,582582,0.9670165141513114
sel_95,300,1,1,582582,0.9670165141513114
sel_95,301,1,1,582582,0.9670165141513114
sel_95,302,1,1,582582,0.9670165141513114
sel_95,303,1,1,582582,0.9670165141513114
sel_95,304,1,1,582582,0.9670165141513114
sel_95,305,1,1,582582,0.9670165141513114
sel_95,306,1,1,582582,0.9670165141513114
sel_95,307,1,1,582582,0.9670165141513114
sel_95,308,1,1,582582,0.9670165141513114
sel_95,309,1,1,582582,0.9670165141513114
sel_95,310,1,1,582582,0.9670165141513114
sel_95,311,1,1,582582,0.9670165141513114
sel_95,312,1,1,582582,0.9670165141513114
sel_95,313,1,1,582582,0.9670165141513114
sel_95,314,1,1,582582,0.9670165141513114
sel_95,315,1,1,582582,0.9670165141513114
sel_95,316,1,1,582582,0.9670165141513114
sel_95,317,1,1,582582,0.9670165141513114
sel_95,318,1,1,582582,0.9670165141513114
sel_95,319,1,1,582582,0.9670165141513114
sel_95,320,1,1,582582,0.9670165141513114
sel_95,321,1,1,582582,0.9670165141513114
sel_95,322,1,1,582582,0.9670165141513114
sel_95,323,1,1,582582,0.9670165141513114
sel_95,324,1,1,582582,0.9670165141513114
sel_95,325,1,1,582582,0.9670165141513114
sel_95,326,1,1,582582,0.9670165141513114
sel_95,327,1,1,582582,0.9670165141513114
sel_95,328,1,1,582582,0.9670165141513114
sel_95,329,1,1,582582,0.9670165141513114
sel_95,330,1,1,582582,0.9670165141513114
sel_95,331,1,1,582582,0.9670165141513114
sel_95,332,1,1,582582,0.9670165141513114
sel_95,333,1,1,582582,0.9670165141513114
sel_95,334,1,1,582582,0.9670165141513114
sel_95,335,1,1,582582,0.9670165141513114
sel_95,336,1,1,582582,0.9670165141513114
sel_95,337,1,1,582582,0.9670165141513114
sel_95,338,1,1,582582,0.9670165141513114
sel_95,339,1,1,582582,0.9670165141513114
sel_95,340,1,1,582582,0.9670165141513114
sel_95,341,1,1,582582,0.9670165141513114
sel_95,342,1,1,582582,0.9670165141513114
sel_95,343,1,1,582582,0.9670165141513114
sel_95,344,1,1,582582,0.9670165141513114
sel_95,345,1,1,582582,0.9670165141513114
sel_95,346,1,1,582582,0.9670165141513114
sel_95,347,1,1,582582,0.9670165141513114
sel_95,348,1,1,582582,0.9670165141513114
sel_95,349,1,1,582582,0.9670165141513114
sel_95,350,1,1,582582,0.9670165141513114
sel_95,351,1,1,582582,0.9670165141513114
sel_95,352,1,1,582582,0.9670165141513114
sel_95,353,1,1,582582,0.9670165141513114
sel_95,354,1,1,582582,0.9670165141513114
sel_95,355,1,1,582582,0.9670165141513114
sel_95,356,1,1,582582,0.9670165141513114
sel_95,357,1,1,582582,0.9670165141513114
sel_95,358,1,1,582582,0.9670165141513114
sel_95,359,1,1,582582,0.9670165141513114
sel_95,360,1,1,582582,0.9670165141513114
sel_95,361,1,1,582582,0.9670165141513114
sel_95,362,1,1,582582,0.9670165141513114
sel_95,363,1,1,582582,0.9670165141513114
sel_95,364,1,1,582582,0.9670165141513114
sel_95,365,1,1,582582,0.9670165141513114
sel_95,366,1,1,582582,0.9670165141513114
sel_95,367,1,1,582582,0.9670165141513114
sel_95,368,1,1,582582,0.9670165141513114
sel_95,369,1,1,582582,0.9670165141513114
sel_95,370,1,310,6121,0.01016012867393805
sel_95,371,1,1,582582,0.9670165141513114
sel_95,372,1,1,582582,0.9670165141513114
sel_95,373,1,1,582582,0.9670165141513114
sel_95,374,1,94,16450,0.027305034583610673
sel_95,375,1,1,582582,0.9670165141513114
sel_95,376,1,1,582582,0.9670165141513114
sel_95,377,1,1,582582,0.9670165141513114
sel_95,378,1,1,582582,0.9670165141513114
sel_95,379,1,1,582582,0.9670165141513114
sel_95,380,1,1,582582,0.9670165141513114
sel_95,381,1,1,582582,0.9670165141513114
sel_95,382,1,1,582582,0.9670165141513114
sel_95,383,1,1,582582,0.9670165141513114
sel_95,384,1,1,582582,0.9670165141513114
sel_95,385,1,1,582582,0.9670165141513114
sel_95,386,1,1,582582,0.9670165141513114
sel_95,387,1,1,582582,0.9670165141513114
sel_95,388,1,1,582582,0.9670165141513114
sel_95,389,1,1,582582,0.9670165141513114
sel_95,390,1,1,582582,0.9670165141513114
sel_95,391,1,1,582582,0.9670165141513114
sel_95,392,1,1,582582,0.9670165141513114
sel_95,393,1,1,582582,0.9670165141513114
sel_95,394,1,1,582582,0.9670165141513114
sel_95,395,1,1,582582,0.9670165141513114
sel_95,396,1,1,582582,0.9670165141513114
sel_95,397,1,1,582582,0.9670165141513114
sel_95,398,1,1,582582,0.9670165141513114
sel_95,399,1,1,582582,0.9670165141513114
sel_95,400,1,1,582582,0.9670165141513114
sel_95,401,1,1,582582,0.9670165141513114
sel_95,402,1,1,582582,0.9670165141513114
sel_95,403,1,1,582582,0.9670165141513114
sel_95,404,1,1,582582,0.9670165141513114
sel_95,405,1,1,582582,0.9670165141513114
sel_95,406,1,1,582582,0.9670165141513114
sel_95,407,1,1,582582,0.9670165141513114
sel_95,408,1,1,582582,0.9670165141513114
sel_95,409,1,1,582582,0.9670165141513114
sel_95,410,1,1,582582,0.9670165141513114
sel_95,411,1,1,582582,0.9670165141513114
sel_95,412,1,1,582582,0.9670165141513114
sel_95,413,1,1,582582,0.9670165141513114
sel_95,414,1,1,582582,0.9670165141513114
sel_95,415,1,1,582582,0.9670165141513114
sel_95,416,1,1,582582,0.9670165141513114
sel_95,417,1,1,582582,0.9670165141513114
sel_95,418,1,1,582582,0.9670165141513114
sel_95,419,1,1,582582,0.9670165141513114
sel_95,420,1,1,582582,0.9670165141513114
sel_95,421,1,1,582582,0.9670165141513114
sel_95,422,1,1,582582,0.9670165141513114
sel_95,423,1,1,582582,0.9670165141513114
sel_95,424,1,83,8443,0.014014371245557745
sel_95,425,1,1,582582,0.9670165141513114
sel_95,426,1,1,582582,0.9670165141513114
sel_95,427,1,1,582582,0.9670165141513114
sel_95,428,1,1,582582,0.9670165141513114
sel_95,429,1,1,582582,0.9670165141513114
sel_95,430,1,1,582582,0.9670165141513114
sel_95,431,1,1,582582,0.9670165141513114
sel_95,432,1,1,582582,0.9670165141513114
sel_95,433,1,1,582582,0.9670165141513114
sel_95,434,1,1,582582,0.9670165141513114
sel_95,435,1,1,582582,0.9670165141513114
sel_95,436,1,1,582582,0.9670165141513114
sel_95,437,1,226,6688,0.011101280929798674
sel_95,438,1,1,582582,0.9670165141513114
sel_95,439,1,1,582582,0.9670165141513114
sel_95,440,1,1,582582,0.9670165141513114
sel_95,441,1,1,582582,0.9670165141513114
sel_95,442,1,1,582582,0.9670165141513114
sel_95,443,1,1,582582,0.9670165141513114
sel_95,444,1,1,582582,0.9670165141513114
sel_95,445,1,1,582582,0.9670165141513114
sel_95,446,1,1,582582,0.9670165141513114
sel_95,447,1,1,582582,0.9670165141513114
sel_95,448,1,1,582582,0.9670165141513114
sel_95,449,1,1,582582,0.9670165141513114
sel_95,450,1,1,582582,0.9670165141513114
sel_95,451,1,1,582582,0.9670165141513114
sel_95,452,1,1,582582,0.9670165141513114
sel_95,453,1,1,582582,0.9670165141513114
sel_95,454,1,1,582582,0.9670165141513114
sel_95,455,1,1,582582,0.9670165141513114
sel_95,456,1,1,582582,0.9670165141513114
sel_95,457,1,1,582582,0.9670165141513114
sel_95,458,1,1,582582,0.9670165141513114
sel_95,459,1,1,582582,0.9670165141513114
sel_95,460,1,1,582582,0.9670165141513114
sel_95,461,1,1,582582,0.9670165141513114
sel_95,462,1,1,582582,0.9670165141513114
sel_95,463,1,1,582582,0.9670165141513114
sel_95,464,1,1,582582,0.9670165141513114
sel_95,465,1,1,582582,0.9670165141513114
sel_95,466,1,1,582582,0.9670165141513114
sel_95,467,1,1,582582,0.9670165141513114
sel_95,468,1,1,582582,0.9670165141513114
sel_95,469,1,1,582582,0.9670165141513114
sel_95,470,1,1,582582,0.9670165141513114
sel_95,471,1,1,582582,0.9670165141513114
sel_95,472,1,1,582582,0.9670165141513114
sel_95,473,1,12,73435,0.12189332611838599
sel_95,474,1,1,582582,0.9670165141513114
sel_95,475,1,1,582582,0.9670165141513114
sel_95,476,1,1,582582,0.9670165141513114
sel_95,477,1,1,582582,0.9670165141513114
sel_95,478,1,1,582582,0.9670165141513114
sel_95,479,1,1,582582,0.9670165141513114
sel_95,480,1,1,582582,0.9670165141513114
sel_95,481,1,1,582582,0.9670165141513114
sel_95,482,1,1,582582,0.9670165141513114
sel_95,483,1,1,582582,0.9670165141513114
sel_95,484,1,1,582582,0.9670165141513114
sel_95,485,1,1,582582,0.9670165141513114
sel_95,486,1,1,582582,0.9670165141513114
sel_95,487,1,1,582582,0.9670165141513114
sel_95,488,1,1,582582,0.9670165141513114
sel_95,489,1,1,582582,0.9670165141513114
sel_95,490,1,1,582582,0.9670165141513114
sel_95,491,1,1,582582,0.9670165141513114
sel_95,492,1,1,582582,0.9670165141513114
sel_95,493,1,1,582582,0.9670165141513114
sel_95,494,1,1,582582,0.9670165141513114
sel_95,495,1,1,582582,0.9670165141513114
sel_95,496,1,317,6148,0.01020494544802665
sel_95,497,1,1,582582,0.9670165141513114
sel_95,498,1,1,582582,0.9670165141513114
sel_95,499,1,1,582582,0.9670165141513114
sel_95,500,1,1,582582,0.9670165141513114
sel_95,501,1,1,582582,0.9670165141513114
sel_95,502,1,1,582582,0.9670165141513114
sel_95,503,1,1,582582,0.9670165141513114
sel_95,504,1,1,582582,0.9670165141513114
sel_95,505,1,1,582582,0.9670165141513114
sel_95,506,1,1,582582,0.9670165141513114
sel_95,507,1,1,582582,0.9670165141513114
sel_95,508,1,1,582582,0.9670165141513114
sel_95,509,1,1,582582,0.9670165141513114
sel_95,510,1,1,582582,0.9670165141513114
sel_95,511,1,1,582582,0.9670165141513114
sel_95,512,1,1,582582,0.9670165141513114
sel_95,513,1,1,582582,0.9670165141513114
sel_95,514,1,1,582582,0.9670165141513114
sel_95,515,1,1,582582,0.9670165141513114
sel_95,516,1,1,582582,0.9670165141513114
sel_95,517,1,1,582582,0.9670165141513114
sel_95,518,1,1,582582,0.9670165141513114
sel_95,519,1,1,582582,0.9670165141513114
sel_95,520,1,1,582582,0.9670165141513114
sel_95,521,1,1,582582,0.9670165141513114
sel_95,522,1,1,582582,0.9670165141513114
sel_95,523,1,1,582582,0.9670165141513114
sel_95,524,1,1,582582,0.9670165141513114
sel_95,525,1,34,33184,0.055081475235412555
sel_95,526,1,1,582582,0.9670165141513114
sel_95,527,1,1,582582,0.9670165141513114
sel_95,528,1,1,582582,0.9670165141513114
sel_95,529,1,1,582582,0.9670165141513114
sel_95,530,1,1,582582,0.9670165141513114
sel_95,531,1,1,582582,0.9670165141513114
sel_95,532,1,1,582582,0.9670165141513114
sel_95,533,1,1,582582,0.9670165141513114
sel_95,534,1,1,582582,0.9670165141513114
sel_95,535,1,1,582582,0.9670165141513114
sel_95,536,1,1,582582,0.9670165141513114
sel_95,537,1,1,582582,0.9670165141513114
sel_95,538,1,1,582582,0.9670165141513114
sel_95,539,1,1,582582,0.9670165141513114
sel_95,540,1,1,582582,0.9670165141513114
sel_95,541,1,1,582582,0.9670165141513114
sel_95,542,1,1,582582,0.9670165141513114
sel_95,543,1,1,582582,0.9670165141513114
sel_95,544,1,1,582582,0.9670165141513114
sel_95,545,1,1,582582,0.9670165141513114
sel_95,546,1,1,582582,0.9670165141513114
sel_95,547,1,1,582582,0.9670165141513114
sel_95,548,1,1,582582,0.9670165141513114
sel_95,549,1,1,582582,0.9670165141513114
sel_95,550,1,1,582582,0.9670165141513114
sel_95,551,1,1,582582,0.9670165141513114
sel_95,552,1,1,582582,0.9670165141513114
sel_95,553,1,1,582582,0.9670165141513114
sel_95,554,1,1,582582,0.9670165141513114
sel_95,555,1,1,582582,0.9670165141513114
sel_95,556,1,1,582582,0.9670165141513114
sel_95,557,1,1,582582,0.9670165141513114
sel_95,558,1,1,582582,0.9670165141513114
sel_95,559,1,1,582582,0.9670165141513114
sel_95,560,1,1,582582,0.9670165141513114
sel_95,561,1,1,582582,0.9670165141513114
sel_95,562,1,1,582582,0.9670165141513114
sel_95,563,1,1,582582,0.9670165141513114
sel_95,564,1,1,582582,0.9670165141513114
sel_95,565,1,1,582582,0.9670165141513114
sel_95,566,1,1,582582,0.9670165141513114
sel_95,567,1,1,582582,0.9670165141513114
sel_95,568,1,1,582582,0.9670165141513114
sel_95,569,1,1,582582,0.9670165141513114
sel_95,570,1,1,582582,0.9670165141513114
sel_95,571,1,1,582582,0.9670165141513114
sel_95,572,1,1,582582,0.9670165141513114
sel_95,573,1,1,582582,0.9670165141513114
sel_95,574,1,1,582582,0.9670165141513114
sel_95,575,1,1,582582,0.9670165141513114
sel_95,576,1,1,582582,0.9670165141513114
sel_95,577,1,1,582582,0.9670165141513114
sel_95,578,1,1,582582,0.9670165141513114
sel_95,579,1,1,582582,0.9670165141513114
sel_95,580,1,1,582582,0.9670165141513114
sel_95,581,1,1,582582,0.9670165141513114
sel_95,582,1,1,582582,0.9670165141513114
sel_95,583,1,1,582582,0.9670165141513114
sel_95,584,1,1,582582,0.9670165141513114
sel_95,585,1,1,582582,0.9670165141513114
sel_95,586,1,1,582582,0.9670165141513114
sel_95,587,1,1,582582,0.9670165141513114
sel_95,588,1,1,582582,0.9670165141513114
sel_95,589,1,1,582582,0.9670165141513114
sel_95,590,1,1,582582,0.9670165141513114
sel_95,591,1,1,582582,0.9670165141513114
sel_95,592,1,1,582582,0.9670165141513114
sel_95,593,1,1,582582,0.9670165141513114
sel_95,594,1,1,582582,0.9670165141513114
sel_95,595,1,1,582582,0.9670165141513114
sel_95,596,1,1,582582,0.9670165141513114
sel_95,597,1,1,582582,0.9670165141513114
sel_95,598,1,1,582582,0.9670165141513114
sel_95,599,1,1,582582,0.9670165141513114
sel_95,600,1,1,582582,0.9670165141513114
sel_95,601,1,1,582582,0.9670165141513114
sel_95,602,1,1,582582,0.9670165141513114
sel_95,603,1,1,582582,0.9670165141513114
sel_95,604,1,1,582582,0.9670165141513114
sel_95,605,1,1,582582,0.9670165141513114
sel_95,606,1,1,582582,0.9670165141513114
sel_95,607,1,1,582582,0.9670165141513114
sel_95,608,1,1,582582,0.9670165141513114
sel_95,609,1,1,582582,0.9670165141513114
sel_95,610,1,1,582582,0.9670165141513114
sel_95,611,1,1,582582,0.9670165141513114
sel_95,612,1,1,582582,0.9670165141513114
sel_95,613,1,1,582582,0.9670165141513114
sel_95,614,1,1,582582,0.9670165141513114
sel_95,615,1,1,582582,0.9670165141513114
sel_95,616,1,1,582582,0.9670165141513114
sel_95,617,1,1,582582,0.9670165141513114
sel_95,618,1,1,582582,0.9670165141513114
sel_95,619,1,1,582582,0.9670165141513114
sel_95,620,1,1,582582,0.9670165141513114
sel_95,621,1,1,582582,0.9670165141513114
sel_95,622,1,1,582582,0.9670165141513114
sel_95,623,1,1,582582,0.9670165141513114
sel_95,624,1,1,582582,0.9670165141513114
sel_95,625,1,1,582582,0.9670165141513114
sel_95,626,1,1,582582,0.9670165141513114
sel_95,627,1,1,582582,0.9670165141513114
sel_95,628,1,1,582582,0.9670165141513114
sel_95,629,1,1,582582,0.9670165141513114
sel_95,630,1,1,582582,0.9670165141513114
sel_95,631,1,1,582582,0.9670165141513114
sel_95,632,1,1,582582,0.9670165141513114
sel_95,633,1,1,582582,0.9670165141513114
sel_95,634,1,1,582582,0.9670165141513114
sel_95,635,1,1,582582,0.9670165141513114
sel_95,636,1,1,582582,0.9670165141513114
sel_95,637,1,1,582582,0.9670165141513114
sel_95,638,1,1,582582,0.9670165141513114
sel_95,639,1,1,582582,0.9670165141513114
sel_95,640,1,1,582582,0.9670165141513114
sel_95,641,1,1,582582,0.9670165141513114
sel_95,642,1,1,582582,0.9670165141513114
sel_95,643,1,1,582582,0.9670165141513114
sel_95,644,1,1,582582,0.9670165141513114
sel_95,645,1,1,582582,0.9670165141513114
sel_95,646,1,1,582582,0.9670165141513114
sel_95,647,1,1,582582,0.9670165141513114
sel_95,648,1,1,582582,0.9670165141513114
sel_95,649,1,1,582582,0.9670165141513114
sel_95,650,1,1,582582,0.9670165141513114
sel_95,651,1,1,582582,0.9670165141513114
sel_95,652,1,1,582582,0.9670165141513114
sel_95,653,1,1,582582,0.9670165141513114
sel_95,654,1,1,582582,0.9670165141513114
sel_95,655,1,1,582582,0.9670165141513114
sel_95,656,1,1,582582,0.9670165141513114
sel_95,657,1,1,582582,0.9670165141513114
sel_95,658,1,1,582582,0.9670165141513114
sel_95,659,1,1,582582,0.9670165141513114
sel_95,660,1,1,582582,0.9670165141513114
sel_95,661,1,1,582582,0.9670165141513114
sel_95,662,1,1,582582,0.9670165141513114
sel_95,663,1,385,5783,0.0095990890575696364
sel_95,664,1,1,582582,0.9670165141513114
sel_95,665,1,1,582582,0.9670165141513114
sel_95,666,1,1,582582,0.9670165141513114
sel_95,667,1,1,582582,0.9670165141513114
sel_95,668,1,1,582582,0.9670165141513114
sel_95,669,1,1,582582,0.9670165141513114
sel_95,670,1,1,582582,0.9670165141513114
sel_95,671,1,1,582582,0.9670165141513114
sel_95,672,1,1,582582,0.9670165141513114
sel_95,673,1,1,582582,0.9670165141513114
sel_95,674,1,1,582582,0.9670165141513114
sel_95,675,1,1,582582,0.9670165141513114
sel_95,676,1,1,582582,0.9670165141513114
sel_95,677,1,1,582582,0.9670165141513114
sel_95,678,1,1,582582,0.9670165141513114
sel_95,679,1,1,582582,0.9670165141513114
sel_95,680,1,1,582582,0.9670165141513114
sel_95,681,1,1,582582,0.9670165141513114
sel_95,682,1,1,582582,0.9670165141513114
sel_95,683,1,1,582582,0.9670165141513114
sel_95,684,1,1,582582,0.9670165141513114
sel_95,685,1,1,582582,0.9670165141513114
sel_95,686,1,1,582582,0.9670165141513114
sel_95,687,1,1,582582,0.9670165141513114
sel_95,688,1,1,582582,0.9670165141513114
sel_95,689,1,1,582582,0.9670165141513114
sel_95,690,1,1,582582,0.9670165141513114
sel_95,691,1,1,582582,0.9670165141513114
sel_95,692,1,1,582582,0.9670165141513114
sel_95,693,1,1,582582,0.9670165141513114
sel_95,694,1,1,582582,0.9670165141513114
sel_95,695,1,1,582582,0.9670165141513114
sel_95,696,1,1,582582,0.9670165141513114
sel_95,697,1,1,582582,0.9670165141513114
sel_95,698,1,1,582582,0.9670165141513114
sel_95,699,1,1,582582,0.9670165141513114
sel_95,700,1,1,582582,0.9670165141513114
sel_95,701,1,1,582582,0.9670165141513114
sel_95,702,1,1,582582,0.9670165141513114
sel_95,703,1,1,582582,0.9670165141513114
sel_95,704,1,1,582582,0.9670165141513114
sel_95,705,1,1,582582,0.9670165141513114
sel_95,706,1,1,582582,0.9670165141513114
sel_95,707,1,1,582582,0.9670165141513114
sel_95,708,1,1,582582,0.9670165141513114
sel_95,709,1,1,582582,0.9670165141513114
sel_95,710,1,1,582582,0.9670165141513114
sel_95,711,1,1,582582,0.9670165141513114
sel_95,712,1,1,582582,0.9670165141513114
sel_95,713,1,1,582582,0.9670165141513114
sel_95,714,1,1,582582,0.9670165141513114
sel_95,715,1,1,582582,0.9670165141513114
sel_95,716,1,1,582582,0.9670165141513114
sel_95,717,1,1,582582,0.9670165141513114
sel_95,718,1,1,582582,0.9670165141513114
sel_95,719,1,1,582582,0.9670165141513114
sel_95,720,1,1,582582,0.9670165141513114
sel_95,721,1,1,582582,0.9670165141513114
sel_95,722,1,1,582582,0.9670165141513114
sel_95,723,1,1,582582,0.9670165141513114
sel_95,724,1,1,582582,0.9670165141513114
sel_95,725,1,1,582582,0.9670165141513114
sel_95,726,1,1,582582,0.9670165141513114
sel_95,727,1,1,582582,0.9670165141513114
sel_95,728,1,1,582582,0.9670165141513114
sel_95,729,1,1,582582,0.9670165141513114
sel_95,730,1,1,582582,0.9670165141513114
sel_95,731,1,1,582582,0.9670165141513114
sel_95,732,1,1,582582,0.9670165141513114
sel_95,733,1,1,582582,0.9670165141513114
sel_95,734,1,1,582582,0.9670165141513114
sel_95,735,1,1,582582,0.9670165141513114
sel_95,736,1,1,582582,0.9670165141513114
sel_95,737,1,1,582582,0.9670165141513114
sel_95,738,1,1,582582,0.9670165141513114
sel_95,739,1,1,582582,0.9670165141513114
sel_95,740,1,1,582582,0.9670165141513114
sel_95,741,1,1,582582,0.9670165141513114
sel_95,742,1,1,582582,0.9670165141513114
sel_95,743,1,1,582582,0.9670165141513114
sel_95,744,1,1,582582,0.9670165141513114
sel_95,745,1,1,582582,0.9670165141513114
sel_95,746,1,1,582582,0.9670165141513114
sel_95,747,1,1,582582,0.9670165141513114
sel_95,748,1,1,582582,0.9670165141513114
sel_95,749,1,1,582582,0.9670165141513114
sel_95,750,1,1,582582,0.9670165141513114
sel_95,751,1,1,582582,0.9670165141513114
sel_95,752,1,1,582582,0.9670165141513114
sel_95,753,1,1,582582,0.9670165141513114
sel_95,754,1,1,582582,0.9670165141513114
sel_95,755,1,1,582582,0.9670165141513114
sel_95,756,1,1,582582,0.9670165141513114
sel_95,757,1,1,582582,0.9670165141513114
sel_95,758,1,1,582582,0.9670165141513114
sel_95,759,1,1,582582,0.9670165141513114
sel_95,760,1,1,582582,0.9670165141513114
sel_95,761,1,1,582582,0.9670165141513114
sel_95,762,1,1,582582,0.9670165141513114
sel_95,763,1,1,582582,0.9670165141513114
sel_95,764,1,1,582582,0.9670165141513114
sel_95,765,1,1,582582,0.9670165141513114
sel_95,766,1,1,582582,0.9670165141513114
sel_95,767,1,1,582582,0.9670165141513114
sel_95,768,1,1,582582,0.9670165141513114
sel_95,769,1,1,582582,0.9670165141513114
sel_95,770,1,1,582582,0.9670165141513114
sel_95,771,1,1,582582,0.9670165141513114
sel_95,772,1,1,582582,0.9670165141513114
sel_95,773,1,1,582582,0.9670165141513114
sel_95,774,1,1,582582,0.9670165141513114
sel_95,775,1,1,582582,0.9670165141513114
sel_95,776,1,1,582582,0.9670165141513114
sel_95,777,1,1,582582,0.9670165141513114
sel_95,778,1,1,582582,0.9670165141513114
sel_95,779,1,1,582582,0.9670165141513114
sel_95,780,1,1,582582,0.9670165141513114
sel_95,781,1,1,582582,0.9670165141513114
sel_95,782,1,1,582582,0.9670165141513114
sel_95,783,1,1,582582,0.9670165141513114
sel_95,784,1,1,582582,0.9670165141513114
sel_95,785,1,1,582582,0.9670165141513114
sel_95,786,1,1,582582,0.9670165141513114
sel_95,787,1,1,582582,0.9670165141513114
sel_95,788,1,1,582582,0.9670165141513114
sel_95,789,1,1,582582,0.9670165141513114
sel_95,790,1,1,582582,0.9670165141513114
sel_95,791,1,1,582582,0.9670165141513114
sel_95,792,1,1,582582,0.9670165141513114
sel_95,793,1,1,582582,0.9670165141513114
sel_95,794,1,1,582582,0.9670165141513114
sel_95,795,1,1,582582,0.9670165141513114
sel_95,796,1,1,582582,0.9670165141513114
sel_95,797,1,1,582582,0.9670165141513114
sel_95,798,1,1,582582,0.9670165141513114
sel_95,799,1,1,582582,0.9670165141513114
sel_95,800,1,1,582582,0.9670165141513114
sel_95,801,1,1,582582,0.9670165141513114
sel_95,802,1,1,582582,0.9670165141513114
sel_95,803,1,1,582582,0.9670165141513114
sel_95,804,1,1,582582,0.9670165141513114
sel_95,805,1,1,582582,0.9670165141513114
sel_95,806,1,1,582582,0.9670165141513114
sel_95,807,1,1,582582,0.9670165141513114
sel_95,808,1,1,582582,0.9670165141513114
sel_95,809,1,1,582582,0.9670165141513114
sel_95,810,1,1,582582,0.9670165141513114
sel_95,811,1,1,582582,0.9670165141513114
sel_95,812,1,1,582582,0.9670165141513114
sel_95,813,1,1,582582,0.9670165141513114
sel_95,814,1,1,582582,0.9670165141513114
sel_95,815,1,1,582582,0.9670165141513114
sel_95,816,1,1,582582,0.9670165141513114
sel_95,817,1,1,582582,0.9670165141513114
sel_95,818,1,1,582582,0.9670165141513114
sel_95,819,1,1,582582,0.9670165141513114
sel_95,820,1,1,582582,0.9670165141513114
sel_95,821,1,1,582582,0.9670165141513114
sel_95,822,1,1,582582,0.9670165141513114
sel_95,823,1,1,582582,0.9670165141513114
sel_95,824,1,1,582582,0.9670165141513114
sel_95,825,1,1,582582,0.9670165141513114
sel_95,826,1,1,582582,0.9670165141513114
sel_95,827,1,1,582582,0.9670165141513114
sel_95,828,1,1,582582,0.9670165141513114
sel_95,829,1,1,582582,0.9670165141513114
sel_95,830,1,1,582582,0.9670165141513114
sel_95,831,1,1,582582,0.9670165141513114
sel_95,832,1,1,582582,0.9670165141513114
sel_95,833,1,1,582582,0.9670165141513114
sel_95,834,1,1,582582,0.9670165141513114
sel_95,835,1,1,582582,0.9670165141513114
sel_95,836,1,1,582582,0.9670165141513114
sel_95,837,1,1,582582,0.9670165141513114
sel_95,838,1,1,582582,0.9670165141513114
sel_95,839,1,1,582582,0.9670165141513114
sel_95,840,1,1,582582,0.9670165141513114
sel_95,841,1,1,582582,0.9670165141513114
sel_95,842,1,1,582582,0.9670165141513114
sel_95,843,1,1,582582,0.9670165141513114
sel_95,844,1,1,582582,0.9670165141513114
sel_95,845,1,1,582582,0.9670165141513114
sel_95,846,1,1,582582,0.9670165141513114
sel_95,847,1,1,582582,0.9670165141513114
sel_95,848,1,1,582582,0.9670165141513114
sel_95,849,1,1,582582,0.9670165141513114
sel_95,850,1,1,582582,0.9670165141513114
sel_95,851,1,1,582582,0.9670165141513114
sel_95,852,1,1,582582,0.9670165141513114
sel_95,853,1,1,582582,0.9670165141513114
sel_95,854,1,1,582582,0.9670165141513114
sel_95,855,1,1,582582,0.9670165141513114
sel_95,856,1,1,582582,0.9670165141513114
sel_95,857,1,1,582582,0.9670165141513114
sel_95,858,1,1,582582,0.9670165141513114
sel_95,859,1,1,582582,0.9670165141513114
sel_95,860,1,1,582582,0.9670165141513114
sel_95,861,1,1,582582,0.9670165141513114
sel_95,862,1,1,582582,0.9670165141513114
sel_95,863,1,1,582582,0.9670165141513114
sel_95,864,1,1,582582,0.9670165141513114
sel_95,865,1,1,582582,0.9670165141513114
sel_95,866,1,1,582582,0.9670165141513114
sel_95,867,1,1,582582,0.9670165141513114
sel_95,868,1,1,582582,0.9670165141513114
sel_95,869,1,1,582582,0.9670165141513114
sel_95,870,1,1,582582,0.9670165141513114
sel_95,871,1,1,582582,0.9670165141513114
sel_95,872,1,1,582582,0.9670165141513114
sel_95,873,1,1,582582,0.9670165141513114
sel_95,874,1,1,582582,0.9670165141513114
sel_95,875,1,1,582582,0.9670165141513114
sel_95,876,1,1,582582,0.9670165141513114
sel_95,877,1,1,582582,0.9670165141513114
sel_95,878,1,1,582582,0.9670165141513114
sel_95,879,1,1,582582,0.9670165141513114
sel_95,880,1,1,582582,0.9670165141513114
sel_95,881,1,1,582582,0.9670165141513114
sel_95,882,1,1,582582,0.9670165141513114
sel_95,883,1,1,582582,0.9670165141513114
sel_95,884,1,1,582582,0.9670165141513114
sel_95,885,1,1,582582,0.9670165141513114
sel_95,886,1,1,582582,0.9670165141513114
sel_95,887,1,1,582582,0.9670165141513114
sel_95,888,1,1,582582,0.9670165141513114
sel_95,889,1,1,582582,0.9670165141513114
sel_95,890,1,1,582582,0.9670165141513114
sel_95,891,1,1,582582,0.9670165141513114
sel_95,892,1,1,582582,0.9670165141513114
sel_95,893,1,1,582582,0.9670165141513114
sel_95,894,1,1,582582,0.9670165141513114
sel_95,895,1,1,582582,0.9670165141513114
sel_95,896,1,1,582582,0.9670165141513114
sel_95,897,1,1,582582,0.9670165141513114
sel_95,898,1,1,582582,0.9670165141513114
sel_95,899,1,1,582582,0.9670165141513114
sel_95,900,1,1,582582,0.9670165141513114
sel_95,901,1,1,582582,0.9670165141513114
sel_95,902,1,1,582582,0.9670165141513114
sel_95,903,1,1,582582,0.9670165141513114
sel_95,904,1,1,582582,0.9670165141513114
sel_95,905,1,1,582582,0.9670165141513114
sel_95,906,1,1,582582,0.9670165141513114
sel_95,907,1,1,582582,0.9670165141513114
sel_95,908,1,1,582582,0.9670165141513114
sel_95,909,1,1,582582,0.9670165141513114
sel_95,910,1,1,582582,0.9670165141513114
sel_95,911,1,1,582582,0.9670165141513114
sel_95,912,1,1,582582,0.9670165141513114
sel_95,913,1,1,582582,0.9670165141513114
sel_95,914,1,1,582582,0.9670165141513114
sel_95,915,1,1,582582,0.9670165141513114
sel_95,916,1,1,582582,0.9670165141513114
sel_95,917,1,1,582582,0.9670165141513114
sel_95,918,1,1,582582,0.9670165141513114
sel_95,919,1,1,582582,0.9670165141513114
sel_95,920,1,1,582582,0.9670165141513114
sel_95,921,1,1,582582,0.9670165141513114
sel_95,922,1,1,582582,0.9670165141513114
sel_95,923,1,1,582582,0.9670165141513114
sel_95,924,1,1,582582,0.9670165141513114
sel_95,925,1,1,582582,0.9670165141513114
sel_95,926,1,1,582582,0.9670165141513114
sel_95,927,1,1,582582,0.9670165141513114
sel_95,928,1,1,582582,0.9670165141513114
sel_95,929,1,1,582582,0.9670165141513114
sel_95,930,1,1,582582,0.9670165141513114
sel_95,931,1,1,582582,0.9670165141513114
sel_95,932,1,232,6602,0.01095853120492387
sel_95,933,1,1,582582,0.9670165141513114
sel_95,934,1,1,582582,0.9670165141513114
sel_95,935,1,1,582582,0.9670165141513114
sel_95,936,1,1,582582,0.9670165141513114
sel_95,937,1,1,582582,0.9670165141513114
sel_95,938,1,1,582582,0.9670165141513114
sel_95,939,1,1,582582,0.9670165141513114
sel_95,940,1,1,582582,0.9670165141513114
sel_95,941,1,1,582582,0.9670165141513114
sel_95,942,1,1,582582,0.9670165141513114
sel_95,943,1,1,582582,0.9670165141513114
sel_95,944,1,1,582582,0.9670165141513114
sel_95,945,1,1,582582,0.9670165141513114
sel_95,946,1,1,582582,0.9670165141513114
sel_95,947,1,1,582582,0.9670165141513114
sel_95,948,1,1,582582,0.9670165141513114
sel_95,949,1,1,582582,0.9670165141513114
sel_95,950,1,1,582582,0.9670165141513114
sel_95,951,1,1,582582,0.9670165141513114
sel_95,952,1,1,582582,0.9670165141513114
sel_95,953,1,1,582582,0.9670165141513114
sel_95,954,1,1,582582,0.9670165141513114
sel_95,955,1,1,582582,0.9670165141513114
sel_95,956,1,1,582582,0.9670165141513114
sel_95,957,1,1,582582,0.9670165141513114
sel_95,958,1,1,582582,0.9670165141513114
sel_95,959,1,1,582582,0.9670165141513114
sel_95,960,1,1,582582,0.9670165141513114
sel_95,961,1,1,582582,0.9670165141513114
sel_95,962,1,1,582582,0.9670165141513114
sel_95,963,1,1,582582,0.9670165141513114
sel_95,964,1,1,582582,0.9670165141513114
sel_95,965,1,1,582582,0.9670165141513114
sel_95,966,1,1,582582,0.9670165141513114
sel_95,967,1,1,582582,0.9670165141513114
sel_95,968,1,1,582582,0.9670165141513114
sel_95,969,1,1,582582,0.9670165141513114
sel_95,970,1,1,582582,0.9670165141513114
sel_95,971,1,1,582582,0.9670165141513114
sel_95,972,1,1,582582,0.9670165141513114
sel_95,973,1,1,582582,0.9670165141513114
sel_95,974,1,1,582582,0.9670165141513114
sel_95,975,1,1,582582,0.9670165141513114
sel_95,976,1,1,582582,0.9670165141513114
sel_95,977,1,1,582582,0.9670165141513114
sel_95,978,1,1,582582,0.9670165141513114
sel_95,979,1,1,582582,0.9670165141513114
sel_95,980,1,1,582582,0.9670165141513114
sel_95,981,1,1,582582,0.9670165141513114
sel_95,982,1,1,582582,0.9670165141513114
sel_95,983,1,1,582582,0.9670165141513114
sel_95,984,1,1,582582,0.9670165141513114
sel_95,985,1,1,582582,0.9670165141513114
sel_95,986,1,1,582582,0.9670165141513114
sel_95,987,1,1,582582,0.9670165141513114
sel_95,988,1,1,582582,0.9670165141513114
sel_95,989,1,1,582582,0.9670165141513114
sel_95,990,1,1,582582,0.9670165141513114
sel_95,991,1,84,9268,0.015383772676042778
sel_95,992,1,1,582582,0.9670165141513114
sel_95,993,1,1,582582,0.9670165141513114
sel_95,994,1,1,582582,0.9670165141513114
sel_95,995,1,1,582582,0.9670165141513114
sel_95,996,1,1,582582,0.9670165141513114
sel_95,997,1,1,582582,0.9670165141513114
sel_95,998,1,1,582582,0.9670165141513114
sel_95,999,1,1,582582,0.9670165141513114
sel_99,0,1,1,582582,0.9670165141513114
sel_99,1,0,,602453,1
sel_99,2,0,,602453,1
sel_99,3,1,1,582582,0.9670165141513114
sel_99,4,0,,602453,1
sel_99,5,0,,602453,1
sel_99,6,1,1,582582,0.9670165141513114
sel_99,7,0,,602453,1
sel_99,8,0,,602453,1
sel_99,9,1,1,582582,0.9670165141513114
sel_99,10,0,,602453,1
sel_99,11,0,,602453,1
sel_99,12,0,,602453,1
sel_99,13,1,1,582582,0.9670165141513114
sel_99,14,0,,602453,1
sel_99,15,0,,602453,1
sel_99,16,1,1,582582,0.9670165141513114
sel_99,17,0,,602453,1
sel_99,18,0,,602453,1
sel_99,19,1,1,582582,0.9670165141513114
sel_99,20,0,,602453,1
sel_99,21,0,,602453,1
sel_99,22,0,,602453,1
sel_99,23,1,1,582582,0.9670165141513114
sel_99,24,0,,602453,1
sel_99,25,0,,602453,1
sel_99,26,1,1,582582,0.9670165141513114
sel_99,27,0,,602453,1
sel_99,28,0,,602453,1
sel_99,29,1,1,582582,0.9670165141513114
sel_99,30,0,,602453,1
sel_99,31,0,,602453,1
sel_99,32,0,,602453,1
sel_99,33,1,1,582582,0.9670165141513114
sel_99,34,0,,602453,1
sel_99,35,0,,602453,1
sel_99,36,1,1,582582,0.9670165141513114
sel_99,37,0,,602453,1
sel_99,38,0,,602453,1
sel_99,39,1,1,582582,0.9670165141513114
sel_99,40,0,,602453,1
sel_99,41,0,,602453,1
sel_99,42,1,1,582582,0.9670165141513114
sel_99,43,0,,602453,1
sel_99,44,0,,602453,1
sel_99,45,0,,602453,1
sel_99,46,1,1,582582,0.9670165141513114
sel_99,47,0,,602453,1
sel_99,48,0,,602453,1
sel_99,49,1,1,582582,0.9670165141513114
sel_99,50,0,,602453,1
sel_99,51,0,,602453,1
sel_99,52,1,1,582582,0.9670165141513114
sel_99,53,0,,602453,1
sel_99,54,0,,602453,1
sel_99,55,0,,602453,1
sel_99,56,1,1,582582,0.9670165141513114
sel_99,57,0,,602453,1
sel_99,58,0,,602453,1
sel_99,59,1,1,582582,0.9670165141513114
sel_99,60,0,,602453,1
sel_99,61,0,,602453,1
sel_99,62,1,1,582582,0.9670165141513114
sel_99,63,0,,602453,1
sel_99,64,0,,602453,1
sel_99,65,0,,602453,1
sel_99,66,1,1,582582,0.9670165141513114
sel_99,67,0,,602453,1
sel_99,68,0,,602453,1
sel_99,69,1,1,582582,0.9670165141513114
sel_99,70,0,,602453,1
sel_99,71,0,,602453,1
sel_99,72,1,1,582582,0.9670165141513114
sel_99,73,0,,602453,1
sel_99,74,0,,602453,1
sel_99,75,1,1,582582,0.9670165141513114
sel_99,76,0,,602453,1
sel_99,77,0,,602453,1
sel_99,78,0,,602453,1
sel_99,79,1,1,582582,0.9670165141513114
sel_99,80,0,,602453,1
sel_99,81,0,,602453,1
sel_99,82,1,1,582582,0.9670165141513114
sel_99,83,0,,602453,1
sel_99,84,0,,602453,1
sel_99,85,1,1,582582,0.9670165141513114
sel_99,86,0,,602453,1
sel_99,87,0,,602453,1
sel_99,88,0,,602453,1
sel_99,89,1,1,582582,0.9670165141513114
sel_99,90,0,,602453,1
sel_99,91,0,,602453,1
sel_99,92,1,1,582582,0.9670165141513114
sel_99,93,0,,602453,1
sel_99,94,0,,602453,1
sel_99,95,1,1,582582,0.9670165141513114
sel_99,96,0,,602453,1
sel_99,97,0,,602453,1
sel_99,98,0,,602453,1
sel_99,99,1,1,582582,0.9670165141513114
sel_99,100,0,,602453,1
sel_99,101,0,,602453,1
sel_99,102,1,1,582582,0.9670165141513114
sel_99,103,0,,602453,1
sel_99,104,0,,602453,1
sel_99,105,1,1,582582,0.9670165141513114
sel_99,106,0,,602453,1
sel_99,107,0,,602453,1
sel_99,108,1,1,582582,0.9670165141513114
sel_99,109,0,,602453,1
sel_99,110,0,,602453,1
sel_99,111,0,,602453,1
sel_99,112,1,1,582582,0.9670165141513114
sel_99,113,0,,602453,1
sel_99,114,0,,602453,1
sel_99,115,1,1,582582,0.9670165141513114
sel_99,116,0,,602453,1
sel_99,117,0,,602453,1
sel_99,118,1,1,582582,0.9670165141513114
sel_99,119,0,,602453,1
sel_99,120,0,,602453,1
sel_99,121,0,,602453,1
sel_99,122,1,1,582582,0.9670165141513114
sel_99,123,0,,602453,1
sel_99,124,0,,602453,1
sel_99,125,1,1,582582,0.9670165141513114
sel_99,126,0,,602453,1
sel_99,127,0,,602453,1
sel_99,128,1,1,582582,0.9670165141513114
sel_99,129,0,,602453,1
sel_99,130,0,,602453,1
sel_99,131,0,,602453,1
sel_99,132,1,1,582582,0.9670165141513114
sel_99,133,0,,602453,1
sel_99,134,0,,602453,1
sel_99,135,1,1,582582,0.9670165141513114
sel_99,136,0,,602453,1
sel_99,137,0,,602453,1
sel_99,138,1,1,582582,0.9670165141513114
sel_99,139,0,,602453,1
sel_99,140,0,,602453,1
sel_99,141,1,1,582582,0.9670165141513114
sel_99,142,0,,602453,1
sel_99,143,0,,602453,1
sel_99,144,0,,602453,1
sel_99,145,1,1,582582,0.9670165141513114
sel_99,146,0,,602453,1
sel_99,147,0,,602453,1
sel_99,148,1,1,582582,0.9670165141513114
sel_99,149,0,,602453,1
sel_99,150,0,,602453,1
sel_99,151,1,1,582582,0.9670165141513114
sel_99,152,0,,602453,1
sel_99,153,0,,602453,1
sel_99,154,0,,602453,1
sel_99,155,1,1,582582,0.9670165141513114
sel_99,156,0,,602453,1
sel_99,157,0,,602453,1
sel_99,158,1,1,582582,0.9670165141513114
sel_99,159,0,,602453,1
sel_99,160,0,,602453,1
sel_99,161,1,1,582582,0.9670165141513114
sel_99,162,0,,602453,1
sel_99,163,0,,602453,1
sel_99,164,0,,602453,1
sel_99,165,1,1,582582,0.9670165141513114
sel_99,166,0,,602453,1
sel_99,167,0,,602453,1
sel_99,168,1,1,582582,0.9670165141513114
sel_99,169,0,,602453,1
sel_99,170,0,,602453,1
sel_99,171,1,1,582582,0.9670165141513114
sel_99,172,0,,602453,1
sel_99,173,0,,602453,1
sel_99,174,1,1,582582,0.9670165141513114
sel_99,175,0,,602453,1
sel_99,176,0,,602453,1
sel_99,177,0,,602453,1
sel_99,178,1,1,582582,0.9670165141513114
sel_99,179,0,,602453,1
sel_99,180,0,,602453,1
sel_99,181,1,1,582582,0.9670165141513114
sel_99,182,0,,602453,1
sel_99,183,0,,602453,1
sel_99,184,1,1,582582,0.9670165141513114
sel_99,185,0,,602453,1
sel_99,186,0,,602453,1
sel_99,187,0,,602453,1
sel_99,188,1,1,582582,0.9670165141513114
sel_99,189,0,,602453,1
sel_99,190,0,,602453,1
sel_99,191,1,1,582582,0.9670165141513114
sel_99,192,0,,602453,1
sel_99,193,0,,602453,1
sel_99,194,1,1,582582,0.9670165141513114
sel_99,195,0,,602453,1
sel_99,196,0,,602453,1
sel_99,197,0,,602453,1
sel_99,198,1,1,582582,0.9670165141513114
sel_99,199,0,,602453,1
sel_99,200,0,,602453,1
sel_99,201,1,1,582582,0.9670165141513114
sel_99,202,0,,602453,1
sel_99,203,0,,602453,1
sel_99,204,1,1,582582,0.9670165141513114
sel_99,205,0,,602453,1
sel_99,206,0,,602453,1
sel_99,207,1,1,582582,0.9670165141513114
sel_99,208,0,,602453,1
sel_99,209,0,,602453,1
sel_99,210,0,,602453,1
sel_99,211,1,1,582582,0.9670165141513114
sel_99,212,0,,602453,1
sel_99,213,0,,602453,1
sel_99,214,1,1,582582,0.9670165141513114
sel_99,215,0,,602453,1
sel_99,216,0,,602453,1
sel_99,217,1,1,582582,0.9670165141513114
sel_99,218,0,,602453,1
sel_99,219,0,,602453,1
sel_99,220,0,,602453,1
sel_99,221,1,1,582582,0.9670165141513114
sel_99,222,0,,602453,1
sel_99,223,0,,602453,1
sel_99,224,1,1,582582,0.9670165141513114
sel_99,225,0,,602453,1
sel_99,226,0,,602453,1
sel_99,227,1,1,582582,0.9670165141513114
sel_99,228,0,,602453,1
sel_99,229,0,,602453,1
sel_99,230,0,,602453,1
sel_99,231,1,1,582582,0.9670165141513114
sel_99,232,0,,602453,1
sel_99,233,0,,602453,1
sel_99,234,1,1,582582,0.9670165141513114
sel_99,235,0,,602453,1
sel_99,236,0,,602453,1
sel_99,237,1,1,582582,0.9670165141513114
sel_99,238,0,,602453,1
sel_99,239,0,,602453,1
sel_99,240,1,1,582582,0.9670165141513114
sel_99,241,0,,602453,1
sel_99,242,0,,602453,1
sel_99,243,0,,602453,1
sel_99,244,1,1,582582,0.9670165141513114
sel_99,245,0,,602453,1
sel_99,246,0,,602453,1
sel_99,247,1,1,582582,0.9670165141513114
sel_99,248,0,,602453,1
sel_99,249,0,,602453,1
sel_99,250,1,1,582582,0.9670165141513114
sel_99,251,0,,602453,1
sel_99,252,0,,602453,1
sel_99,253,0,,602453,1
sel_99,254,1,1,582582,0.9670165141513114
sel_99,255,0,,602453,1
sel_99,256,0,,602453,1
sel_99,257,1,1,582582,0.9670165141513114
sel_99,258,0,,602453,1
sel_99,259,0,,602453,1
sel_99,260,1,1,582582,0.9670165141513114
sel_99,261,0,,602453,1
sel_99,262,0,,602453,1
sel_99,263,0,,602453,1
sel_99,264,1,1,582582,0.9670165141513114
sel_99,265,0,,602453,1
sel_99,266,0,,602453,1
sel_99,267,1,1,582582,0.9670165141513114
sel_99,268,0,,602453,1
sel_99,269,0,,602453,1
sel_99,270,1,1,582582,0.9670165141513114
sel_99,271,0,,602453,1
sel_99,272,0,,602453,1
sel_99,273,1,1,582582,0.9670165141513114
sel_99,274,0,,602453,1
sel_99,275,0,,602453,1
sel_99,276,0,,602453,1
sel_99,277,1,1,582582,0.9670165141513114
sel_99,278,0,,602453,1
sel_99,279,0,,602453,1
sel_99,280,1,1,582582,0.9670165141513114
sel_99,281,0,,602453,1
sel_99,282,0,,602453,1
sel_99,283,1,1,582582,0.9670165141513114
sel_99,284,0,,602453,1
sel_99,285,0,,602453,1
sel_99,286,0,,602453,1
sel_99,287,1,1,582582,0.9670165141513114
sel_99,288,0,,602453,1
sel_99,289,0,,602453,1
sel_99,290,1,1,582582,0.9670165141513114
sel_99,291,0,,602453,1
sel_99,292,0,,602453,1
sel_99,293,1,1,582582,0.9670165141513114
sel_99,294,0,,602453,1
sel_99,295,0,,602453,1
sel_99,296,0,,602453,1
sel_99,297,1,1,582582,0.9670165141513114
sel_99,298,0,,602453,1
sel_99,299,0,,602453,1
sel_99,300,1,1,582582,0.9670165141513114
sel_99,301,0,,602453,1
sel_99,302,0,,602453,1
sel_99,303,1,1,582582,0.9670165141513114
sel_99,304,0,,602453,1
sel_99,305,0,,602453,1
sel_99,306,1,1,582582,0.9670165141513114
sel_99,307,0,,602453,1
sel_99,308,0,,602453,1
sel_99,309,0,,602453,1
sel_99,310,1,1,582582,0.9670165141513114
sel_99,311,0,,602453,1
sel_99,312,0,,602453,1
sel_99,313,1,1,582582,0.9670165141513114
sel_99,314,0,,602453,1
sel_99,315,0,,602453,1
sel_99,316,1,1,582582,0.9670165141513114
sel_99,317,0,,602453,1
sel_99,318,0,,602453,1
sel_99,319,0,,602453,1
sel_99,320,1,1,582582,0.9670165141513114
sel_99,321,0,,602453,1
sel_99,322,0,,602453,1
sel_99,323,1,1,582582,0.9670165141513114
sel_99,324,0,,602453,1
sel_99,325,0,,602453,1
sel_99,326,1,1,582582,0.9670165141513114
sel_99,327,0,,602453,1
sel_99,328,0,,602453,1
sel_99,329,0,,602453,1
sel_99,330,1,1,582582,0.9670165141513114
sel_99,331,0,,602453,1
sel_99,332,0,,602453,1
sel_99,333,1,1,582582,0.9670165141513114
sel_99,334,0,,602453,1
sel_99,335,0,,602453,1
sel_99,336,1,1,582582,0.9670165141513114
sel_99,337,0,,602453,1
sel_99,338,0,,602453,1
sel_99,339,1,1,582582,0.9670165141513114
sel_99,340,0,,602453,1
sel_99,341,0,,602453,1
sel_99,342,0,,602453,1
sel_99,343,1,1,582582,0.9670165141513114
sel_99,344,0,,602453,1
sel_99,345,0,,602453,1
sel_99,346,1,1,582582,0.9670165141513114
sel_99,347,0,,602453,1
sel_99,348,0,,602453,1
sel_99,349,1,1,582582,0.9670165141513114
sel_99,350,0,,602453,1
sel_99,351,0,,602453,1
sel_99,352,0,,602453,1
sel_99,353,1,1,582582,0.9670165141513114
sel_99,354,0,,602453,1
sel_99,355,0,,602453,1
sel_99,356,1,1,582582,0.9670165141513114
sel_99,357,0,,602453,1
sel_99,358,0,,602453,1
sel_99,359,1,1,582582,0.9670165141513114
sel_99,360,0,,602453,1
sel_99,361,0,,602453,1
sel_99,362,0,,602453,1
sel_99,363,1,1,582582,0.9670165141513114
sel_99,364,0,,602453,1
sel_99,365,0,,602453,1
sel_99,366,1,1,582582,0.9670165141513114
sel_99,367,0,,602453,1
sel_99,368,0,,602453,1
sel_99,369,1,1,582582,0.9670165141513114
sel_99,370,0,,602453,1
sel_99,371,0,,602453,1
sel_99,372,1,1,582582,0.9670165141513114
sel_99,373,0,,602453,1
sel_99,374,0,,602453,1
sel_99,375,0,,602453,1
sel_99,376,1,1,582582,0.9670165141513114
sel_99,377,0,,602453,1
sel_99,378,0,,602453,1
sel_99,379,1,1,582582,0.9670165141513114
sel_99,380,0,,602453,1
sel_99,381,0,,602453,1
sel_99,382,1,1,582582,0.9670165141513114
sel_99,383,0,,602453,1
sel_99,384,0,,602453,1
sel_99,385,0,,602453,1
sel_99,386,1,1,582582,0.9670165141513114
sel_99,387,0,,602453,1
sel_99,388,0,,602453,1
sel_99,389,1,1,582582,0.9670165141513114
sel_99,390,0,,602453,1
sel_99,391,0,,602453,1
sel_99,392,1,1,582582,0.9670165141513114
sel_99,393,0,,602453,1
sel_99,394,0,,602453,1
sel_99,395,0,,602453,1
sel_99,396,1,1,582582,0.9670165141513114
sel_99,397,0,,602453,1
sel_99,398,0,,602453,1
sel_99,399,1,1,582582,0.9670165141513114
sel_99,400,0,,602453,1
sel_99,401,0,,602453,1
sel_99,402,1,1,582582,0.9670165141513114
sel_99,403,0,,602453,1
sel_99,404,0,,602453,1
sel_99,405,1,1,582582,0.9670165141513114
sel_99,406,0,,602453,1
sel_99,407,0,,602453,1
sel_99,408,0,,602453,1
sel_99,409,1,1,582582,0.9670165141513114
sel_99,410,0,,602453,1
sel_99,411,0,,602453,1
sel_99,412,1,1,582582,0.9670165141513114
sel_99,413,0,,602453,1
sel_99,414,0,,602453,1
sel_99,415,1,1,582582,0.9670165141513114
sel_99,416,0,,602453,1
sel_99,417,0,,602453,1
sel_99,418,0,,602453,1
sel_99,419,1,1,582582,0.9670165141513114
sel_99,420,0,,602453,1
sel_99,421,0,,602453,1
sel_99,422,1,1,582582,0.9670165141513114
sel_99,423,0,,602453,1
sel_99,424,0,,602453,1
sel_99,425,1,1,582582,0.9670165141513114
sel_99,426,0,,602453,1
sel_99,427,0,,602453,1
sel_99,428,0,,602453,1
sel_99,429,1,1,582582,0.9670165141513114
sel_99,430,0,,602453,1
sel_99,431,0,,602453,1
sel_99,432,1,1,582582,0.9670165141513114
sel_99,433,0,,602453,1
sel_99,434,0,,602453,1
sel_99,435,1,1,582582,0.9670165141513114
sel_99,436,0,,602453,1
sel_99,437,0,,602453,1
sel_99,438,1,1,582582,0.9670165141513114
sel_99,439,0,,602453,1
sel_99,440,0,,602453,1
sel_99,441,0,,602453,1
sel_99,442,1,1,582582,0.9670165141513114
sel_99,443,0,,602453,1
sel_99,444,0,,602453,1
sel_99,445,1,1,582582,0.9670165141513114
sel_99,446,0,,602453,1
sel_99,447,0,,602453,1
sel_99,448,1,1,582582,0.9670165141513114
sel_99,449,0,,602453,1
sel_99,450,0,,602453,1
sel_99,451,0,,602453,1
sel_99,452,1,1,582582,0.9670165141513114
sel_99,453,0,,602453,1
sel_99,454,0,,602453,1
sel_99,455,1,1,582582,0.9670165141513114
sel_99,456,0,,602453,1
sel_99,457,0,,602453,1
sel_99,458,1,1,582582,0.9670165141513114
sel_99,459,0,,602453,1
sel_99,460,0,,602453,1
sel_99,461,0,,602453,1
sel_99,462,1,1,582582,0.9670165141513114
sel_99,463,0,,602453,1
sel_99,464,0,,602453,1
sel_99,465,1,1,582582,0.9670165141513114
sel_99,466,0,,602453,1
sel_99,467,0,,602453,1
sel_99,468,1,1,582582,0.9670165141513114
sel_99,469,0,,602453,1
sel_99,470,0,,602453,1
sel_99,471,1,1,582582,0.9670165141513114
sel_99,472,0,,602453,1
sel_99,473,0,,602453,1
sel_99,474,0,,602453,1
sel_99,475,1,1,582582,0.9670165141513114
sel_99,476,0,,602453,1
sel_99,477,0,,602453,1
sel_99,478,1,1,582582,0.9670165141513114
sel_99,479,0,,602453,1
sel_99,480,0,,602453,1
sel_99,481,1,1,582582,0.9670165141513114
sel_99,482,0,,602453,1
sel_99,483,0,,602453,1
sel_99,484,0,,602453,1
sel_99,485,1,1,582582,0.9670165141513114
sel_99,486,0,,602453,1
sel_99,487,0,,602453,1
sel_99,488,1,1,582582,0.9670165141513114
sel_99,489,0,,602453,1
sel_99,490,0,,602453,1
sel_99,491,1,1,582582,0.9670165141513114
sel_99,492,0,,602453,1
sel_99,493,0,,602453,1
sel_99,494,0,,602453,1
sel_99,495,1,1,582582,0.9670165141513114
sel_99,496,0,,602453,1
sel_99,497,0,,602453,1
sel_99,498,1,1,582582,0.9670165141513114
sel_99,499,0,,602453,1
sel_99,500,0,,602453,1
sel_99,501,1,1,582582,0.9670165141513114
sel_99,502,0,,602453,1
sel_99,503,0,,602453,1
sel_99,504,1,1,582582,0.9670165141513114
sel_99,505,0,,602453,1
sel_99,506,0,,602453,1
sel_99,507,0,,602453,1
sel_99,508,1,1,582582,0.9670165141513114
sel_99,509,0,,602453,1
sel_99,510,0,,602453,1
sel_99,511,1,1,582582,0.9670165141513114
sel_99,512,0,,602453,1
sel_99,513,0,,602453,1
sel_99,514,1,1,582582,0.9670165141513114
sel_99,515,0,,602453,1
sel_99,516,0,,602453,1
sel_99,517,0,,602453,1
sel_99,518,1,1,582582,0.9670165141513114
sel_99,519,0,,602453,1
sel_99,520,0,,602453,1
sel_99,521,1,1,582582,0.9670165141513114
sel_99,522,0,,602453,1
sel_99,523,0,,602453,1
sel_99,524,1,1,582582,0.9670165141513114
sel_99,525,0,,602453,1
sel_99,526,0,,602453,1
sel_99,527,0,,602453,1
sel_99,528,1,1,582582,0.9670165141513114
sel_99,529,0,,602453,1
sel_99,530,0,,602453,1
sel_99,531,1,1,582582,0.9670165141513114
sel_99,532,0,,602453,1
sel_99,533,0,,602453,1
sel_99,534,1,1,582582,0.9670165141513114
sel_99,535,0,,602453,1
sel_99,536,0,,602453,1
sel_99,537,1,1,582582,0.9670165141513114
sel_99,538,0,,602453,1
sel_99,539,0,,602453,1
sel_99,540,0,,602453,1
sel_99,541,1,1,582582,0.9670165141513114
sel_99,542,0,,602453,1
sel_99,543,0,,602453,1
sel_99,544,1,1,582582,0.9670165141513114
sel_99,545,0,,602453,1
sel_99,546,0,,602453,1
sel_99,547,1,1,582582,0.9670165141513114
sel_99,548,0,,602453,1
sel_99,549,0,,602453,1
sel_99,550,0,,602453,1
sel_99,551,1,1,582582,0.9670165141513114
sel_99,552,0,,602453,1
sel_99,553,0,,602453,1
sel_99,554,1,1,582582,0.9670165141513114
sel_99,555,0,,602453,1
sel_99,556,0,,602453,1
sel_99,557,1,1,582582,0.9670165141513114
sel_99,558,0,,602453,1
sel_99,559,0,,602453,1
sel_99,560,0,,602453,1
sel_99,561,1,1,582582,0.9670165141513114
sel_99,562,0,,602453,1
sel_99,563,0,,602453,1
sel_99,564,1,1,582582,0.9670165141513114
sel_99,565,0,,602453,1
sel_99,566,0,,602453,1
sel_99,567,1,1,582582,0.9670165141513114
sel_99,568,0,,602453,1
sel_99,569,0,,602453,1
sel_99,570,1,1,582582,0.9670165141513114
sel_99,571,0,,602453,1
sel_99,572,0,,602453,1
sel_99,573,0,,602453,1
sel_99,574,1,1,582582,0.9670165141513114
sel_99,575,0,,602453,1
sel_99,576,0,,602453,1
sel_99,577,1,1,582582,0.9670165141513114
sel_99,578,0,,602453,1
sel_99,579,0,,602453,1
sel_99,580,1,1,582582,0.9670165141513114
sel_99,581,0,,602453,1
sel_99,582,0,,602453,1
sel_99,583,0,,602453,1
sel_99,584,1,1,582582,0.9670165141513114
sel_99,585,0,,602453,1
sel_99,586,0,,602453,1
sel_99,587,1,1,582582,0.9670165141513114
sel_99,588,0,,602453,1
sel_99,589,0,,602453,1
sel_99,590,1,1,582582,0.9670165141513114
sel_99,591,0,,602453,1
sel_99,592,0,,602453,1
sel_99,593,0,,602453,1
sel_99,594,1,1,582582,0.9670165141513114
sel_99,595,0,,602453,1
sel_99,596,0,,602453,1
sel_99,597,1,1,582582,0.9670165141513114
sel_99,598,0,,602453,1
sel_99,599,0,,602453,1
sel_99,600,1,1,582582,0.9670165141513114
sel_99,601,0,,602453,1
sel_99,602,0,,602453,1
sel_99,603,1,1,582582,0.9670165141513114
sel_99,604,0,,602453,1
sel_99,605,0,,602453,1
sel_99,606,0,,602453,1
sel_99,607,1,1,582582,0.9670165141513114
sel_99,608,0,,602453,1
sel_99,609,0,,602453,1
sel_99,610,1,1,582582,0.9670165141513114
sel_99,611,0,,602453,1
sel_99,612,0,,602453,1
sel_99,613,1,1,582582,0.9670165141513114
sel_99,614,0,,602453,1
sel_99,615,0,,602453,1
sel_99,616,0,,602453,1
sel_99,617,1,1,582582,0.9670165141513114
sel_99,618,0,,602453,1
sel_99,619,0,,602453,1
sel_99,620,1,1,582582,0.9670165141513114
sel_99,621,0,,602453,1
sel_99,622,0,,602453,1
sel_99,623,1,1,582582,0.9670165141513114
sel_99,624,0,,602453,1
sel_99,625,0,,602453,1
sel_99,626,0,,602453,1
sel_99,627,1,1,582582,0.9670165141513114
sel_99,628,0,,602453,1
sel_99,629,0,,602453,1
sel_99,630,1,1,582582,0.9670165141513114
sel_99,631,0,,602453,1
sel_99,632,0,,602453,1
sel_99,633,1,1,582582,0.9670165141513114
sel_99,634,0,,602453,1
sel_99,635,0,,602453,1
sel_99,636,1,1,582582,0.9670165141513114
sel_99,637,0,,602453,1
sel_99,638,0,,602453,1
sel_99,639,0,,602453,1
sel_99,640,1,1,582582,0.9670165141513114
sel_99,641,0,,602453,1
sel_99,642,0,,602453,1
sel_99,643,1,1,582582,0.9670165141513114
sel_99,644,0,,602453,1
sel_99,645,0,,602453,1
sel_99,646,1,1,582582,0.9670165141513114
sel_99,647,0,,602453,1
sel_99,648,0,,602453,1
sel_99,649,0,,602453,1
sel_99,650,1,1,582582,0.9670165141513114
sel_99,651,0,,602453,1
sel_99,652,0,,602453,1
sel_99,653,1,1,582582,0.9670165141513114
sel_99,654,0,,602453,1
sel_99,655,0,,602453,1
sel_99,656,1,1,582582,0.9670165141513114
sel_99,657,0,,602453,1
sel_99,658,0,,602453,1
sel_99,659,0,,602453,1
sel_99,660,1,1,582582,0.9670165141513114
sel_99,661,0,,602453,1
sel_99,662,0,,602453,1
sel_99,663,1,1,582582,0.9670165141513114
sel_99,664,0,,602453,1
sel_99,665,0,,602453,1
sel_99,666,1,1,582582,0.9670165141513114
sel_99,667,0,,602453,1
sel_99,668,0,,602453,1
sel_99,669,1,1,582582,0.9670165141513114
sel_99,670,0,,602453,1
sel_99,671,0,,602453,1
sel_99,672,0,,602453,1
sel_99,673,1,1,582582,0.9670165141513114
sel_99,674,0,,602453,1
sel_99,675,0,,602453,1
sel_99,676,1,1,582582,0.9670165141513114
sel_99,677,0,,602453,1
sel_99,678,0,,602453,1
sel_99,679,1,1,582582,0.9670165141513114
sel_99,680,0,,602453,1
sel_99,681,0,,602453,1
sel_99,682,0,,602453,1
sel_99,683,1,1,582582,0.9670165141513114
sel_99,684,0,,602453,1
sel_99,685,0,,602453,1
sel_99,686,1,1,582582,0.9670165141513114
sel_99,687,0,,602453,1
sel_99,688,0,,602453,1
sel_99,689,1,1,582582,0.9670165141513114
sel_99,690,0,,602453,1
sel_99,691,0,,602453,1
sel_99,692,0,,602453,1
sel_99,693,1,1,582582,0.9670165141513114
sel_99,694,0,,602453,1
sel_99,695,0,,602453,1
sel_99,696,1,1,582582,0.9670165141513114
sel_99,697,0,,602453,1
sel_99,698,0,,602453,1
sel_99,699,1,1,582582,0.9670165141513114
sel_99,700,0,,602453,1
sel_99,701,0,,602453,1
sel_99,702,1,1,582582,0.9670165141513114
sel_99,703,0,,602453,1
sel_99,704,0,,602453,1
sel_99,705,0,,602453,1
sel_99,706,1,1,582582,0.9670165141513114
sel_99,707,0,,602453,1
sel_99,708,0,,602453,1
sel_99,709,1,1,582582,0.9670165141513114
sel_99,710,0,,602453,1
sel_99,711,0,,602453,1
sel_99,712,1,1,582582,0.9670165141513114
sel_99,713,0,,602453,1
sel_99,714,0,,602453,1
sel_99,715,0,,602453,1
sel_99,716,1,1,582582,0.9670165141513114
sel_99,717,0,,602453,1
sel_99,718,0,,602453,1
sel_99,719,1,1,582582,0.9670165141513114
sel_99,720,0,,602453,1
sel_99,721,0,,602453,1
sel_99,722,1,1,582582,0.9670165141513114
sel_99,723,0,,602453,1
sel_99,724,0,,602453,1
sel_99,725,0,,602453,1
sel_99,726,1,1,582582,0.9670165141513114
sel_99,727,0,,602453,1
sel_99,728,0,,602453,1
sel_99,729,1,1,582582,0.9670165141513114
sel_99,730,0,,602453,1
sel_99,731,0,,602453,1
sel_99,732,1,1,582582,0.9670165141513114
sel_99,733,0,,602453,1
sel_99,734,0,,602453,1
sel_99,735,1,1,582582,0.9670165141513114
sel_99,736,0,,602453,1
sel_99,737,0,,602453,1
sel_99,738,0,,602453,1
sel_99,739,1,1,582582,0.9670165141513114
sel_99,740,0,,602453,1
sel_99,741,0,,602453,1
sel_99,742,1,1,582582,0.9670165141513114
sel_99,743,0,,602453,1
sel_99,744,0,,602453,1
sel_99,745,1,1,582582,0.9670165141513114
sel_99,746,0,,602453,1
sel_99,747,0,,602453,1
sel_99,748,0,,602453,1
sel_99,749,1,1,582582,0.9670165141513114
sel_99,750,0,,602453,1
sel_99,751,0,,602453,1
sel_99,752,1,1,582582,0.9670165141513114
sel_99,753,0,,602453,1
sel_99,754,0,,602453,1
sel_99,755,1,1,582582,0.9670165141513114
sel_99,756,0,,602453,1
sel_99,757,0,,602453,1
sel_99,758,0,,602453,1
sel_99,759,1,1,582582,0.9670165141513114
sel_99,760,0,,602453,1
sel_99,761,0,,602453,1
sel_99,762,1,1,582582,0.9670165141513114
sel_99,763,0,,602453,1
sel_99,764,0,,602453,1
sel_99,765,1,1,582582,0.9670165141513114
sel_99,766,0,,602453,1
sel_99,767,0,,602453,1
sel_99,768,1,1,582582,0.9670165141513114
sel_99,769,0,,602453,1
sel_99,770,0,,602453,1
sel_99,771,0,,602453,1
sel_99,772,1,1,582582,0.9670165141513114
sel_99,773,0,,602453,1
sel_99,774,0,,602453,1
sel_99,775,1,1,582582,0.9670165141513114
sel_99,776,0,,602453,1
sel_99,777,0,,602453,1
sel_99,778,1,1,582582,0.9670165141513114
sel_99,779,0,,602453,1
sel_99,780,0,,602453,1
sel_99,781,0,,602453,1
sel_99,782,1,1,582582,0.9670165141513114
sel_99,783,0,,602453,1
sel_99,784,0,,602453,1
sel_99,785,1,1,582582,0.9670165141513114
sel_99,786,0,,602453,1
sel_99,787,0,,602453,1
sel_99,788,1,1,582582,0.9670165141513114
sel_99,789,0,,602453,1
sel_99,790,0,,602453,1
sel_99,791,0,,602453,1
sel_99,792,1,1,582582,0.9670165141513114
sel_99,793,0,,602453,1
sel_99,794,0,,602453,1
sel_99,795,1,1,582582,0.9670165141513114
sel_99,796,0,,602453,1
sel_99,797,0,,602453,1
sel_99,798,1,1,582582,0.9670165141513114
sel_99,799,0,,602453,1
sel_99,800,0,,602453,1
sel_99,801,1,1,582582,0.9670165141513114
sel_99,802,0,,602453,1
sel_99,803,0,,602453,1
sel_99,804,0,,602453,1
sel_99,805,1,1,582582,0.9670165141513114
sel_99,806,0,,602453,1
sel_99,807,0,,602453,1
sel_99,808,1,1,582582,0.9670165141513114
sel_99,809,0,,602453,1
sel_99,810,0,,602453,1
sel_99,811,1,1,582582,0.9670165141513114
sel_99,812,0,,602453,1
sel_99,813,0,,602453,1
sel_99,814,0,,602453,1
sel_99,815,1,1,582582,0.9670165141513114
sel_99,816,0,,602453,1
sel_99,817,0,,602453,1
sel_99,818,1,1,582582,0.9670165141513114
sel_99,819,0,,602453,1
sel_99,820,0,,602453,1
sel_99,821,1,1,582582,0.9670165141513114
sel_99,822,0,,602453,1
sel_99,823,0,,602453,1
sel_99,824,0,,602453,1
sel_99,825,1,1,582582,0.9670165141513114
sel_99,826,0,,602453,1
sel_99,827,0,,602453,1
sel_99,828,1,1,582582,0.9670165141513114
sel_99,829,0,,602453,1
sel_99,830,0,,602453,1
sel_99,831,1,1,582582,0.9670165141513114
sel_99,832,0,,602453,1
sel_99,833,0,,602453,1
sel_99,834,1,1,582582,0.9670165141513114
sel_99,835,0,,602453,1
sel_99,836,0,,602453,1
sel_99,837,0,,602453,1
sel_99,838,1,1,582582,0.9670165141513114
sel_99,839,0,,602453,1
sel_99,840,0,,602453,1
sel_99,841,1,1,582582,0.9670165141513114
sel_99,842,0,,602453,1
sel_99,843,0,,602453,1
sel_99,844,1,1,582582,0.9670165141513114
sel_99,845,0,,602453,1
sel_99,846,0,,602453,1
sel_99,847,0,,602453,1
sel_99,848,1,1,582582,0.9670165141513114
sel_99,849,0,,602453,1
sel_99,850,0,,602453,1
sel_99,851,1,1,582582,0.9670165141513114
sel_99,852,0,,602453,1
sel_99,853,0,,602453,1
sel_99,854,1,1,582582,0.9670165141513114
sel_99,855,0,,602453,1
sel_99,856,0,,602453,1
sel_99,857,0,,602453,1
sel_99,858,1,1,582582,0.9670165141513114
sel_99,859,0,,602453,1
sel_99,860,0,,602453,1
sel_99,861,1,1,582582,0.9670165141513114
sel_99,862,0,,602453,1
sel_99,863,0,,602453,1
sel_99,864,1,1,582582,0.9670165141513114
sel_99,865,0,,602453,1
sel_99,866,0,,602453,1
sel_99,867,1,1,582582,0.9670165141513114
sel_99,868,0,,602453,1
sel_99,869,0,,602453,1
sel_99,870,0,,602453,1
sel_99,871,1,1,582582,0.9670165141513114
sel_99,872,0,,602453,1
sel_99,873,0,,602453,1
sel_99,874,1,1,582582,0.9670165141513114
sel_99,875,0,,602453,1
sel_99,876,0,,602453,1
sel_99,877,1,1,582582,0.9670165141513114
sel_99,878,0,,602453,1
sel_99,879,0,,602453,1
sel_99,880,0,,602453,1
sel_99,881,1,1,582582,0.9670165141513114
sel_99,882,0,,602453,1
sel_99,883,0,,602453,1
sel_99,884,1,1,582582,0.9670165141513114
sel_99,885,0,,602453,1
sel_99,886,0,,602453,1
sel_99,887,1,1,582582,0.9670165141513114
sel_99,888,0,,602453,1
sel_99,889,0,,602453,1
sel_99,890,0,,602453,1
sel_99,891,1,1,582582,0.9670165141513114
sel_99,892,0,,602453,1
sel_99,893,0,,602453,1
sel_99,894,1,1,582582,0.9670165141513114
sel_99,895,0,,602453,1
sel_99,896,0,,602453,1
sel_99,897,1,1,582582,0.9670165141513114
sel_99,898,0,,602453,1
sel_99,899,0,,602453,1
sel_99,900,1,1,582582,0.9670165141513114
sel_99,901,0,,602453,1
sel_99,902,0,,602453,1
sel_99,903,0,,602453,1
sel_99,904,1,1,582582,0.9670165141513114
sel_99,905,0,,602453,1
sel_99,906,0,,602453,1
sel_99,907,1,1,582582,0.9670165141513114
sel_99,908,0,,602453,1
sel_99,909,0,,602453,1
sel_99,910,1,1,582582,0.9670165141513114
sel_99,911,0,,602453,1
sel_99,912,0,,602453,1
sel_99,913,0,,602453,1
sel_99,914,1,1,582582,0.9670165141513114
sel_99,915,0,,602453,1
sel_99,916,0,,602453,1
sel_99,917,1,1,582582,0.9670165141513114
sel_99,918,0,,602453,1
sel_99,919,0,,602453,1
sel_99,920,1,1,582582,0.9670165141513114
sel_99,921,0,,602453,1
sel_99,922,0,,602453,1
sel_99,923,0,,602453,1
sel_99,924,1,1,582582,0.9670165141513114
sel_99,925,0,,602453,1
sel_99,926,0,,602453,1
sel_99,927,1,1,582582,0.9670165141513114
sel_99,928,0,,602453,1
sel_99,929,0,,602453,1
sel_99,930,1,1,582582,0.9670165141513114
sel_99,931,0,,602453,1
sel_99,932,0,,602453,1
sel_99,933,1,1,582582,0.9670165141513114
sel_99,934,0,,602453,1
sel_99,935,0,,602453,1
sel_99,936,0,,602453,1
sel_99,937,1,1,582582,0.9670165141513114
sel_99,938,0,,602453,1
sel_99,939,0,,602453,1
sel_99,940,1,1,582582,0.9670165141513114
sel_99,941,0,,602453,1
sel_99,942,0,,602453,1
sel_99,943,1,1,582582,0.9670165141513114
sel_99,944,0,,602453,1
sel_99,945,0,,602453,1
sel_99,946,0,,602453,1
sel_99,947,1,1,582582,0.9670165141513114
sel_99,948,0,,602453,1
sel_99,949,0,,602453,1
sel_99,950,1,1,582582,0.9670165141513114
sel_99,951,0,,602453,1
sel_99,952,0,,602453,1
sel_99,953,1,1,582582,0.9670165141513114
sel_99,954,0,,602453,1
sel_99,955,0,,602453,1
sel_99,956,0,,602453,1
sel_99,957,1,1,582582,0.9670165141513114
sel_99,958,0,,602453,1
sel_99,959,0,,602453,1
sel_99,960,1,1,582582,0.9670165141513114
sel_99,961,0,,602453,1
sel_99,962,0,,602453,1
sel_99,963,1,1,582582,0.9670165141513114
sel_99,964,0,,602453,1
sel_99,965,0,,602453,1
sel_99,966,1,1,582582,0.9670165141513114
sel_99,967,0,,602453,1
sel_99,968,0,,602453,1
sel_99,969,0,,602453,1
sel_99,970,1,1,582582,0.9670165141513114
sel_99,971,0,,602453,1
sel_99,972,0,,602453,1
sel_99,973,1,1,582582,0.9670165141513114
sel_99,974,0,,602453,1
sel_99,975,0,,602453,1
sel_99,976,1,1,582582,0.9670165141513114
sel_99,977,0,,602453,1
sel_99,978,0,,602453,1
sel_99,979,0,,602453,1
sel_99,980,1,1,582582,0.9670165141513114
sel_99,981,0,,602453,1
sel_99,982,0,,602453,1
sel_99,983,1,1,582582,0.9670165141513114
sel_99,984,0,,602453,1
sel_99,985,0,,602453,1
sel_99,986,1,1,582582,0.9670165141513114
sel_99,987,0,,602453,1
sel_99,988,0,,602453,1
sel_99,989,0,,602453,1
sel_99,990,1,1,582582,0.9670165141513114
sel_99,991,0,,602453,1
sel_99,992,0,,602453,1
sel_99,993,1,1,582582,0.9670165141513114
sel_99,994,0,,602453,1
sel_99,995,0,,602453,1
sel_99,996,1,1,582582,0.9670165141513114
sel_99,997,0,,602453,1
sel_99,998,0,,602453,1
sel_99,999,0,,602453,1
