topology_code,method,workload,lsearch,repeat,stratum,workload_stratum_count,status,count,mean_recall,recall_zero,recall_below_0p9,recall_hist_0.0,recall_hist_0.1,recall_hist_0.2,recall_hist_0.3,recall_hist_0.4,recall_hist_0.5,recall_hist_0.6,recall_hist_0.7,recall_hist_0.8,recall_hist_0.9,recall_hist_1.0
L,l0_lng_entry_optimized_lng,sel_0p5,2000,1,"(0,0.5]",666,complete,666,0.9768768768768769,0,38,0,0,0,0,0,2,7,10,19,48,580
L,l0_lng_entry_optimized_lng,sel_0p5,2000,1,"(0.5,1]",216,complete,216,0.837037037037037,0,86,0,2,2,5,8,8,11,17,33,34,96
L,l0_lng_entry_optimized_lng,sel_0p5,2000,1,"(1,5]",118,complete,118,0.7237288135593221,3,64,3,2,3,7,10,5,9,12,13,22,32
L,l0_lng_entry_optimized_lng,sel_0p5,2000,1,"(5,10]",0,empty_stratum,0,,0,0,0,0,0,0,0,0,0,0,0,0,0
L,l0_lng_entry_optimized_lng,sel_0p5,2000,1,"(10,30]",0,empty_stratum,0,,0,0,0,0,0,0,0,0,0,0,0,0,0
L,l0_lng_entry_optimized_lng,sel_0p5,2000,1,"(30,60]",0,empty_stratum,0,,0,0,0,0,0,0,0,0,0,0,0,0,0
L,l0_lng_entry_optimized_lng,sel_0p5,2000,1,"(60,80]",0,empty_stratum,0,,0,0,0,0,0,0,0,0,0,0,0,0,0
L,l0_lng_entry_optimized_lng,sel_0p5,2000,1,"(80,95]",0,empty_stratum,0,,0,0,0,0,0,0,0,0,0,0,0,0,0
L,l0_lng_entry_optimized_lng,sel_0p5,2000,1,"(95,100]",0,empty_stratum,0,,0,0,0,0,0,0,0,0,0,0,0,0,0
L,l0_lng_entry_optimized_lng,sel_0p5,2000,2,"(0,0.5]",666,complete,666,0.9768768768768769,0,38,0,0,0,0,0,2,7,10,19,48,580
L,l0_lng_entry_optimized_lng,sel_0p5,2000,2,"(0.5,1]",216,complete,216,0.8384259259259259,0,86,0,2,2,4,8,8,11,18,33,35,95
L,l0_lng_entry_optimized_lng,sel_0p5,2000,2,"(1,5]",118,complete,118,0.7228813559322034,4,64,4,2,2,7,10,5,9,12,13,21,33
L,l0_lng_entry_optimized_lng,sel_0p5,2000,2,"(5,10]",0,empty_stratum,0,,0,0,0,0,0,0,0,0,0,0,0,0,0
L,l0_lng_entry_optimized_lng,sel_0p5,2000,2,"(10,30]",0,empty_stratum,0,,0,0,0,0,0,0,0,0,0,0,0,0,0
L,l0_lng_entry_optimized_lng,sel_0p5,2000,2,"(30,60]",0,empty_stratum,0,,0,0,0,0,0,0,0,0,0,0,0,0,0
L,l0_lng_entry_optimized_lng,sel_0p5,2000,2,"(60,80]",0,empty_stratum,0,,0,0,0,0,0,0,0,0,0,0,0,0,0
L,l0_lng_entry_optimized_lng,sel_0p5,2000,2,"(80,95]",0,empty_stratum,0,,0,0,0,0,0,0,0,0,0,0,0,0,0
L,l0_lng_entry_optimized_lng,sel_0p5,2000,2,"(95,100]",0,empty_stratum,0,,0,0,0,0,0,0,0,0,0,0,0,0,0
T,l0_trie_entry_trie,sel_0p5,1000,1,"(0,0.5]",666,complete,666,0.9716216216216216,0,39,0,1,0,0,3,2,5,8,20,68,559
T,l0_trie_entry_trie,sel_0p5,1000,1,"(0.5,1]",216,complete,216,0.9384259259259259,0,29,0,1,1,2,2,3,4,6,10,21,166
T,l0_trie_entry_trie,sel_0p5,1000,1,"(1,5]",118,complete,118,0.9322033898305084,0,19,0,0,1,0,1,2,4,5,6,13,86
T,l0_trie_entry_trie,sel_0p5,1000,1,"(5,10]",0,empty_stratum,0,,0,0,0,0,0,0,0,0,0,0,0,0,0
T,l0_trie_entry_trie,sel_0p5,1000,1,"(10,30]",0,empty_stratum,0,,0,0,0,0,0,0,0,0,0,0,0,0,0
T,l0_trie_entry_trie,sel_0p5,1000,1,"(30,60]",0,empty_stratum,0,,0,0,0,0,0,0,0,0,0,0,0,0,0
T,l0_trie_entry_trie,sel_0p5,1000,1,"(60,80]",0,empty_stratum,0,,0,0,0,0,0,0,0,0,0,0,0,0,0
T,l0_trie_entry_trie,sel_0p5,1000,1,"(80,95]",0,empty_stratum,0,,0,0,0,0,0,0,0,0,0,0,0,0,0
T,l0_trie_entry_trie,sel_0p5,1000,1,"(95,100]",0,empty_stratum,0,,0,0,0,0,0,0,0,0,0,0,0,0,0
T,l0_trie_entry_trie,sel_0p5,1000,2,"(0,0.5]",666,complete,666,0.972972972972973,0,35,0,1,0,0,2,2,4,10,16,71,560
T,l0_trie_entry_trie,sel_0p5,1000,2,"(0.5,1]",216,complete,216,0.9388888888888889,0,29,0,2,0,1,3,3,4,5,11,21,166
T,l0_trie_entry_trie,sel_0p5,1000,2,"(1,5]",118,complete,118,0.9330508474576271,0,19,0,0,0,0,2,3,4,4,6,12,87
T,l0_trie_entry_trie,sel_0p5,1000,2,"(5,10]",0,empty_stratum,0,,0,0,0,0,0,0,0,0,0,0,0,0,0
T,l0_trie_entry_trie,sel_0p5,1000,2,"(10,30]",0,empty_stratum,0,,0,0,0,0,0,0,0,0,0,0,0,0,0
T,l0_trie_entry_trie,sel_0p5,1000,2,"(30,60]",0,empty_stratum,0,,0,0,0,0,0,0,0,0,0,0,0,0,0
T,l0_trie_entry_trie,sel_0p5,1000,2,"(60,80]",0,empty_stratum,0,,0,0,0,0,0,0,0,0,0,0,0,0,0
T,l0_trie_entry_trie,sel_0p5,1000,2,"(80,95]",0,empty_stratum,0,,0,0,0,0,0,0,0,0,0,0,0,0,0
T,l0_trie_entry_trie,sel_0p5,1000,2,"(95,100]",0,empty_stratum,0,,0,0,0,0,0,0,0,0,0,0,0,0,0
LL,l1_t1024_lng_entry_optimized_lng,sel_0p5,,1,"(0,0.5]",666,no_crossing,,,,,,,,,,,,,,,
LL,l1_t1024_lng_entry_optimized_lng,sel_0p5,,1,"(0.5,1]",216,no_crossing,,,,,,,,,,,,,,,
LL,l1_t1024_lng_entry_optimized_lng,sel_0p5,,1,"(1,5]",118,no_crossing,,,,,,,,,,,,,,,
LL,l1_t1024_lng_entry_optimized_lng,sel_0p5,,1,"(5,10]",0,no_crossing,,,,,,,,,,,,,,,
LL,l1_t1024_lng_entry_optimized_lng,sel_0p5,,1,"(10,30]",0,no_crossing,,,,,,,,,,,,,,,
LL,l1_t1024_lng_entry_optimized_lng,sel_0p5,,1,"(30,60]",0,no_crossing,,,,,,,,,,,,,,,
LL,l1_t1024_lng_entry_optimized_lng,sel_0p5,,1,"(60,80]",0,no_crossing,,,,,,,,,,,,,,,
LL,l1_t1024_lng_entry_optimized_lng,sel_0p5,,1,"(80,95]",0,no_crossing,,,,,,,,,,,,,,,
LL,l1_t1024_lng_entry_optimized_lng,sel_0p5,,1,"(95,100]",0,no_crossing,,,,,,,,,,,,,,,
LL,l1_t1024_lng_entry_optimized_lng,sel_0p5,,2,"(0,0.5]",666,no_crossing,,,,,,,,,,,,,,,
LL,l1_t1024_lng_entry_optimized_lng,sel_0p5,,2,"(0.5,1]",216,no_crossing,,,,,,,,,,,,,,,
LL,l1_t1024_lng_entry_optimized_lng,sel_0p5,,2,"(1,5]",118,no_crossing,,,,,,,,,,,,,,,
LL,l1_t1024_lng_entry_optimized_lng,sel_0p5,,2,"(5,10]",0,no_crossing,,,,,,,,,,,,,,,
LL,l1_t1024_lng_entry_optimized_lng,sel_0p5,,2,"(10,30]",0,no_crossing,,,,,,,,,,,,,,,
LL,l1_t1024_lng_entry_optimized_lng,sel_0p5,,2,"(30,60]",0,no_crossing,,,,,,,,,,,,,,,
LL,l1_t1024_lng_entry_optimized_lng,sel_0p5,,2,"(60,80]",0,no_crossing,,,,,,,,,,,,,,,
LL,l1_t1024_lng_entry_optimized_lng,sel_0p5,,2,"(80,95]",0,no_crossing,,,,,,,,,,,,,,,
LL,l1_t1024_lng_entry_optimized_lng,sel_0p5,,2,"(95,100]",0,no_crossing,,,,,,,,,,,,,,,
LT,l1_t1024_trie_entry_optimized_lng,sel_0p5,,1,"(0,0.5]",666,no_crossing,,,,,,,,,,,,,,,
LT,l1_t1024_trie_entry_optimized_lng,sel_0p5,,1,"(0.5,1]",216,no_crossing,,,,,,,,,,,,,,,
LT,l1_t1024_trie_entry_optimized_lng,sel_0p5,,1,"(1,5]",118,no_crossing,,,,,,,,,,,,,,,
LT,l1_t1024_trie_entry_optimized_lng,sel_0p5,,1,"(5,10]",0,no_crossing,,,,,,,,,,,,,,,
LT,l1_t1024_trie_entry_optimized_lng,sel_0p5,,1,"(10,30]",0,no_crossing,,,,,,,,,,,,,,,
LT,l1_t1024_trie_entry_optimized_lng,sel_0p5,,1,"(30,60]",0,no_crossing,,,,,,,,,,,,,,,
LT,l1_t1024_trie_entry_optimized_lng,sel_0p5,,1,"(60,80]",0,no_crossing,,,,,,,,,,,,,,,
LT,l1_t1024_trie_entry_optimized_lng,sel_0p5,,1,"(80,95]",0,no_crossing,,,,,,,,,,,,,,,
LT,l1_t1024_trie_entry_optimized_lng,sel_0p5,,1,"(95,100]",0,no_crossing,,,,,,,,,,,,,,,
LT,l1_t1024_trie_entry_optimized_lng,sel_0p5,,2,"(0,0.5]",666,no_crossing,,,,,,,,,,,,,,,
LT,l1_t1024_trie_entry_optimized_lng,sel_0p5,,2,"(0.5,1]",216,no_crossing,,,,,,,,,,,,,,,
LT,l1_t1024_trie_entry_optimized_lng,sel_0p5,,2,"(1,5]",118,no_crossing,,,,,,,,,,,,,,,
LT,l1_t1024_trie_entry_optimized_lng,sel_0p5,,2,"(5,10]",0,no_crossing,,,,,,,,,,,,,,,
LT,l1_t1024_trie_entry_optimized_lng,sel_0p5,,2,"(10,30]",0,no_crossing,,,,,,,,,,,,,,,
LT,l1_t1024_trie_entry_optimized_lng,sel_0p5,,2,"(30,60]",0,no_crossing,,,,,,,,,,,,,,,
LT,l1_t1024_trie_entry_optimized_lng,sel_0p5,,2,"(60,80]",0,no_crossing,,,,,,,,,,,,,,,
LT,l1_t1024_trie_entry_optimized_lng,sel_0p5,,2,"(80,95]",0,no_crossing,,,,,,,,,,,,,,,
LT,l1_t1024_trie_entry_optimized_lng,sel_0p5,,2,"(95,100]",0,no_crossing,,,,,,,,,,,,,,,
TL,l1_base_trie_t1024_lng_entry_trie,sel_0p5,1000,1,"(0,0.5]",666,complete,666,0.9717717717717718,0,39,0,1,0,0,2,1,7,9,19,69,558
TL,l1_base_trie_t1024_lng_entry_trie,sel_0p5,1000,1,"(0.5,1]",216,complete,216,0.9388888888888889,0,29,0,1,1,0,3,4,4,7,9,22,165
TL,l1_base_trie_t1024_lng_entry_trie,sel_0p5,1000,1,"(1,5]",118,complete,118,0.9254237288135593,0,20,0,0,1,0,3,1,5,4,6,13,85
TL,l1_base_trie_t1024_lng_entry_trie,sel_0p5,1000,1,"(5,10]",0,empty_stratum,0,,0,0,0,0,0,0,0,0,0,0,0,0,0
TL,l1_base_trie_t1024_lng_entry_trie,sel_0p5,1000,1,"(10,30]",0,empty_stratum,0,,0,0,0,0,0,0,0,0,0,0,0,0,0
TL,l1_base_trie_t1024_lng_entry_trie,sel_0p5,1000,1,"(30,60]",0,empty_stratum,0,,0,0,0,0,0,0,0,0,0,0,0,0,0
TL,l1_base_trie_t1024_lng_entry_trie,sel_0p5,1000,1,"(60,80]",0,empty_stratum,0,,0,0,0,0,0,0,0,0,0,0,0,0,0
TL,l1_base_trie_t1024_lng_entry_trie,sel_0p5,1000,1,"(80,95]",0,empty_stratum,0,,0,0,0,0,0,0,0,0,0,0,0,0,0
TL,l1_base_trie_t1024_lng_entry_trie,sel_0p5,1000,1,"(95,100]",0,empty_stratum,0,,0,0,0,0,0,0,0,0,0,0,0,0,0
TL,l1_base_trie_t1024_lng_entry_trie,sel_0p5,1000,2,"(0,0.5]",666,complete,666,0.9717717717717718,0,39,0,1,0,0,2,1,7,9,19,69,558
TL,l1_base_trie_t1024_lng_entry_trie,sel_0p5,1000,2,"(0.5,1]",216,complete,216,0.9388888888888889,0,29,0,1,1,0,3,4,4,7,9,22,165
TL,l1_base_trie_t1024_lng_entry_trie,sel_0p5,1000,2,"(1,5]",118,complete,118,0.9254237288135593,0,20,0,0,1,0,3,1,5,4,6,13,85
TL,l1_base_trie_t1024_lng_entry_trie,sel_0p5,1000,2,"(5,10]",0,empty_stratum,0,,0,0,0,0,0,0,0,0,0,0,0,0,0
TL,l1_base_trie_t1024_lng_entry_trie,sel_0p5,1000,2,"(10,30]",0,empty_stratum,0,,0,0,0,0,0,0,0,0,0,0,0,0,0
TL,l1_base_trie_t1024_lng_entry_trie,sel_0p5,1000,2,"(30,60]",0,empty_stratum,0,,0,0,0,0,0,0,0,0,0,0,0,0,0
TL,l1_base_trie_t1024_lng_entry_trie,sel_0p5,1000,2,"(60,80]",0,empty_stratum,0,,0,0,0,0,0,0,0,0,0,0,0,0,0
TL,l1_base_trie_t1024_lng_entry_trie,sel_0p5,1000,2,"(80,95]",0,empty_stratum,0,,0,0,0,0,0,0,0,0,0,0,0,0,0
TL,l1_base_trie_t1024_lng_entry_trie,sel_0p5,1000,2,"(95,100]",0,empty_stratum,0,,0,0,0,0,0,0,0,0,0,0,0,0,0
TT,l1_base_trie_t1024_trie_entry_trie,sel_0p5,1000,1,"(0,0.5]",666,complete,666,0.9717717717717718,0,39,0,1,0,0,2,1,7,9,19,69,558
TT,l1_base_trie_t1024_trie_entry_trie,sel_0p5,1000,1,"(0.5,1]",216,complete,216,0.9388888888888889,0,29,0,1,1,0,3,4,4,7,9,22,165
TT,l1_base_trie_t1024_trie_entry_trie,sel_0p5,1000,1,"(1,5]",118,complete,118,0.9254237288135593,0,20,0,0,1,0,3,1,5,4,6,13,85
TT,l1_base_trie_t1024_trie_entry_trie,sel_0p5,1000,1,"(5,10]",0,empty_stratum,0,,0,0,0,0,0,0,0,0,0,0,0,0,0
TT,l1_base_trie_t1024_trie_entry_trie,sel_0p5,1000,1,"(10,30]",0,empty_stratum,0,,0,0,0,0,0,0,0,0,0,0,0,0,0
TT,l1_base_trie_t1024_trie_entry_trie,sel_0p5,1000,1,"(30,60]",0,empty_stratum,0,,0,0,0,0,0,0,0,0,0,0,0,0,0
TT,l1_base_trie_t1024_trie_entry_trie,sel_0p5,1000,1,"(60,80]",0,empty_stratum,0,,0,0,0,0,0,0,0,0,0,0,0,0,0
TT,l1_base_trie_t1024_trie_entry_trie,sel_0p5,1000,1,"(80,95]",0,empty_stratum,0,,0,0,0,0,0,0,0,0,0,0,0,0,0
TT,l1_base_trie_t1024_trie_entry_trie,sel_0p5,1000,1,"(95,100]",0,empty_stratum,0,,0,0,0,0,0,0,0,0,0,0,0,0,0
TT,l1_base_trie_t1024_trie_entry_trie,sel_0p5,1000,2,"(0,0.5]",666,complete,666,0.9717717717717718,0,39,0,1,0,0,2,1,7,9,19,69,558
TT,l1_base_trie_t1024_trie_entry_trie,sel_0p5,1000,2,"(0.5,1]",216,complete,216,0.9388888888888889,0,29,0,1,1,0,3,4,4,7,9,22,165
TT,l1_base_trie_t1024_trie_entry_trie,sel_0p5,1000,2,"(1,5]",118,complete,118,0.9254237288135593,0,20,0,0,1,0,3,1,5,4,6,13,85
TT,l1_base_trie_t1024_trie_entry_trie,sel_0p5,1000,2,"(5,10]",0,empty_stratum,0,,0,0,0,0,0,0,0,0,0,0,0,0,0
TT,l1_base_trie_t1024_trie_entry_trie,sel_0p5,1000,2,"(10,30]",0,empty_stratum,0,,0,0,0,0,0,0,0,0,0,0,0,0,0
TT,l1_base_trie_t1024_trie_entry_trie,sel_0p5,1000,2,"(30,60]",0,empty_stratum,0,,0,0,0,0,0,0,0,0,0,0,0,0,0
TT,l1_base_trie_t1024_trie_entry_trie,sel_0p5,1000,2,"(60,80]",0,empty_stratum,0,,0,0,0,0,0,0,0,0,0,0,0,0,0
TT,l1_base_trie_t1024_trie_entry_trie,sel_0p5,1000,2,"(80,95]",0,empty_stratum,0,,0,0,0,0,0,0,0,0,0,0,0,0,0
TT,l1_base_trie_t1024_trie_entry_trie,sel_0p5,1000,2,"(95,100]",0,empty_stratum,0,,0,0,0,0,0,0,0,0,0,0,0,0,0
LLL,l2_t1024_16384_ll_entry_optimized_lng,sel_0p5,,1,"(0,0.5]",666,no_crossing,,,,,,,,,,,,,,,
LLL,l2_t1024_16384_ll_entry_optimized_lng,sel_0p5,,1,"(0.5,1]",216,no_crossing,,,,,,,,,,,,,,,
LLL,l2_t1024_16384_ll_entry_optimized_lng,sel_0p5,,1,"(1,5]",118,no_crossing,,,,,,,,,,,,,,,
LLL,l2_t1024_16384_ll_entry_optimized_lng,sel_0p5,,1,"(5,10]",0,no_crossing,,,,,,,,,,,,,,,
LLL,l2_t1024_16384_ll_entry_optimized_lng,sel_0p5,,1,"(10,30]",0,no_crossing,,,,,,,,,,,,,,,
LLL,l2_t1024_16384_ll_entry_optimized_lng,sel_0p5,,1,"(30,60]",0,no_crossing,,,,,,,,,,,,,,,
LLL,l2_t1024_16384_ll_entry_optimized_lng,sel_0p5,,1,"(60,80]",0,no_crossing,,,,,,,,,,,,,,,
LLL,l2_t1024_16384_ll_entry_optimized_lng,sel_0p5,,1,"(80,95]",0,no_crossing,,,,,,,,,,,,,,,
LLL,l2_t1024_16384_ll_entry_optimized_lng,sel_0p5,,1,"(95,100]",0,no_crossing,,,,,,,,,,,,,,,
LLL,l2_t1024_16384_ll_entry_optimized_lng,sel_0p5,,2,"(0,0.5]",666,no_crossing,,,,,,,,,,,,,,,
LLL,l2_t1024_16384_ll_entry_optimized_lng,sel_0p5,,2,"(0.5,1]",216,no_crossing,,,,,,,,,,,,,,,
LLL,l2_t1024_16384_ll_entry_optimized_lng,sel_0p5,,2,"(1,5]",118,no_crossing,,,,,,,,,,,,,,,
LLL,l2_t1024_16384_ll_entry_optimized_lng,sel_0p5,,2,"(5,10]",0,no_crossing,,,,,,,,,,,,,,,
LLL,l2_t1024_16384_ll_entry_optimized_lng,sel_0p5,,2,"(10,30]",0,no_crossing,,,,,,,,,,,,,,,
LLL,l2_t1024_16384_ll_entry_optimized_lng,sel_0p5,,2,"(30,60]",0,no_crossing,,,,,,,,,,,,,,,
LLL,l2_t1024_16384_ll_entry_optimized_lng,sel_0p5,,2,"(60,80]",0,no_crossing,,,,,,,,,,,,,,,
LLL,l2_t1024_16384_ll_entry_optimized_lng,sel_0p5,,2,"(80,95]",0,no_crossing,,,,,,,,,,,,,,,
LLL,l2_t1024_16384_ll_entry_optimized_lng,sel_0p5,,2,"(95,100]",0,no_crossing,,,,,,,,,,,,,,,
LLT,l2_t1024_16384_lt_entry_optimized_lng,sel_0p5,,1,"(0,0.5]",666,no_crossing,,,,,,,,,,,,,,,
LLT,l2_t1024_16384_lt_entry_optimized_lng,sel_0p5,,1,"(0.5,1]",216,no_crossing,,,,,,,,,,,,,,,
LLT,l2_t1024_16384_lt_entry_optimized_lng,sel_0p5,,1,"(1,5]",118,no_crossing,,,,,,,,,,,,,,,
LLT,l2_t1024_16384_lt_entry_optimized_lng,sel_0p5,,1,"(5,10]",0,no_crossing,,,,,,,,,,,,,,,
LLT,l2_t1024_16384_lt_entry_optimized_lng,sel_0p5,,1,"(10,30]",0,no_crossing,,,,,,,,,,,,,,,
LLT,l2_t1024_16384_lt_entry_optimized_lng,sel_0p5,,1,"(30,60]",0,no_crossing,,,,,,,,,,,,,,,
LLT,l2_t1024_16384_lt_entry_optimized_lng,sel_0p5,,1,"(60,80]",0,no_crossing,,,,,,,,,,,,,,,
LLT,l2_t1024_16384_lt_entry_optimized_lng,sel_0p5,,1,"(80,95]",0,no_crossing,,,,,,,,,,,,,,,
LLT,l2_t1024_16384_lt_entry_optimized_lng,sel_0p5,,1,"(95,100]",0,no_crossing,,,,,,,,,,,,,,,
LLT,l2_t1024_16384_lt_entry_optimized_lng,sel_0p5,,2,"(0,0.5]",666,no_crossing,,,,,,,,,,,,,,,
LLT,l2_t1024_16384_lt_entry_optimized_lng,sel_0p5,,2,"(0.5,1]",216,no_crossing,,,,,,,,,,,,,,,
LLT,l2_t1024_16384_lt_entry_optimized_lng,sel_0p5,,2,"(1,5]",118,no_crossing,,,,,,,,,,,,,,,
LLT,l2_t1024_16384_lt_entry_optimized_lng,sel_0p5,,2,"(5,10]",0,no_crossing,,,,,,,,,,,,,,,
LLT,l2_t1024_16384_lt_entry_optimized_lng,sel_0p5,,2,"(10,30]",0,no_crossing,,,,,,,,,,,,,,,
LLT,l2_t1024_16384_lt_entry_optimized_lng,sel_0p5,,2,"(30,60]",0,no_crossing,,,,,,,,,,,,,,,
LLT,l2_t1024_16384_lt_entry_optimized_lng,sel_0p5,,2,"(60,80]",0,no_crossing,,,,,,,,,,,,,,,
LLT,l2_t1024_16384_lt_entry_optimized_lng,sel_0p5,,2,"(80,95]",0,no_crossing,,,,,,,,,,,,,,,
LLT,l2_t1024_16384_lt_entry_optimized_lng,sel_0p5,,2,"(95,100]",0,no_crossing,,,,,,,,,,,,,,,
LTL,l2_t1024_16384_tl_entry_optimized_lng,sel_0p5,,1,"(0,0.5]",666,no_crossing,,,,,,,,,,,,,,,
LTL,l2_t1024_16384_tl_entry_optimized_lng,sel_0p5,,1,"(0.5,1]",216,no_crossing,,,,,,,,,,,,,,,
LTL,l2_t1024_16384_tl_entry_optimized_lng,sel_0p5,,1,"(1,5]",118,no_crossing,,,,,,,,,,,,,,,
LTL,l2_t1024_16384_tl_entry_optimized_lng,sel_0p5,,1,"(5,10]",0,no_crossing,,,,,,,,,,,,,,,
LTL,l2_t1024_16384_tl_entry_optimized_lng,sel_0p5,,1,"(10,30]",0,no_crossing,,,,,,,,,,,,,,,
LTL,l2_t1024_16384_tl_entry_optimized_lng,sel_0p5,,1,"(30,60]",0,no_crossing,,,,,,,,,,,,,,,
LTL,l2_t1024_16384_tl_entry_optimized_lng,sel_0p5,,1,"(60,80]",0,no_crossing,,,,,,,,,,,,,,,
LTL,l2_t1024_16384_tl_entry_optimized_lng,sel_0p5,,1,"(80,95]",0,no_crossing,,,,,,,,,,,,,,,
LTL,l2_t1024_16384_tl_entry_optimized_lng,sel_0p5,,1,"(95,100]",0,no_crossing,,,,,,,,,,,,,,,
LTL,l2_t1024_16384_tl_entry_optimized_lng,sel_0p5,,2,"(0,0.5]",666,no_crossing,,,,,,,,,,,,,,,
LTL,l2_t1024_16384_tl_entry_optimized_lng,sel_0p5,,2,"(0.5,1]",216,no_crossing,,,,,,,,,,,,,,,
LTL,l2_t1024_16384_tl_entry_optimized_lng,sel_0p5,,2,"(1,5]",118,no_crossing,,,,,,,,,,,,,,,
LTL,l2_t1024_16384_tl_entry_optimized_lng,sel_0p5,,2,"(5,10]",0,no_crossing,,,,,,,,,,,,,,,
LTL,l2_t1024_16384_tl_entry_optimized_lng,sel_0p5,,2,"(10,30]",0,no_crossing,,,,,,,,,,,,,,,
LTL,l2_t1024_16384_tl_entry_optimized_lng,sel_0p5,,2,"(30,60]",0,no_crossing,,,,,,,,,,,,,,,
LTL,l2_t1024_16384_tl_entry_optimized_lng,sel_0p5,,2,"(60,80]",0,no_crossing,,,,,,,,,,,,,,,
LTL,l2_t1024_16384_tl_entry_optimized_lng,sel_0p5,,2,"(80,95]",0,no_crossing,,,,,,,,,,,,,,,
LTL,l2_t1024_16384_tl_entry_optimized_lng,sel_0p5,,2,"(95,100]",0,no_crossing,,,,,,,,,,,,,,,
LTT,l2_t1024_16384_tt_entry_optimized_lng,sel_0p5,,1,"(0,0.5]",666,no_crossing,,,,,,,,,,,,,,,
LTT,l2_t1024_16384_tt_entry_optimized_lng,sel_0p5,,1,"(0.5,1]",216,no_crossing,,,,,,,,,,,,,,,
LTT,l2_t1024_16384_tt_entry_optimized_lng,sel_0p5,,1,"(1,5]",118,no_crossing,,,,,,,,,,,,,,,
LTT,l2_t1024_16384_tt_entry_optimized_lng,sel_0p5,,1,"(5,10]",0,no_crossing,,,,,,,,,,,,,,,
LTT,l2_t1024_16384_tt_entry_optimized_lng,sel_0p5,,1,"(10,30]",0,no_crossing,,,,,,,,,,,,,,,
LTT,l2_t1024_16384_tt_entry_optimized_lng,sel_0p5,,1,"(30,60]",0,no_crossing,,,,,,,,,,,,,,,
LTT,l2_t1024_16384_tt_entry_optimized_lng,sel_0p5,,1,"(60,80]",0,no_crossing,,,,,,,,,,,,,,,
LTT,l2_t1024_16384_tt_entry_optimized_lng,sel_0p5,,1,"(80,95]",0,no_crossing,,,,,,,,,,,,,,,
LTT,l2_t1024_16384_tt_entry_optimized_lng,sel_0p5,,1,"(95,100]",0,no_crossing,,,,,,,,,,,,,,,
LTT,l2_t1024_16384_tt_entry_optimized_lng,sel_0p5,,2,"(0,0.5]",666,no_crossing,,,,,,,,,,,,,,,
LTT,l2_t1024_16384_tt_entry_optimized_lng,sel_0p5,,2,"(0.5,1]",216,no_crossing,,,,,,,,,,,,,,,
LTT,l2_t1024_16384_tt_entry_optimized_lng,sel_0p5,,2,"(1,5]",118,no_crossing,,,,,,,,,,,,,,,
LTT,l2_t1024_16384_tt_entry_optimized_lng,sel_0p5,,2,"(5,10]",0,no_crossing,,,,,,,,,,,,,,,
LTT,l2_t1024_16384_tt_entry_optimized_lng,sel_0p5,,2,"(10,30]",0,no_crossing,,,,,,,,,,,,,,,
LTT,l2_t1024_16384_tt_entry_optimized_lng,sel_0p5,,2,"(30,60]",0,no_crossing,,,,,,,,,,,,,,,
LTT,l2_t1024_16384_tt_entry_optimized_lng,sel_0p5,,2,"(60,80]",0,no_crossing,,,,,,,,,,,,,,,
LTT,l2_t1024_16384_tt_entry_optimized_lng,sel_0p5,,2,"(80,95]",0,no_crossing,,,,,,,,,,,,,,,
LTT,l2_t1024_16384_tt_entry_optimized_lng,sel_0p5,,2,"(95,100]",0,no_crossing,,,,,,,,,,,,,,,
TLL,l2_base_trie_t1024_16384_ll_entry_trie,sel_0p5,1000,1,"(0,0.5]",666,complete,666,0.9717717717717718,0,39,0,1,0,0,2,1,7,9,19,69,558
TLL,l2_base_trie_t1024_16384_ll_entry_trie,sel_0p5,1000,1,"(0.5,1]",216,complete,216,0.9388888888888889,0,29,0,1,1,0,3,4,4,7,9,22,165
TLL,l2_base_trie_t1024_16384_ll_entry_trie,sel_0p5,1000,1,"(1,5]",118,complete,118,0.9254237288135593,0,20,0,0,1,0,3,1,5,4,6,13,85
TLL,l2_base_trie_t1024_16384_ll_entry_trie,sel_0p5,1000,1,"(5,10]",0,empty_stratum,0,,0,0,0,0,0,0,0,0,0,0,0,0,0
TLL,l2_base_trie_t1024_16384_ll_entry_trie,sel_0p5,1000,1,"(10,30]",0,empty_stratum,0,,0,0,0,0,0,0,0,0,0,0,0,0,0
TLL,l2_base_trie_t1024_16384_ll_entry_trie,sel_0p5,1000,1,"(30,60]",0,empty_stratum,0,,0,0,0,0,0,0,0,0,0,0,0,0,0
TLL,l2_base_trie_t1024_16384_ll_entry_trie,sel_0p5,1000,1,"(60,80]",0,empty_stratum,0,,0,0,0,0,0,0,0,0,0,0,0,0,0
TLL,l2_base_trie_t1024_16384_ll_entry_trie,sel_0p5,1000,1,"(80,95]",0,empty_stratum,0,,0,0,0,0,0,0,0,0,0,0,0,0,0
TLL,l2_base_trie_t1024_16384_ll_entry_trie,sel_0p5,1000,1,"(95,100]",0,empty_stratum,0,,0,0,0,0,0,0,0,0,0,0,0,0,0
TLL,l2_base_trie_t1024_16384_ll_entry_trie,sel_0p5,1000,2,"(0,0.5]",666,complete,666,0.9717717717717718,0,39,0,1,0,0,2,1,7,9,19,69,558
TLL,l2_base_trie_t1024_16384_ll_entry_trie,sel_0p5,1000,2,"(0.5,1]",216,complete,216,0.9388888888888889,0,29,0,1,1,0,3,4,4,7,9,22,165
TLL,l2_base_trie_t1024_16384_ll_entry_trie,sel_0p5,1000,2,"(1,5]",118,complete,118,0.9254237288135593,0,20,0,0,1,0,3,1,5,4,6,13,85
TLL,l2_base_trie_t1024_16384_ll_entry_trie,sel_0p5,1000,2,"(5,10]",0,empty_stratum,0,,0,0,0,0,0,0,0,0,0,0,0,0,0
TLL,l2_base_trie_t1024_16384_ll_entry_trie,sel_0p5,1000,2,"(10,30]",0,empty_stratum,0,,0,0,0,0,0,0,0,0,0,0,0,0,0
TLL,l2_base_trie_t1024_16384_ll_entry_trie,sel_0p5,1000,2,"(30,60]",0,empty_stratum,0,,0,0,0,0,0,0,0,0,0,0,0,0,0
TLL,l2_base_trie_t1024_16384_ll_entry_trie,sel_0p5,1000,2,"(60,80]",0,empty_stratum,0,,0,0,0,0,0,0,0,0,0,0,0,0,0
TLL,l2_base_trie_t1024_16384_ll_entry_trie,sel_0p5,1000,2,"(80,95]",0,empty_stratum,0,,0,0,0,0,0,0,0,0,0,0,0,0,0
TLL,l2_base_trie_t1024_16384_ll_entry_trie,sel_0p5,1000,2,"(95,100]",0,empty_stratum,0,,0,0,0,0,0,0,0,0,0,0,0,0,0
TLT,l2_base_trie_t1024_16384_lt_entry_trie,sel_0p5,1000,1,"(0,0.5]",666,complete,666,0.9717717717717718,0,39,0,1,0,0,2,1,7,9,19,69,558
TLT,l2_base_trie_t1024_16384_lt_entry_trie,sel_0p5,1000,1,"(0.5,1]",216,complete,216,0.9388888888888889,0,29,0,1,1,0,3,4,4,7,9,22,165
TLT,l2_base_trie_t1024_16384_lt_entry_trie,sel_0p5,1000,1,"(1,5]",118,complete,118,0.9254237288135593,0,20,0,0,1,0,3,1,5,4,6,13,85
TLT,l2_base_trie_t1024_16384_lt_entry_trie,sel_0p5,1000,1,"(5,10]",0,empty_stratum,0,,0,0,0,0,0,0,0,0,0,0,0,0,0
TLT,l2_base_trie_t1024_16384_lt_entry_trie,sel_0p5,1000,1,"(10,30]",0,empty_stratum,0,,0,0,0,0,0,0,0,0,0,0,0,0,0
TLT,l2_base_trie_t1024_16384_lt_entry_trie,sel_0p5,1000,1,"(30,60]",0,empty_stratum,0,,0,0,0,0,0,0,0,0,0,0,0,0,0
TLT,l2_base_trie_t1024_16384_lt_entry_trie,sel_0p5,1000,1,"(60,80]",0,empty_stratum,0,,0,0,0,0,0,0,0,0,0,0,0,0,0
TLT,l2_base_trie_t1024_16384_lt_entry_trie,sel_0p5,1000,1,"(80,95]",0,empty_stratum,0,,0,0,0,0,0,0,0,0,0,0,0,0,0
TLT,l2_base_trie_t1024_16384_lt_entry_trie,sel_0p5,1000,1,"(95,100]",0,empty_stratum,0,,0,0,0,0,0,0,0,0,0,0,0,0,0
TLT,l2_base_trie_t1024_16384_lt_entry_trie,sel_0p5,1000,2,"(0,0.5]",666,complete,666,0.9717717717717718,0,39,0,1,0,0,2,1,7,9,19,69,558
TLT,l2_base_trie_t1024_16384_lt_entry_trie,sel_0p5,1000,2,"(0.5,1]",216,complete,216,0.9388888888888889,0,29,0,1,1,0,3,4,4,7,9,22,165
TLT,l2_base_trie_t1024_16384_lt_entry_trie,sel_0p5,1000,2,"(1,5]",118,complete,118,0.9254237288135593,0,20,0,0,1,0,3,1,5,4,6,13,85
TLT,l2_base_trie_t1024_16384_lt_entry_trie,sel_0p5,1000,2,"(5,10]",0,empty_stratum,0,,0,0,0,0,0,0,0,0,0,0,0,0,0
TLT,l2_base_trie_t1024_16384_lt_entry_trie,sel_0p5,1000,2,"(10,30]",0,empty_stratum,0,,0,0,0,0,0,0,0,0,0,0,0,0,0
TLT,l2_base_trie_t1024_16384_lt_entry_trie,sel_0p5,1000,2,"(30,60]",0,empty_stratum,0,,0,0,0,0,0,0,0,0,0,0,0,0,0
TLT,l2_base_trie_t1024_16384_lt_entry_trie,sel_0p5,1000,2,"(60,80]",0,empty_stratum,0,,0,0,0,0,0,0,0,0,0,0,0,0,0
TLT,l2_base_trie_t1024_16384_lt_entry_trie,sel_0p5,1000,2,"(80,95]",0,empty_stratum,0,,0,0,0,0,0,0,0,0,0,0,0,0,0
TLT,l2_base_trie_t1024_16384_lt_entry_trie,sel_0p5,1000,2,"(95,100]",0,empty_stratum,0,,0,0,0,0,0,0,0,0,0,0,0,0,0
TTL,l2_base_trie_t1024_16384_tl_entry_trie,sel_0p5,1000,1,"(0,0.5]",666,complete,666,0.9717717717717718,0,39,0,1,0,0,2,1,7,9,19,69,558
TTL,l2_base_trie_t1024_16384_tl_entry_trie,sel_0p5,1000,1,"(0.5,1]",216,complete,216,0.9388888888888889,0,29,0,1,1,0,3,4,4,7,9,22,165
TTL,l2_base_trie_t1024_16384_tl_entry_trie,sel_0p5,1000,1,"(1,5]",118,complete,118,0.9254237288135593,0,20,0,0,1,0,3,1,5,4,6,13,85
TTL,l2_base_trie_t1024_16384_tl_entry_trie,sel_0p5,1000,1,"(5,10]",0,empty_stratum,0,,0,0,0,0,0,0,0,0,0,0,0,0,0
TTL,l2_base_trie_t1024_16384_tl_entry_trie,sel_0p5,1000,1,"(10,30]",0,empty_stratum,0,,0,0,0,0,0,0,0,0,0,0,0,0,0
TTL,l2_base_trie_t1024_16384_tl_entry_trie,sel_0p5,1000,1,"(30,60]",0,empty_stratum,0,,0,0,0,0,0,0,0,0,0,0,0,0,0
TTL,l2_base_trie_t1024_16384_tl_entry_trie,sel_0p5,1000,1,"(60,80]",0,empty_stratum,0,,0,0,0,0,0,0,0,0,0,0,0,0,0
TTL,l2_base_trie_t1024_16384_tl_entry_trie,sel_0p5,1000,1,"(80,95]",0,empty_stratum,0,,0,0,0,0,0,0,0,0,0,0,0,0,0
TTL,l2_base_trie_t1024_16384_tl_entry_trie,sel_0p5,1000,1,"(95,100]",0,empty_stratum,0,,0,0,0,0,0,0,0,0,0,0,0,0,0
TTL,l2_base_trie_t1024_16384_tl_entry_trie,sel_0p5,1000,2,"(0,0.5]",666,complete,666,0.9717717717717718,0,39,0,1,0,0,2,1,7,9,19,69,558
TTL,l2_base_trie_t1024_16384_tl_entry_trie,sel_0p5,1000,2,"(0.5,1]",216,complete,216,0.9388888888888889,0,29,0,1,1,0,3,4,4,7,9,22,165
TTL,l2_base_trie_t1024_16384_tl_entry_trie,sel_0p5,1000,2,"(1,5]",118,complete,118,0.9254237288135593,0,20,0,0,1,0,3,1,5,4,6,13,85
TTL,l2_base_trie_t1024_16384_tl_entry_trie,sel_0p5,1000,2,"(5,10]",0,empty_stratum,0,,0,0,0,0,0,0,0,0,0,0,0,0,0
TTL,l2_base_trie_t1024_16384_tl_entry_trie,sel_0p5,1000,2,"(10,30]",0,empty_stratum,0,,0,0,0,0,0,0,0,0,0,0,0,0,0
TTL,l2_base_trie_t1024_16384_tl_entry_trie,sel_0p5,1000,2,"(30,60]",0,empty_stratum,0,,0,0,0,0,0,0,0,0,0,0,0,0,0
TTL,l2_base_trie_t1024_16384_tl_entry_trie,sel_0p5,1000,2,"(60,80]",0,empty_stratum,0,,0,0,0,0,0,0,0,0,0,0,0,0,0
TTL,l2_base_trie_t1024_16384_tl_entry_trie,sel_0p5,1000,2,"(80,95]",0,empty_stratum,0,,0,0,0,0,0,0,0,0,0,0,0,0,0
TTL,l2_base_trie_t1024_16384_tl_entry_trie,sel_0p5,1000,2,"(95,100]",0,empty_stratum,0,,0,0,0,0,0,0,0,0,0,0,0,0,0
TTT,l2_base_trie_t1024_16384_tt_entry_trie,sel_0p5,1000,1,"(0,0.5]",666,complete,666,0.9717717717717718,0,39,0,1,0,0,2,1,7,9,19,69,558
TTT,l2_base_trie_t1024_16384_tt_entry_trie,sel_0p5,1000,1,"(0.5,1]",216,complete,216,0.9388888888888889,0,29,0,1,1,0,3,4,4,7,9,22,165
TTT,l2_base_trie_t1024_16384_tt_entry_trie,sel_0p5,1000,1,"(1,5]",118,complete,118,0.9254237288135593,0,20,0,0,1,0,3,1,5,4,6,13,85
TTT,l2_base_trie_t1024_16384_tt_entry_trie,sel_0p5,1000,1,"(5,10]",0,empty_stratum,0,,0,0,0,0,0,0,0,0,0,0,0,0,0
TTT,l2_base_trie_t1024_16384_tt_entry_trie,sel_0p5,1000,1,"(10,30]",0,empty_stratum,0,,0,0,0,0,0,0,0,0,0,0,0,0,0
TTT,l2_base_trie_t1024_16384_tt_entry_trie,sel_0p5,1000,1,"(30,60]",0,empty_stratum,0,,0,0,0,0,0,0,0,0,0,0,0,0,0
TTT,l2_base_trie_t1024_16384_tt_entry_trie,sel_0p5,1000,1,"(60,80]",0,empty_stratum,0,,0,0,0,0,0,0,0,0,0,0,0,0,0
TTT,l2_base_trie_t1024_16384_tt_entry_trie,sel_0p5,1000,1,"(80,95]",0,empty_stratum,0,,0,0,0,0,0,0,0,0,0,0,0,0,0
TTT,l2_base_trie_t1024_16384_tt_entry_trie,sel_0p5,1000,1,"(95,100]",0,empty_stratum,0,,0,0,0,0,0,0,0,0,0,0,0,0,0
TTT,l2_base_trie_t1024_16384_tt_entry_trie,sel_0p5,1000,2,"(0,0.5]",666,complete,666,0.9717717717717718,0,39,0,1,0,0,2,1,7,9,19,69,558
TTT,l2_base_trie_t1024_16384_tt_entry_trie,sel_0p5,1000,2,"(0.5,1]",216,complete,216,0.9388888888888889,0,29,0,1,1,0,3,4,4,7,9,22,165
TTT,l2_base_trie_t1024_16384_tt_entry_trie,sel_0p5,1000,2,"(1,5]",118,complete,118,0.9254237288135593,0,20,0,0,1,0,3,1,5,4,6,13,85
TTT,l2_base_trie_t1024_16384_tt_entry_trie,sel_0p5,1000,2,"(5,10]",0,empty_stratum,0,,0,0,0,0,0,0,0,0,0,0,0,0,0
TTT,l2_base_trie_t1024_16384_tt_entry_trie,sel_0p5,1000,2,"(10,30]",0,empty_stratum,0,,0,0,0,0,0,0,0,0,0,0,0,0,0
TTT,l2_base_trie_t1024_16384_tt_entry_trie,sel_0p5,1000,2,"(30,60]",0,empty_stratum,0,,0,0,0,0,0,0,0,0,0,0,0,0,0
TTT,l2_base_trie_t1024_16384_tt_entry_trie,sel_0p5,1000,2,"(60,80]",0,empty_stratum,0,,0,0,0,0,0,0,0,0,0,0,0,0,0
TTT,l2_base_trie_t1024_16384_tt_entry_trie,sel_0p5,1000,2,"(80,95]",0,empty_stratum,0,,0,0,0,0,0,0,0,0,0,0,0,0,0
TTT,l2_base_trie_t1024_16384_tt_entry_trie,sel_0p5,1000,2,"(95,100]",0,empty_stratum,0,,0,0,0,0,0,0,0,0,0,0,0,0,0
L,l0_lng_entry_optimized_lng,sel_1,2200,1,"(0,0.5]",578,complete,578,0.986159169550173,0,20,0,0,0,0,0,1,3,6,10,25,533
L,l0_lng_entry_optimized_lng,sel_1,2200,1,"(0.5,1]",215,complete,215,0.8967441860465116,0,54,0,2,2,2,0,5,6,17,20,34,127
L,l0_lng_entry_optimized_lng,sel_1,2200,1,"(1,5]",207,complete,207,0.7140096618357488,4,109,4,8,10,9,11,9,25,19,14,41,57
L,l0_lng_entry_optimized_lng,sel_1,2200,1,"(5,10]",0,empty_stratum,0,,0,0,0,0,0,0,0,0,0,0,0,0,0
L,l0_lng_entry_optimized_lng,sel_1,2200,1,"(10,30]",0,empty_stratum,0,,0,0,0,0,0,0,0,0,0,0,0,0,0
L,l0_lng_entry_optimized_lng,sel_1,2200,1,"(30,60]",0,empty_stratum,0,,0,0,0,0,0,0,0,0,0,0,0,0,0
L,l0_lng_entry_optimized_lng,sel_1,2200,1,"(60,80]",0,empty_stratum,0,,0,0,0,0,0,0,0,0,0,0,0,0,0
L,l0_lng_entry_optimized_lng,sel_1,2200,1,"(80,95]",0,empty_stratum,0,,0,0,0,0,0,0,0,0,0,0,0,0,0
L,l0_lng_entry_optimized_lng,sel_1,2200,1,"(95,100]",0,empty_stratum,0,,0,0,0,0,0,0,0,0,0,0,0,0,0
L,l0_lng_entry_optimized_lng,sel_1,2200,2,"(0,0.5]",578,complete,578,0.986159169550173,0,20,0,0,0,0,0,1,3,6,10,25,533
L,l0_lng_entry_optimized_lng,sel_1,2200,2,"(0.5,1]",215,complete,215,0.8944186046511627,0,55,0,2,2,3,0,5,6,17,20,32,128
L,l0_lng_entry_optimized_lng,sel_1,2200,2,"(1,5]",207,complete,207,0.717391304347826,4,109,4,7,10,9,11,9,25,20,14,40,58
L,l0_lng_entry_optimized_lng,sel_1,2200,2,"(5,10]",0,empty_stratum,0,,0,0,0,0,0,0,0,0,0,0,0,0,0
L,l0_lng_entry_optimized_lng,sel_1,2200,2,"(10,30]",0,empty_stratum,0,,0,0,0,0,0,0,0,0,0,0,0,0,0
L,l0_lng_entry_optimized_lng,sel_1,2200,2,"(30,60]",0,empty_stratum,0,,0,0,0,0,0,0,0,0,0,0,0,0,0
L,l0_lng_entry_optimized_lng,sel_1,2200,2,"(60,80]",0,empty_stratum,0,,0,0,0,0,0,0,0,0,0,0,0,0,0
L,l0_lng_entry_optimized_lng,sel_1,2200,2,"(80,95]",0,empty_stratum,0,,0,0,0,0,0,0,0,0,0,0,0,0,0
L,l0_lng_entry_optimized_lng,sel_1,2200,2,"(95,100]",0,empty_stratum,0,,0,0,0,0,0,0,0,0,0,0,0,0,0
T,l0_trie_entry_trie,sel_1,1200,1,"(0,0.5]",578,complete,578,0.9801038062283737,0,26,0,0,0,0,1,1,2,5,17,47,505
T,l0_trie_entry_trie,sel_1,1200,1,"(0.5,1]",215,complete,215,0.967906976744186,0,16,0,0,1,0,0,1,1,3,10,23,176
T,l0_trie_entry_trie,sel_1,1200,1,"(1,5]",207,complete,207,0.8285024154589372,3,66,3,4,7,5,3,12,5,9,18,37,104
T,l0_trie_entry_trie,sel_1,1200,1,"(5,10]",0,empty_stratum,0,,0,0,0,0,0,0,0,0,0,0,0,0,0
T,l0_trie_entry_trie,sel_1,1200,1,"(10,30]",0,empty_stratum,0,,0,0,0,0,0,0,0,0,0,0,0,0,0
T,l0_trie_entry_trie,sel_1,1200,1,"(30,60]",0,empty_stratum,0,,0,0,0,0,0,0,0,0,0,0,0,0,0
T,l0_trie_entry_trie,sel_1,1200,1,"(60,80]",0,empty_stratum,0,,0,0,0,0,0,0,0,0,0,0,0,0,0
T,l0_trie_entry_trie,sel_1,1200,1,"(80,95]",0,empty_stratum,0,,0,0,0,0,0,0,0,0,0,0,0,0,0
T,l0_trie_entry_trie,sel_1,1200,1,"(95,100]",0,empty_stratum,0,,0,0,0,0,0,0,0,0,0,0,0,0,0
T,l0_trie_entry_trie,sel_1,1200,2,"(0,0.5]",578,complete,578,0.9804498269896194,0,25,0,0,0,0,1,1,3,4,16,46,507
T,l0_trie_entry_trie,sel_1,1200,2,"(0.5,1]",215,complete,215,0.967906976744186,0,15,0,0,1,0,0,1,1,3,9,25,175
T,l0_trie_entry_trie,sel_1,1200,2,"(1,5]",207,complete,207,0.8270531400966183,3,66,3,4,7,6,4,11,4,8,19,37,104
T,l0_trie_entry_trie,sel_1,1200,2,"(5,10]",0,empty_stratum,0,,0,0,0,0,0,0,0,0,0,0,0,0,0
T,l0_trie_entry_trie,sel_1,1200,2,"(10,30]",0,empty_stratum,0,,0,0,0,0,0,0,0,0,0,0,0,0,0
T,l0_trie_entry_trie,sel_1,1200,2,"(30,60]",0,empty_stratum,0,,0,0,0,0,0,0,0,0,0,0,0,0,0
T,l0_trie_entry_trie,sel_1,1200,2,"(60,80]",0,empty_stratum,0,,0,0,0,0,0,0,0,0,0,0,0,0,0
T,l0_trie_entry_trie,sel_1,1200,2,"(80,95]",0,empty_stratum,0,,0,0,0,0,0,0,0,0,0,0,0,0,0
T,l0_trie_entry_trie,sel_1,1200,2,"(95,100]",0,empty_stratum,0,,0,0,0,0,0,0,0,0,0,0,0,0,0
LL,l1_t1024_lng_entry_optimized_lng,sel_1,,1,"(0,0.5]",578,no_crossing,,,,,,,,,,,,,,,
LL,l1_t1024_lng_entry_optimized_lng,sel_1,,1,"(0.5,1]",215,no_crossing,,,,,,,,,,,,,,,
LL,l1_t1024_lng_entry_optimized_lng,sel_1,,1,"(1,5]",207,no_crossing,,,,,,,,,,,,,,,
LL,l1_t1024_lng_entry_optimized_lng,sel_1,,1,"(5,10]",0,no_crossing,,,,,,,,,,,,,,,
LL,l1_t1024_lng_entry_optimized_lng,sel_1,,1,"(10,30]",0,no_crossing,,,,,,,,,,,,,,,
LL,l1_t1024_lng_entry_optimized_lng,sel_1,,1,"(30,60]",0,no_crossing,,,,,,,,,,,,,,,
LL,l1_t1024_lng_entry_optimized_lng,sel_1,,1,"(60,80]",0,no_crossing,,,,,,,,,,,,,,,
LL,l1_t1024_lng_entry_optimized_lng,sel_1,,1,"(80,95]",0,no_crossing,,,,,,,,,,,,,,,
LL,l1_t1024_lng_entry_optimized_lng,sel_1,,1,"(95,100]",0,no_crossing,,,,,,,,,,,,,,,
LL,l1_t1024_lng_entry_optimized_lng,sel_1,,2,"(0,0.5]",578,no_crossing,,,,,,,,,,,,,,,
LL,l1_t1024_lng_entry_optimized_lng,sel_1,,2,"(0.5,1]",215,no_crossing,,,,,,,,,,,,,,,
LL,l1_t1024_lng_entry_optimized_lng,sel_1,,2,"(1,5]",207,no_crossing,,,,,,,,,,,,,,,
LL,l1_t1024_lng_entry_optimized_lng,sel_1,,2,"(5,10]",0,no_crossing,,,,,,,,,,,,,,,
LL,l1_t1024_lng_entry_optimized_lng,sel_1,,2,"(10,30]",0,no_crossing,,,,,,,,,,,,,,,
LL,l1_t1024_lng_entry_optimized_lng,sel_1,,2,"(30,60]",0,no_crossing,,,,,,,,,,,,,,,
LL,l1_t1024_lng_entry_optimized_lng,sel_1,,2,"(60,80]",0,no_crossing,,,,,,,,,,,,,,,
LL,l1_t1024_lng_entry_optimized_lng,sel_1,,2,"(80,95]",0,no_crossing,,,,,,,,,,,,,,,
LL,l1_t1024_lng_entry_optimized_lng,sel_1,,2,"(95,100]",0,no_crossing,,,,,,,,,,,,,,,
LT,l1_t1024_trie_entry_optimized_lng,sel_1,,1,"(0,0.5]",578,no_crossing,,,,,,,,,,,,,,,
LT,l1_t1024_trie_entry_optimized_lng,sel_1,,1,"(0.5,1]",215,no_crossing,,,,,,,,,,,,,,,
LT,l1_t1024_trie_entry_optimized_lng,sel_1,,1,"(1,5]",207,no_crossing,,,,,,,,,,,,,,,
LT,l1_t1024_trie_entry_optimized_lng,sel_1,,1,"(5,10]",0,no_crossing,,,,,,,,,,,,,,,
LT,l1_t1024_trie_entry_optimized_lng,sel_1,,1,"(10,30]",0,no_crossing,,,,,,,,,,,,,,,
LT,l1_t1024_trie_entry_optimized_lng,sel_1,,1,"(30,60]",0,no_crossing,,,,,,,,,,,,,,,
LT,l1_t1024_trie_entry_optimized_lng,sel_1,,1,"(60,80]",0,no_crossing,,,,,,,,,,,,,,,
LT,l1_t1024_trie_entry_optimized_lng,sel_1,,1,"(80,95]",0,no_crossing,,,,,,,,,,,,,,,
LT,l1_t1024_trie_entry_optimized_lng,sel_1,,1,"(95,100]",0,no_crossing,,,,,,,,,,,,,,,
LT,l1_t1024_trie_entry_optimized_lng,sel_1,,2,"(0,0.5]",578,no_crossing,,,,,,,,,,,,,,,
LT,l1_t1024_trie_entry_optimized_lng,sel_1,,2,"(0.5,1]",215,no_crossing,,,,,,,,,,,,,,,
LT,l1_t1024_trie_entry_optimized_lng,sel_1,,2,"(1,5]",207,no_crossing,,,,,,,,,,,,,,,
LT,l1_t1024_trie_entry_optimized_lng,sel_1,,2,"(5,10]",0,no_crossing,,,,,,,,,,,,,,,
LT,l1_t1024_trie_entry_optimized_lng,sel_1,,2,"(10,30]",0,no_crossing,,,,,,,,,,,,,,,
LT,l1_t1024_trie_entry_optimized_lng,sel_1,,2,"(30,60]",0,no_crossing,,,,,,,,,,,,,,,
LT,l1_t1024_trie_entry_optimized_lng,sel_1,,2,"(60,80]",0,no_crossing,,,,,,,,,,,,,,,
LT,l1_t1024_trie_entry_optimized_lng,sel_1,,2,"(80,95]",0,no_crossing,,,,,,,,,,,,,,,
LT,l1_t1024_trie_entry_optimized_lng,sel_1,,2,"(95,100]",0,no_crossing,,,,,,,,,,,,,,,
TL,l1_base_trie_t1024_lng_entry_trie,sel_1,1200,1,"(0,0.5]",578,complete,578,0.980795847750865,0,25,0,0,0,0,0,1,2,5,17,49,504
TL,l1_base_trie_t1024_lng_entry_trie,sel_1,1200,1,"(0.5,1]",215,complete,215,0.9674418604651163,0,17,0,0,0,0,1,1,1,3,11,24,174
TL,l1_base_trie_t1024_lng_entry_trie,sel_1,1200,1,"(1,5]",207,complete,207,0.8666666666666667,0,57,0,2,7,6,4,6,5,7,20,25,125
TL,l1_base_trie_t1024_lng_entry_trie,sel_1,1200,1,"(5,10]",0,empty_stratum,0,,0,0,0,0,0,0,0,0,0,0,0,0,0
TL,l1_base_trie_t1024_lng_entry_trie,sel_1,1200,1,"(10,30]",0,empty_stratum,0,,0,0,0,0,0,0,0,0,0,0,0,0,0
TL,l1_base_trie_t1024_lng_entry_trie,sel_1,1200,1,"(30,60]",0,empty_stratum,0,,0,0,0,0,0,0,0,0,0,0,0,0,0
TL,l1_base_trie_t1024_lng_entry_trie,sel_1,1200,1,"(60,80]",0,empty_stratum,0,,0,0,0,0,0,0,0,0,0,0,0,0,0
TL,l1_base_trie_t1024_lng_entry_trie,sel_1,1200,1,"(80,95]",0,empty_stratum,0,,0,0,0,0,0,0,0,0,0,0,0,0,0
TL,l1_base_trie_t1024_lng_entry_trie,sel_1,1200,1,"(95,100]",0,empty_stratum,0,,0,0,0,0,0,0,0,0,0,0,0,0,0
TL,l1_base_trie_t1024_lng_entry_trie,sel_1,1200,2,"(0,0.5]",578,complete,578,0.980795847750865,0,25,0,0,0,0,0,1,2,5,17,49,504
TL,l1_base_trie_t1024_lng_entry_trie,sel_1,1200,2,"(0.5,1]",215,complete,215,0.9674418604651163,0,17,0,0,0,0,1,1,1,3,11,24,174
TL,l1_base_trie_t1024_lng_entry_trie,sel_1,1200,2,"(1,5]",207,complete,207,0.8666666666666667,0,57,0,2,7,6,4,6,5,7,20,25,125
TL,l1_base_trie_t1024_lng_entry_trie,sel_1,1200,2,"(5,10]",0,empty_stratum,0,,0,0,0,0,0,0,0,0,0,0,0,0,0
TL,l1_base_trie_t1024_lng_entry_trie,sel_1,1200,2,"(10,30]",0,empty_stratum,0,,0,0,0,0,0,0,0,0,0,0,0,0,0
TL,l1_base_trie_t1024_lng_entry_trie,sel_1,1200,2,"(30,60]",0,empty_stratum,0,,0,0,0,0,0,0,0,0,0,0,0,0,0
TL,l1_base_trie_t1024_lng_entry_trie,sel_1,1200,2,"(60,80]",0,empty_stratum,0,,0,0,0,0,0,0,0,0,0,0,0,0,0
TL,l1_base_trie_t1024_lng_entry_trie,sel_1,1200,2,"(80,95]",0,empty_stratum,0,,0,0,0,0,0,0,0,0,0,0,0,0,0
TL,l1_base_trie_t1024_lng_entry_trie,sel_1,1200,2,"(95,100]",0,empty_stratum,0,,0,0,0,0,0,0,0,0,0,0,0,0,0
TT,l1_base_trie_t1024_trie_entry_trie,sel_1,1200,1,"(0,0.5]",578,complete,578,0.980795847750865,0,25,0,0,0,0,0,1,2,5,17,49,504
TT,l1_base_trie_t1024_trie_entry_trie,sel_1,1200,1,"(0.5,1]",215,complete,215,0.9641860465116279,0,18,0,0,1,0,1,1,1,3,11,23,174
TT,l1_base_trie_t1024_trie_entry_trie,sel_1,1200,1,"(1,5]",207,complete,207,0.8492753623188406,0,64,0,3,9,3,4,9,5,9,22,32,111
TT,l1_base_trie_t1024_trie_entry_trie,sel_1,1200,1,"(5,10]",0,empty_stratum,0,,0,0,0,0,0,0,0,0,0,0,0,0,0
TT,l1_base_trie_t1024_trie_entry_trie,sel_1,1200,1,"(10,30]",0,empty_stratum,0,,0,0,0,0,0,0,0,0,0,0,0,0,0
TT,l1_base_trie_t1024_trie_entry_trie,sel_1,1200,1,"(30,60]",0,empty_stratum,0,,0,0,0,0,0,0,0,0,0,0,0,0,0
TT,l1_base_trie_t1024_trie_entry_trie,sel_1,1200,1,"(60,80]",0,empty_stratum,0,,0,0,0,0,0,0,0,0,0,0,0,0,0
TT,l1_base_trie_t1024_trie_entry_trie,sel_1,1200,1,"(80,95]",0,empty_stratum,0,,0,0,0,0,0,0,0,0,0,0,0,0,0
TT,l1_base_trie_t1024_trie_entry_trie,sel_1,1200,1,"(95,100]",0,empty_stratum,0,,0,0,0,0,0,0,0,0,0,0,0,0,0
TT,l1_base_trie_t1024_trie_entry_trie,sel_1,1200,2,"(0,0.5]",578,complete,578,0.980795847750865,0,25,0,0,0,0,0,1,2,5,17,49,504
TT,l1_base_trie_t1024_trie_entry_trie,sel_1,1200,2,"(0.5,1]",215,complete,215,0.9641860465116279,0,18,0,0,1,0,1,1,1,3,11,23,174
TT,l1_base_trie_t1024_trie_entry_trie,sel_1,1200,2,"(1,5]",207,complete,207,0.8492753623188406,0,64,0,3,9,3,4,9,5,9,22,32,111
TT,l1_base_trie_t1024_trie_entry_trie,sel_1,1200,2,"(5,10]",0,empty_stratum,0,,0,0,0,0,0,0,0,0,0,0,0,0,0
TT,l1_base_trie_t1024_trie_entry_trie,sel_1,1200,2,"(10,30]",0,empty_stratum,0,,0,0,0,0,0,0,0,0,0,0,0,0,0
TT,l1_base_trie_t1024_trie_entry_trie,sel_1,1200,2,"(30,60]",0,empty_stratum,0,,0,0,0,0,0,0,0,0,0,0,0,0,0
TT,l1_base_trie_t1024_trie_entry_trie,sel_1,1200,2,"(60,80]",0,empty_stratum,0,,0,0,0,0,0,0,0,0,0,0,0,0,0
TT,l1_base_trie_t1024_trie_entry_trie,sel_1,1200,2,"(80,95]",0,empty_stratum,0,,0,0,0,0,0,0,0,0,0,0,0,0,0
TT,l1_base_trie_t1024_trie_entry_trie,sel_1,1200,2,"(95,100]",0,empty_stratum,0,,0,0,0,0,0,0,0,0,0,0,0,0,0
LLL,l2_t1024_16384_ll_entry_optimized_lng,sel_1,,1,"(0,0.5]",578,no_crossing,,,,,,,,,,,,,,,
LLL,l2_t1024_16384_ll_entry_optimized_lng,sel_1,,1,"(0.5,1]",215,no_crossing,,,,,,,,,,,,,,,
LLL,l2_t1024_16384_ll_entry_optimized_lng,sel_1,,1,"(1,5]",207,no_crossing,,,,,,,,,,,,,,,
LLL,l2_t1024_16384_ll_entry_optimized_lng,sel_1,,1,"(5,10]",0,no_crossing,,,,,,,,,,,,,,,
LLL,l2_t1024_16384_ll_entry_optimized_lng,sel_1,,1,"(10,30]",0,no_crossing,,,,,,,,,,,,,,,
LLL,l2_t1024_16384_ll_entry_optimized_lng,sel_1,,1,"(30,60]",0,no_crossing,,,,,,,,,,,,,,,
LLL,l2_t1024_16384_ll_entry_optimized_lng,sel_1,,1,"(60,80]",0,no_crossing,,,,,,,,,,,,,,,
LLL,l2_t1024_16384_ll_entry_optimized_lng,sel_1,,1,"(80,95]",0,no_crossing,,,,,,,,,,,,,,,
LLL,l2_t1024_16384_ll_entry_optimized_lng,sel_1,,1,"(95,100]",0,no_crossing,,,,,,,,,,,,,,,
LLL,l2_t1024_16384_ll_entry_optimized_lng,sel_1,,2,"(0,0.5]",578,no_crossing,,,,,,,,,,,,,,,
LLL,l2_t1024_16384_ll_entry_optimized_lng,sel_1,,2,"(0.5,1]",215,no_crossing,,,,,,,,,,,,,,,
LLL,l2_t1024_16384_ll_entry_optimized_lng,sel_1,,2,"(1,5]",207,no_crossing,,,,,,,,,,,,,,,
LLL,l2_t1024_16384_ll_entry_optimized_lng,sel_1,,2,"(5,10]",0,no_crossing,,,,,,,,,,,,,,,
LLL,l2_t1024_16384_ll_entry_optimized_lng,sel_1,,2,"(10,30]",0,no_crossing,,,,,,,,,,,,,,,
LLL,l2_t1024_16384_ll_entry_optimized_lng,sel_1,,2,"(30,60]",0,no_crossing,,,,,,,,,,,,,,,
LLL,l2_t1024_16384_ll_entry_optimized_lng,sel_1,,2,"(60,80]",0,no_crossing,,,,,,,,,,,,,,,
LLL,l2_t1024_16384_ll_entry_optimized_lng,sel_1,,2,"(80,95]",0,no_crossing,,,,,,,,,,,,,,,
LLL,l2_t1024_16384_ll_entry_optimized_lng,sel_1,,2,"(95,100]",0,no_crossing,,,,,,,,,,,,,,,
LLT,l2_t1024_16384_lt_entry_optimized_lng,sel_1,,1,"(0,0.5]",578,no_crossing,,,,,,,,,,,,,,,
LLT,l2_t1024_16384_lt_entry_optimized_lng,sel_1,,1,"(0.5,1]",215,no_crossing,,,,,,,,,,,,,,,
LLT,l2_t1024_16384_lt_entry_optimized_lng,sel_1,,1,"(1,5]",207,no_crossing,,,,,,,,,,,,,,,
LLT,l2_t1024_16384_lt_entry_optimized_lng,sel_1,,1,"(5,10]",0,no_crossing,,,,,,,,,,,,,,,
LLT,l2_t1024_16384_lt_entry_optimized_lng,sel_1,,1,"(10,30]",0,no_crossing,,,,,,,,,,,,,,,
LLT,l2_t1024_16384_lt_entry_optimized_lng,sel_1,,1,"(30,60]",0,no_crossing,,,,,,,,,,,,,,,
LLT,l2_t1024_16384_lt_entry_optimized_lng,sel_1,,1,"(60,80]",0,no_crossing,,,,,,,,,,,,,,,
LLT,l2_t1024_16384_lt_entry_optimized_lng,sel_1,,1,"(80,95]",0,no_crossing,,,,,,,,,,,,,,,
LLT,l2_t1024_16384_lt_entry_optimized_lng,sel_1,,1,"(95,100]",0,no_crossing,,,,,,,,,,,,,,,
LLT,l2_t1024_16384_lt_entry_optimized_lng,sel_1,,2,"(0,0.5]",578,no_crossing,,,,,,,,,,,,,,,
LLT,l2_t1024_16384_lt_entry_optimized_lng,sel_1,,2,"(0.5,1]",215,no_crossing,,,,,,,,,,,,,,,
LLT,l2_t1024_16384_lt_entry_optimized_lng,sel_1,,2,"(1,5]",207,no_crossing,,,,,,,,,,,,,,,
LLT,l2_t1024_16384_lt_entry_optimized_lng,sel_1,,2,"(5,10]",0,no_crossing,,,,,,,,,,,,,,,
LLT,l2_t1024_16384_lt_entry_optimized_lng,sel_1,,2,"(10,30]",0,no_crossing,,,,,,,,,,,,,,,
LLT,l2_t1024_16384_lt_entry_optimized_lng,sel_1,,2,"(30,60]",0,no_crossing,,,,,,,,,,,,,,,
LLT,l2_t1024_16384_lt_entry_optimized_lng,sel_1,,2,"(60,80]",0,no_crossing,,,,,,,,,,,,,,,
LLT,l2_t1024_16384_lt_entry_optimized_lng,sel_1,,2,"(80,95]",0,no_crossing,,,,,,,,,,,,,,,
LLT,l2_t1024_16384_lt_entry_optimized_lng,sel_1,,2,"(95,100]",0,no_crossing,,,,,,,,,,,,,,,
LTL,l2_t1024_16384_tl_entry_optimized_lng,sel_1,,1,"(0,0.5]",578,no_crossing,,,,,,,,,,,,,,,
LTL,l2_t1024_16384_tl_entry_optimized_lng,sel_1,,1,"(0.5,1]",215,no_crossing,,,,,,,,,,,,,,,
LTL,l2_t1024_16384_tl_entry_optimized_lng,sel_1,,1,"(1,5]",207,no_crossing,,,,,,,,,,,,,,,
LTL,l2_t1024_16384_tl_entry_optimized_lng,sel_1,,1,"(5,10]",0,no_crossing,,,,,,,,,,,,,,,
LTL,l2_t1024_16384_tl_entry_optimized_lng,sel_1,,1,"(10,30]",0,no_crossing,,,,,,,,,,,,,,,
LTL,l2_t1024_16384_tl_entry_optimized_lng,sel_1,,1,"(30,60]",0,no_crossing,,,,,,,,,,,,,,,
LTL,l2_t1024_16384_tl_entry_optimized_lng,sel_1,,1,"(60,80]",0,no_crossing,,,,,,,,,,,,,,,
LTL,l2_t1024_16384_tl_entry_optimized_lng,sel_1,,1,"(80,95]",0,no_crossing,,,,,,,,,,,,,,,
LTL,l2_t1024_16384_tl_entry_optimized_lng,sel_1,,1,"(95,100]",0,no_crossing,,,,,,,,,,,,,,,
LTL,l2_t1024_16384_tl_entry_optimized_lng,sel_1,,2,"(0,0.5]",578,no_crossing,,,,,,,,,,,,,,,
LTL,l2_t1024_16384_tl_entry_optimized_lng,sel_1,,2,"(0.5,1]",215,no_crossing,,,,,,,,,,,,,,,
LTL,l2_t1024_16384_tl_entry_optimized_lng,sel_1,,2,"(1,5]",207,no_crossing,,,,,,,,,,,,,,,
LTL,l2_t1024_16384_tl_entry_optimized_lng,sel_1,,2,"(5,10]",0,no_crossing,,,,,,,,,,,,,,,
LTL,l2_t1024_16384_tl_entry_optimized_lng,sel_1,,2,"(10,30]",0,no_crossing,,,,,,,,,,,,,,,
LTL,l2_t1024_16384_tl_entry_optimized_lng,sel_1,,2,"(30,60]",0,no_crossing,,,,,,,,,,,,,,,
LTL,l2_t1024_16384_tl_entry_optimized_lng,sel_1,,2,"(60,80]",0,no_crossing,,,,,,,,,,,,,,,
LTL,l2_t1024_16384_tl_entry_optimized_lng,sel_1,,2,"(80,95]",0,no_crossing,,,,,,,,,,,,,,,
LTL,l2_t1024_16384_tl_entry_optimized_lng,sel_1,,2,"(95,100]",0,no_crossing,,,,,,,,,,,,,,,
LTT,l2_t1024_16384_tt_entry_optimized_lng,sel_1,,1,"(0,0.5]",578,no_crossing,,,,,,,,,,,,,,,
LTT,l2_t1024_16384_tt_entry_optimized_lng,sel_1,,1,"(0.5,1]",215,no_crossing,,,,,,,,,,,,,,,
LTT,l2_t1024_16384_tt_entry_optimized_lng,sel_1,,1,"(1,5]",207,no_crossing,,,,,,,,,,,,,,,
LTT,l2_t1024_16384_tt_entry_optimized_lng,sel_1,,1,"(5,10]",0,no_crossing,,,,,,,,,,,,,,,
LTT,l2_t1024_16384_tt_entry_optimized_lng,sel_1,,1,"(10,30]",0,no_crossing,,,,,,,,,,,,,,,
LTT,l2_t1024_16384_tt_entry_optimized_lng,sel_1,,1,"(30,60]",0,no_crossing,,,,,,,,,,,,,,,
LTT,l2_t1024_16384_tt_entry_optimized_lng,sel_1,,1,"(60,80]",0,no_crossing,,,,,,,,,,,,,,,
LTT,l2_t1024_16384_tt_entry_optimized_lng,sel_1,,1,"(80,95]",0,no_crossing,,,,,,,,,,,,,,,
LTT,l2_t1024_16384_tt_entry_optimized_lng,sel_1,,1,"(95,100]",0,no_crossing,,,,,,,,,,,,,,,
LTT,l2_t1024_16384_tt_entry_optimized_lng,sel_1,,2,"(0,0.5]",578,no_crossing,,,,,,,,,,,,,,,
LTT,l2_t1024_16384_tt_entry_optimized_lng,sel_1,,2,"(0.5,1]",215,no_crossing,,,,,,,,,,,,,,,
LTT,l2_t1024_16384_tt_entry_optimized_lng,sel_1,,2,"(1,5]",207,no_crossing,,,,,,,,,,,,,,,
LTT,l2_t1024_16384_tt_entry_optimized_lng,sel_1,,2,"(5,10]",0,no_crossing,,,,,,,,,,,,,,,
LTT,l2_t1024_16384_tt_entry_optimized_lng,sel_1,,2,"(10,30]",0,no_crossing,,,,,,,,,,,,,,,
LTT,l2_t1024_16384_tt_entry_optimized_lng,sel_1,,2,"(30,60]",0,no_crossing,,,,,,,,,,,,,,,
LTT,l2_t1024_16384_tt_entry_optimized_lng,sel_1,,2,"(60,80]",0,no_crossing,,,,,,,,,,,,,,,
LTT,l2_t1024_16384_tt_entry_optimized_lng,sel_1,,2,"(80,95]",0,no_crossing,,,,,,,,,,,,,,,
LTT,l2_t1024_16384_tt_entry_optimized_lng,sel_1,,2,"(95,100]",0,no_crossing,,,,,,,,,,,,,,,
TLL,l2_base_trie_t1024_16384_ll_entry_trie,sel_1,1200,1,"(0,0.5]",578,complete,578,0.980795847750865,0,25,0,0,0,0,0,1,2,5,17,49,504
TLL,l2_base_trie_t1024_16384_ll_entry_trie,sel_1,1200,1,"(0.5,1]",215,complete,215,0.9674418604651163,0,17,0,0,0,0,1,1,1,3,11,24,174
TLL,l2_base_trie_t1024_16384_ll_entry_trie,sel_1,1200,1,"(1,5]",207,complete,207,0.8666666666666667,0,57,0,2,7,6,4,6,5,7,20,25,125
TLL,l2_base_trie_t1024_16384_ll_entry_trie,sel_1,1200,1,"(5,10]",0,empty_stratum,0,,0,0,0,0,0,0,0,0,0,0,0,0,0
TLL,l2_base_trie_t1024_16384_ll_entry_trie,sel_1,1200,1,"(10,30]",0,empty_stratum,0,,0,0,0,0,0,0,0,0,0,0,0,0,0
TLL,l2_base_trie_t1024_16384_ll_entry_trie,sel_1,1200,1,"(30,60]",0,empty_stratum,0,,0,0,0,0,0,0,0,0,0,0,0,0,0
TLL,l2_base_trie_t1024_16384_ll_entry_trie,sel_1,1200,1,"(60,80]",0,empty_stratum,0,,0,0,0,0,0,0,0,0,0,0,0,0,0
TLL,l2_base_trie_t1024_16384_ll_entry_trie,sel_1,1200,1,"(80,95]",0,empty_stratum,0,,0,0,0,0,0,0,0,0,0,0,0,0,0
TLL,l2_base_trie_t1024_16384_ll_entry_trie,sel_1,1200,1,"(95,100]",0,empty_stratum,0,,0,0,0,0,0,0,0,0,0,0,0,0,0
TLL,l2_base_trie_t1024_16384_ll_entry_trie,sel_1,1200,2,"(0,0.5]",578,complete,578,0.980795847750865,0,25,0,0,0,0,0,1,2,5,17,49,504
TLL,l2_base_trie_t1024_16384_ll_entry_trie,sel_1,1200,2,"(0.5,1]",215,complete,215,0.9674418604651163,0,17,0,0,0,0,1,1,1,3,11,24,174
TLL,l2_base_trie_t1024_16384_ll_entry_trie,sel_1,1200,2,"(1,5]",207,complete,207,0.8666666666666667,0,57,0,2,7,6,4,6,5,7,20,25,125
TLL,l2_base_trie_t1024_16384_ll_entry_trie,sel_1,1200,2,"(5,10]",0,empty_stratum,0,,0,0,0,0,0,0,0,0,0,0,0,0,0
TLL,l2_base_trie_t1024_16384_ll_entry_trie,sel_1,1200,2,"(10,30]",0,empty_stratum,0,,0,0,0,0,0,0,0,0,0,0,0,0,0
TLL,l2_base_trie_t1024_16384_ll_entry_trie,sel_1,1200,2,"(30,60]",0,empty_stratum,0,,0,0,0,0,0,0,0,0,0,0,0,0,0
TLL,l2_base_trie_t1024_16384_ll_entry_trie,sel_1,1200,2,"(60,80]",0,empty_stratum,0,,0,0,0,0,0,0,0,0,0,0,0,0,0
TLL,l2_base_trie_t1024_16384_ll_entry_trie,sel_1,1200,2,"(80,95]",0,empty_stratum,0,,0,0,0,0,0,0,0,0,0,0,0,0,0
TLL,l2_base_trie_t1024_16384_ll_entry_trie,sel_1,1200,2,"(95,100]",0,empty_stratum,0,,0,0,0,0,0,0,0,0,0,0,0,0,0
TLT,l2_base_trie_t1024_16384_lt_entry_trie,sel_1,1200,1,"(0,0.5]",578,complete,578,0.980795847750865,0,25,0,0,0,0,0,1,2,5,17,49,504
TLT,l2_base_trie_t1024_16384_lt_entry_trie,sel_1,1200,1,"(0.5,1]",215,complete,215,0.9674418604651163,0,17,0,0,0,0,1,1,1,3,11,24,174
TLT,l2_base_trie_t1024_16384_lt_entry_trie,sel_1,1200,1,"(1,5]",207,complete,207,0.8666666666666667,0,57,0,2,7,6,4,6,5,7,20,25,125
TLT,l2_base_trie_t1024_16384_lt_entry_trie,sel_1,1200,1,"(5,10]",0,empty_stratum,0,,0,0,0,0,0,0,0,0,0,0,0,0,0
TLT,l2_base_trie_t1024_16384_lt_entry_trie,sel_1,1200,1,"(10,30]",0,empty_stratum,0,,0,0,0,0,0,0,0,0,0,0,0,0,0
TLT,l2_base_trie_t1024_16384_lt_entry_trie,sel_1,1200,1,"(30,60]",0,empty_stratum,0,,0,0,0,0,0,0,0,0,0,0,0,0,0
TLT,l2_base_trie_t1024_16384_lt_entry_trie,sel_1,1200,1,"(60,80]",0,empty_stratum,0,,0,0,0,0,0,0,0,0,0,0,0,0,0
TLT,l2_base_trie_t1024_16384_lt_entry_trie,sel_1,1200,1,"(80,95]",0,empty_stratum,0,,0,0,0,0,0,0,0,0,0,0,0,0,0
TLT,l2_base_trie_t1024_16384_lt_entry_trie,sel_1,1200,1,"(95,100]",0,empty_stratum,0,,0,0,0,0,0,0,0,0,0,0,0,0,0
TLT,l2_base_trie_t1024_16384_lt_entry_trie,sel_1,1200,2,"(0,0.5]",578,complete,578,0.980795847750865,0,25,0,0,0,0,0,1,2,5,17,49,504
TLT,l2_base_trie_t1024_16384_lt_entry_trie,sel_1,1200,2,"(0.5,1]",215,complete,215,0.9674418604651163,0,17,0,0,0,0,1,1,1,3,11,24,174
TLT,l2_base_trie_t1024_16384_lt_entry_trie,sel_1,1200,2,"(1,5]",207,complete,207,0.8666666666666667,0,57,0,2,7,6,4,6,5,7,20,25,125
TLT,l2_base_trie_t1024_16384_lt_entry_trie,sel_1,1200,2,"(5,10]",0,empty_stratum,0,,0,0,0,0,0,0,0,0,0,0,0,0,0
TLT,l2_base_trie_t1024_16384_lt_entry_trie,sel_1,1200,2,"(10,30]",0,empty_stratum,0,,0,0,0,0,0,0,0,0,0,0,0,0,0
TLT,l2_base_trie_t1024_16384_lt_entry_trie,sel_1,1200,2,"(30,60]",0,empty_stratum,0,,0,0,0,0,0,0,0,0,0,0,0,0,0
TLT,l2_base_trie_t1024_16384_lt_entry_trie,sel_1,1200,2,"(60,80]",0,empty_stratum,0,,0,0,0,0,0,0,0,0,0,0,0,0,0
TLT,l2_base_trie_t1024_16384_lt_entry_trie,sel_1,1200,2,"(80,95]",0,empty_stratum,0,,0,0,0,0,0,0,0,0,0,0,0,0,0
TLT,l2_base_trie_t1024_16384_lt_entry_trie,sel_1,1200,2,"(95,100]",0,empty_stratum,0,,0,0,0,0,0,0,0,0,0,0,0,0,0
TTL,l2_base_trie_t1024_16384_tl_entry_trie,sel_1,1200,1,"(0,0.5]",578,complete,578,0.980795847750865,0,25,0,0,0,0,0,1,2,5,17,49,504
TTL,l2_base_trie_t1024_16384_tl_entry_trie,sel_1,1200,1,"(0.5,1]",215,complete,215,0.9641860465116279,0,18,0,0,1,0,1,1,1,3,11,23,174
TTL,l2_base_trie_t1024_16384_tl_entry_trie,sel_1,1200,1,"(1,5]",207,complete,207,0.8492753623188406,0,64,0,3,9,3,4,9,5,9,22,32,111
TTL,l2_base_trie_t1024_16384_tl_entry_trie,sel_1,1200,1,"(5,10]",0,empty_stratum,0,,0,0,0,0,0,0,0,0,0,0,0,0,0
TTL,l2_base_trie_t1024_16384_tl_entry_trie,sel_1,1200,1,"(10,30]",0,empty_stratum,0,,0,0,0,0,0,0,0,0,0,0,0,0,0
TTL,l2_base_trie_t1024_16384_tl_entry_trie,sel_1,1200,1,"(30,60]",0,empty_stratum,0,,0,0,0,0,0,0,0,0,0,0,0,0,0
TTL,l2_base_trie_t1024_16384_tl_entry_trie,sel_1,1200,1,"(60,80]",0,empty_stratum,0,,0,0,0,0,0,0,0,0,0,0,0,0,0
TTL,l2_base_trie_t1024_16384_tl_entry_trie,sel_1,1200,1,"(80,95]",0,empty_stratum,0,,0,0,0,0,0,0,0,0,0,0,0,0,0
TTL,l2_base_trie_t1024_16384_tl_entry_trie,sel_1,1200,1,"(95,100]",0,empty_stratum,0,,0,0,0,0,0,0,0,0,0,0,0,0,0
TTL,l2_base_trie_t1024_16384_tl_entry_trie,sel_1,1200,2,"(0,0.5]",578,complete,578,0.980795847750865,0,25,0,0,0,0,0,1,2,5,17,49,504
TTL,l2_base_trie_t1024_16384_tl_entry_trie,sel_1,1200,2,"(0.5,1]",215,complete,215,0.9641860465116279,0,18,0,0,1,0,1,1,1,3,11,23,174
TTL,l2_base_trie_t1024_16384_tl_entry_trie,sel_1,1200,2,"(1,5]",207,complete,207,0.8492753623188406,0,64,0,3,9,3,4,9,5,9,22,32,111
TTL,l2_base_trie_t1024_16384_tl_entry_trie,sel_1,1200,2,"(5,10]",0,empty_stratum,0,,0,0,0,0,0,0,0,0,0,0,0,0,0
TTL,l2_base_trie_t1024_16384_tl_entry_trie,sel_1,1200,2,"(10,30]",0,empty_stratum,0,,0,0,0,0,0,0,0,0,0,0,0,0,0
TTL,l2_base_trie_t1024_16384_tl_entry_trie,sel_1,1200,2,"(30,60]",0,empty_stratum,0,,0,0,0,0,0,0,0,0,0,0,0,0,0
TTL,l2_base_trie_t1024_16384_tl_entry_trie,sel_1,1200,2,"(60,80]",0,empty_stratum,0,,0,0,0,0,0,0,0,0,0,0,0,0,0
TTL,l2_base_trie_t1024_16384_tl_entry_trie,sel_1,1200,2,"(80,95]",0,empty_stratum,0,,0,0,0,0,0,0,0,0,0,0,0,0,0
TTL,l2_base_trie_t1024_16384_tl_entry_trie,sel_1,1200,2,"(95,100]",0,empty_stratum,0,,0,0,0,0,0,0,0,0,0,0,0,0,0
TTT,l2_base_trie_t1024_16384_tt_entry_trie,sel_1,1200,1,"(0,0.5]",578,complete,578,0.980795847750865,0,25,0,0,0,0,0,1,2,5,17,49,504
TTT,l2_base_trie_t1024_16384_tt_entry_trie,sel_1,1200,1,"(0.5,1]",215,complete,215,0.9641860465116279,0,18,0,0,1,0,1,1,1,3,11,23,174
TTT,l2_base_trie_t1024_16384_tt_entry_trie,sel_1,1200,1,"(1,5]",207,complete,207,0.8492753623188406,0,64,0,3,9,3,4,9,5,9,22,32,111
TTT,l2_base_trie_t1024_16384_tt_entry_trie,sel_1,1200,1,"(5,10]",0,empty_stratum,0,,0,0,0,0,0,0,0,0,0,0,0,0,0
TTT,l2_base_trie_t1024_16384_tt_entry_trie,sel_1,1200,1,"(10,30]",0,empty_stratum,0,,0,0,0,0,0,0,0,0,0,0,0,0,0
TTT,l2_base_trie_t1024_16384_tt_entry_trie,sel_1,1200,1,"(30,60]",0,empty_stratum,0,,0,0,0,0,0,0,0,0,0,0,0,0,0
TTT,l2_base_trie_t1024_16384_tt_entry_trie,sel_1,1200,1,"(60,80]",0,empty_stratum,0,,0,0,0,0,0,0,0,0,0,0,0,0,0
TTT,l2_base_trie_t1024_16384_tt_entry_trie,sel_1,1200,1,"(80,95]",0,empty_stratum,0,,0,0,0,0,0,0,0,0,0,0,0,0,0
TTT,l2_base_trie_t1024_16384_tt_entry_trie,sel_1,1200,1,"(95,100]",0,empty_stratum,0,,0,0,0,0,0,0,0,0,0,0,0,0,0
TTT,l2_base_trie_t1024_16384_tt_entry_trie,sel_1,1200,2,"(0,0.5]",578,complete,578,0.980795847750865,0,25,0,0,0,0,0,1,2,5,17,49,504
TTT,l2_base_trie_t1024_16384_tt_entry_trie,sel_1,1200,2,"(0.5,1]",215,complete,215,0.9641860465116279,0,18,0,0,1,0,1,1,1,3,11,23,174
TTT,l2_base_trie_t1024_16384_tt_entry_trie,sel_1,1200,2,"(1,5]",207,complete,207,0.8492753623188406,0,64,0,3,9,3,4,9,5,9,22,32,111
TTT,l2_base_trie_t1024_16384_tt_entry_trie,sel_1,1200,2,"(5,10]",0,empty_stratum,0,,0,0,0,0,0,0,0,0,0,0,0,0,0
TTT,l2_base_trie_t1024_16384_tt_entry_trie,sel_1,1200,2,"(10,30]",0,empty_stratum,0,,0,0,0,0,0,0,0,0,0,0,0,0,0
TTT,l2_base_trie_t1024_16384_tt_entry_trie,sel_1,1200,2,"(30,60]",0,empty_stratum,0,,0,0,0,0,0,0,0,0,0,0,0,0,0
TTT,l2_base_trie_t1024_16384_tt_entry_trie,sel_1,1200,2,"(60,80]",0,empty_stratum,0,,0,0,0,0,0,0,0,0,0,0,0,0,0
TTT,l2_base_trie_t1024_16384_tt_entry_trie,sel_1,1200,2,"(80,95]",0,empty_stratum,0,,0,0,0,0,0,0,0,0,0,0,0,0,0
TTT,l2_base_trie_t1024_16384_tt_entry_trie,sel_1,1200,2,"(95,100]",0,empty_stratum,0,,0,0,0,0,0,0,0,0,0,0,0,0,0
L,l0_lng_entry_optimized_lng,sel_5,3200,1,"(0,0.5]",550,complete,550,0.9907272727272727,0,16,0,0,0,0,0,1,2,4,9,8,526
L,l0_lng_entry_optimized_lng,sel_5,3200,1,"(0.5,1]",206,complete,206,0.9524271844660194,0,24,0,0,1,2,1,0,4,7,9,15,167
L,l0_lng_entry_optimized_lng,sel_5,3200,1,"(1,5]",201,complete,201,0.7771144278606965,3,89,3,4,9,8,7,3,15,19,21,38,74
L,l0_lng_entry_optimized_lng,sel_5,3200,1,"(5,10]",0,empty_stratum,0,,0,0,0,0,0,0,0,0,0,0,0,0,0
L,l0_lng_entry_optimized_lng,sel_5,3200,1,"(10,30]",0,empty_stratum,0,,0,0,0,0,0,0,0,0,0,0,0,0,0
L,l0_lng_entry_optimized_lng,sel_5,3200,1,"(30,60]",0,empty_stratum,0,,0,0,0,0,0,0,0,0,0,0,0,0,0
L,l0_lng_entry_optimized_lng,sel_5,3200,1,"(60,80]",0,empty_stratum,0,,0,0,0,0,0,0,0,0,0,0,0,0,0
L,l0_lng_entry_optimized_lng,sel_5,3200,1,"(80,95]",0,empty_stratum,0,,0,0,0,0,0,0,0,0,0,0,0,0,0
L,l0_lng_entry_optimized_lng,sel_5,3200,1,"(95,100]",43,complete,43,0.28837209302325584,10,39,10,10,7,2,2,3,3,1,1,2,2
L,l0_lng_entry_optimized_lng,sel_5,3200,2,"(0,0.5]",550,complete,550,0.9907272727272727,0,16,0,0,0,0,0,1,2,4,9,8,526
L,l0_lng_entry_optimized_lng,sel_5,3200,2,"(0.5,1]",206,complete,206,0.9524271844660194,0,24,0,0,1,2,1,0,4,7,9,15,167
L,l0_lng_entry_optimized_lng,sel_5,3200,2,"(1,5]",201,complete,201,0.7781094527363184,3,87,3,4,9,8,7,4,14,19,19,39,75
L,l0_lng_entry_optimized_lng,sel_5,3200,2,"(5,10]",0,empty_stratum,0,,0,0,0,0,0,0,0,0,0,0,0,0,0
L,l0_lng_entry_optimized_lng,sel_5,3200,2,"(10,30]",0,empty_stratum,0,,0,0,0,0,0,0,0,0,0,0,0,0,0
L,l0_lng_entry_optimized_lng,sel_5,3200,2,"(30,60]",0,empty_stratum,0,,0,0,0,0,0,0,0,0,0,0,0,0,0
L,l0_lng_entry_optimized_lng,sel_5,3200,2,"(60,80]",0,empty_stratum,0,,0,0,0,0,0,0,0,0,0,0,0,0,0
L,l0_lng_entry_optimized_lng,sel_5,3200,2,"(80,95]",0,empty_stratum,0,,0,0,0,0,0,0,0,0,0,0,0,0,0
L,l0_lng_entry_optimized_lng,sel_5,3200,2,"(95,100]",43,complete,43,0.28837209302325584,10,39,10,10,7,2,2,3,3,1,1,2,2
T,l0_trie_entry_trie,sel_5,800,1,"(0,0.5]",550,complete,550,0.9714545454545455,0,33,0,0,0,0,1,0,3,5,24,76,441
T,l0_trie_entry_trie,sel_5,800,1,"(0.5,1]",206,complete,206,0.9597087378640776,0,21,0,1,0,0,0,1,1,4,14,25,160
T,l0_trie_entry_trie,sel_5,800,1,"(1,5]",201,complete,201,0.8199004975124378,3,68,3,5,5,6,6,10,4,10,19,35,98
T,l0_trie_entry_trie,sel_5,800,1,"(5,10]",0,empty_stratum,0,,0,0,0,0,0,0,0,0,0,0,0,0,0
T,l0_trie_entry_trie,sel_5,800,1,"(10,30]",0,empty_stratum,0,,0,0,0,0,0,0,0,0,0,0,0,0,0
T,l0_trie_entry_trie,sel_5,800,1,"(30,60]",0,empty_stratum,0,,0,0,0,0,0,0,0,0,0,0,0,0,0
T,l0_trie_entry_trie,sel_5,800,1,"(60,80]",0,empty_stratum,0,,0,0,0,0,0,0,0,0,0,0,0,0,0
T,l0_trie_entry_trie,sel_5,800,1,"(80,95]",0,empty_stratum,0,,0,0,0,0,0,0,0,0,0,0,0,0,0
T,l0_trie_entry_trie,sel_5,800,1,"(95,100]",43,complete,43,0.14883720930232558,23,41,23,9,3,2,1,1,0,1,1,1,1
T,l0_trie_entry_trie,sel_5,800,2,"(0,0.5]",550,complete,550,0.9701818181818181,0,35,0,0,0,0,1,1,4,7,22,72,443
T,l0_trie_entry_trie,sel_5,800,2,"(0.5,1]",206,complete,206,0.9587378640776699,1,22,1,0,0,0,0,1,1,4,15,24,160
T,l0_trie_entry_trie,sel_5,800,2,"(1,5]",201,complete,201,0.8213930348258707,3,68,3,5,5,5,5,10,7,10,18,35,98
T,l0_trie_entry_trie,sel_5,800,2,"(5,10]",0,empty_stratum,0,,0,0,0,0,0,0,0,0,0,0,0,0,0
T,l0_trie_entry_trie,sel_5,800,2,"(10,30]",0,empty_stratum,0,,0,0,0,0,0,0,0,0,0,0,0,0,0
T,l0_trie_entry_trie,sel_5,800,2,"(30,60]",0,empty_stratum,0,,0,0,0,0,0,0,0,0,0,0,0,0,0
T,l0_trie_entry_trie,sel_5,800,2,"(60,80]",0,empty_stratum,0,,0,0,0,0,0,0,0,0,0,0,0,0,0
T,l0_trie_entry_trie,sel_5,800,2,"(80,95]",0,empty_stratum,0,,0,0,0,0,0,0,0,0,0,0,0,0,0
T,l0_trie_entry_trie,sel_5,800,2,"(95,100]",43,complete,43,0.14883720930232558,23,41,23,9,3,2,1,1,0,1,1,1,1
LL,l1_t1024_lng_entry_optimized_lng,sel_5,,1,"(0,0.5]",550,no_crossing,,,,,,,,,,,,,,,
LL,l1_t1024_lng_entry_optimized_lng,sel_5,,1,"(0.5,1]",206,no_crossing,,,,,,,,,,,,,,,
LL,l1_t1024_lng_entry_optimized_lng,sel_5,,1,"(1,5]",201,no_crossing,,,,,,,,,,,,,,,
LL,l1_t1024_lng_entry_optimized_lng,sel_5,,1,"(5,10]",0,no_crossing,,,,,,,,,,,,,,,
LL,l1_t1024_lng_entry_optimized_lng,sel_5,,1,"(10,30]",0,no_crossing,,,,,,,,,,,,,,,
LL,l1_t1024_lng_entry_optimized_lng,sel_5,,1,"(30,60]",0,no_crossing,,,,,,,,,,,,,,,
LL,l1_t1024_lng_entry_optimized_lng,sel_5,,1,"(60,80]",0,no_crossing,,,,,,,,,,,,,,,
LL,l1_t1024_lng_entry_optimized_lng,sel_5,,1,"(80,95]",0,no_crossing,,,,,,,,,,,,,,,
LL,l1_t1024_lng_entry_optimized_lng,sel_5,,1,"(95,100]",43,no_crossing,,,,,,,,,,,,,,,
LL,l1_t1024_lng_entry_optimized_lng,sel_5,,2,"(0,0.5]",550,no_crossing,,,,,,,,,,,,,,,
LL,l1_t1024_lng_entry_optimized_lng,sel_5,,2,"(0.5,1]",206,no_crossing,,,,,,,,,,,,,,,
LL,l1_t1024_lng_entry_optimized_lng,sel_5,,2,"(1,5]",201,no_crossing,,,,,,,,,,,,,,,
LL,l1_t1024_lng_entry_optimized_lng,sel_5,,2,"(5,10]",0,no_crossing,,,,,,,,,,,,,,,
LL,l1_t1024_lng_entry_optimized_lng,sel_5,,2,"(10,30]",0,no_crossing,,,,,,,,,,,,,,,
LL,l1_t1024_lng_entry_optimized_lng,sel_5,,2,"(30,60]",0,no_crossing,,,,,,,,,,,,,,,
LL,l1_t1024_lng_entry_optimized_lng,sel_5,,2,"(60,80]",0,no_crossing,,,,,,,,,,,,,,,
LL,l1_t1024_lng_entry_optimized_lng,sel_5,,2,"(80,95]",0,no_crossing,,,,,,,,,,,,,,,
LL,l1_t1024_lng_entry_optimized_lng,sel_5,,2,"(95,100]",43,no_crossing,,,,,,,,,,,,,,,
LT,l1_t1024_trie_entry_optimized_lng,sel_5,,1,"(0,0.5]",550,no_crossing,,,,,,,,,,,,,,,
LT,l1_t1024_trie_entry_optimized_lng,sel_5,,1,"(0.5,1]",206,no_crossing,,,,,,,,,,,,,,,
LT,l1_t1024_trie_entry_optimized_lng,sel_5,,1,"(1,5]",201,no_crossing,,,,,,,,,,,,,,,
LT,l1_t1024_trie_entry_optimized_lng,sel_5,,1,"(5,10]",0,no_crossing,,,,,,,,,,,,,,,
LT,l1_t1024_trie_entry_optimized_lng,sel_5,,1,"(10,30]",0,no_crossing,,,,,,,,,,,,,,,
LT,l1_t1024_trie_entry_optimized_lng,sel_5,,1,"(30,60]",0,no_crossing,,,,,,,,,,,,,,,
LT,l1_t1024_trie_entry_optimized_lng,sel_5,,1,"(60,80]",0,no_crossing,,,,,,,,,,,,,,,
LT,l1_t1024_trie_entry_optimized_lng,sel_5,,1,"(80,95]",0,no_crossing,,,,,,,,,,,,,,,
LT,l1_t1024_trie_entry_optimized_lng,sel_5,,1,"(95,100]",43,no_crossing,,,,,,,,,,,,,,,
LT,l1_t1024_trie_entry_optimized_lng,sel_5,,2,"(0,0.5]",550,no_crossing,,,,,,,,,,,,,,,
LT,l1_t1024_trie_entry_optimized_lng,sel_5,,2,"(0.5,1]",206,no_crossing,,,,,,,,,,,,,,,
LT,l1_t1024_trie_entry_optimized_lng,sel_5,,2,"(1,5]",201,no_crossing,,,,,,,,,,,,,,,
LT,l1_t1024_trie_entry_optimized_lng,sel_5,,2,"(5,10]",0,no_crossing,,,,,,,,,,,,,,,
LT,l1_t1024_trie_entry_optimized_lng,sel_5,,2,"(10,30]",0,no_crossing,,,,,,,,,,,,,,,
LT,l1_t1024_trie_entry_optimized_lng,sel_5,,2,"(30,60]",0,no_crossing,,,,,,,,,,,,,,,
LT,l1_t1024_trie_entry_optimized_lng,sel_5,,2,"(60,80]",0,no_crossing,,,,,,,,,,,,,,,
LT,l1_t1024_trie_entry_optimized_lng,sel_5,,2,"(80,95]",0,no_crossing,,,,,,,,,,,,,,,
LT,l1_t1024_trie_entry_optimized_lng,sel_5,,2,"(95,100]",43,no_crossing,,,,,,,,,,,,,,,
TL,l1_base_trie_t1024_lng_entry_trie,sel_5,400,1,"(0,0.5]",550,complete,550,0.9578181818181818,0,56,0,0,0,0,0,1,10,11,34,86,408
TL,l1_base_trie_t1024_lng_entry_trie,sel_5,400,1,"(0.5,1]",206,complete,206,0.9412621359223301,0,32,0,0,0,1,0,5,0,7,19,30,144
TL,l1_base_trie_t1024_lng_entry_trie,sel_5,400,1,"(1,5]",201,complete,201,0.8253731343283582,1,70,1,3,8,9,3,6,8,16,16,27,104
TL,l1_base_trie_t1024_lng_entry_trie,sel_5,400,1,"(5,10]",0,empty_stratum,0,,0,0,0,0,0,0,0,0,0,0,0,0,0
TL,l1_base_trie_t1024_lng_entry_trie,sel_5,400,1,"(10,30]",0,empty_stratum,0,,0,0,0,0,0,0,0,0,0,0,0,0,0
TL,l1_base_trie_t1024_lng_entry_trie,sel_5,400,1,"(30,60]",0,empty_stratum,0,,0,0,0,0,0,0,0,0,0,0,0,0,0
TL,l1_base_trie_t1024_lng_entry_trie,sel_5,400,1,"(60,80]",0,empty_stratum,0,,0,0,0,0,0,0,0,0,0,0,0,0,0
TL,l1_base_trie_t1024_lng_entry_trie,sel_5,400,1,"(80,95]",0,empty_stratum,0,,0,0,0,0,0,0,0,0,0,0,0,0,0
TL,l1_base_trie_t1024_lng_entry_trie,sel_5,400,1,"(95,100]",43,complete,43,0.7325581395348837,5,21,5,1,0,1,0,1,3,3,7,9,13
TL,l1_base_trie_t1024_lng_entry_trie,sel_5,400,2,"(0,0.5]",550,complete,550,0.9578181818181818,0,56,0,0,0,0,0,1,10,11,34,86,408
TL,l1_base_trie_t1024_lng_entry_trie,sel_5,400,2,"(0.5,1]",206,complete,206,0.9412621359223301,0,32,0,0,0,1,0,5,0,7,19,30,144
TL,l1_base_trie_t1024_lng_entry_trie,sel_5,400,2,"(1,5]",201,complete,201,0.8253731343283582,1,70,1,3,8,9,3,6,8,16,16,27,104
TL,l1_base_trie_t1024_lng_entry_trie,sel_5,400,2,"(5,10]",0,empty_stratum,0,,0,0,0,0,0,0,0,0,0,0,0,0,0
TL,l1_base_trie_t1024_lng_entry_trie,sel_5,400,2,"(10,30]",0,empty_stratum,0,,0,0,0,0,0,0,0,0,0,0,0,0,0
TL,l1_base_trie_t1024_lng_entry_trie,sel_5,400,2,"(30,60]",0,empty_stratum,0,,0,0,0,0,0,0,0,0,0,0,0,0,0
TL,l1_base_trie_t1024_lng_entry_trie,sel_5,400,2,"(60,80]",0,empty_stratum,0,,0,0,0,0,0,0,0,0,0,0,0,0,0
TL,l1_base_trie_t1024_lng_entry_trie,sel_5,400,2,"(80,95]",0,empty_stratum,0,,0,0,0,0,0,0,0,0,0,0,0,0,0
TL,l1_base_trie_t1024_lng_entry_trie,sel_5,400,2,"(95,100]",43,complete,43,0.7325581395348837,5,21,5,1,0,1,0,1,3,3,7,9,13
TT,l1_base_trie_t1024_trie_entry_trie,sel_5,400,1,"(0,0.5]",550,complete,550,0.9578181818181818,0,56,0,0,0,0,0,1,10,11,34,86,408
TT,l1_base_trie_t1024_trie_entry_trie,sel_5,400,1,"(0.5,1]",206,complete,206,0.9368932038834952,1,33,1,0,0,1,0,5,0,7,19,29,144
TT,l1_base_trie_t1024_trie_entry_trie,sel_5,400,1,"(1,5]",201,complete,201,0.8099502487562189,1,79,1,3,10,7,3,7,10,19,19,28,94
TT,l1_base_trie_t1024_trie_entry_trie,sel_5,400,1,"(5,10]",0,empty_stratum,0,,0,0,0,0,0,0,0,0,0,0,0,0,0
TT,l1_base_trie_t1024_trie_entry_trie,sel_5,400,1,"(10,30]",0,empty_stratum,0,,0,0,0,0,0,0,0,0,0,0,0,0,0
TT,l1_base_trie_t1024_trie_entry_trie,sel_5,400,1,"(30,60]",0,empty_stratum,0,,0,0,0,0,0,0,0,0,0,0,0,0,0
TT,l1_base_trie_t1024_trie_entry_trie,sel_5,400,1,"(60,80]",0,empty_stratum,0,,0,0,0,0,0,0,0,0,0,0,0,0,0
TT,l1_base_trie_t1024_trie_entry_trie,sel_5,400,1,"(80,95]",0,empty_stratum,0,,0,0,0,0,0,0,0,0,0,0,0,0,0
TT,l1_base_trie_t1024_trie_entry_trie,sel_5,400,1,"(95,100]",43,complete,43,0.6627906976744186,4,28,4,1,2,0,3,2,4,4,8,8,7
TT,l1_base_trie_t1024_trie_entry_trie,sel_5,400,2,"(0,0.5]",550,complete,550,0.9578181818181818,0,56,0,0,0,0,0,1,10,11,34,86,408
TT,l1_base_trie_t1024_trie_entry_trie,sel_5,400,2,"(0.5,1]",206,complete,206,0.9368932038834952,1,33,1,0,0,1,0,5,0,7,19,29,144
TT,l1_base_trie_t1024_trie_entry_trie,sel_5,400,2,"(1,5]",201,complete,201,0.8099502487562189,1,79,1,3,10,7,3,7,10,19,19,28,94
TT,l1_base_trie_t1024_trie_entry_trie,sel_5,400,2,"(5,10]",0,empty_stratum,0,,0,0,0,0,0,0,0,0,0,0,0,0,0
TT,l1_base_trie_t1024_trie_entry_trie,sel_5,400,2,"(10,30]",0,empty_stratum,0,,0,0,0,0,0,0,0,0,0,0,0,0,0
TT,l1_base_trie_t1024_trie_entry_trie,sel_5,400,2,"(30,60]",0,empty_stratum,0,,0,0,0,0,0,0,0,0,0,0,0,0,0
TT,l1_base_trie_t1024_trie_entry_trie,sel_5,400,2,"(60,80]",0,empty_stratum,0,,0,0,0,0,0,0,0,0,0,0,0,0,0
TT,l1_base_trie_t1024_trie_entry_trie,sel_5,400,2,"(80,95]",0,empty_stratum,0,,0,0,0,0,0,0,0,0,0,0,0,0,0
TT,l1_base_trie_t1024_trie_entry_trie,sel_5,400,2,"(95,100]",43,complete,43,0.6627906976744186,4,28,4,1,2,0,3,2,4,4,8,8,7
LLL,l2_t1024_16384_ll_entry_optimized_lng,sel_5,,1,"(0,0.5]",550,no_crossing,,,,,,,,,,,,,,,
LLL,l2_t1024_16384_ll_entry_optimized_lng,sel_5,,1,"(0.5,1]",206,no_crossing,,,,,,,,,,,,,,,
LLL,l2_t1024_16384_ll_entry_optimized_lng,sel_5,,1,"(1,5]",201,no_crossing,,,,,,,,,,,,,,,
LLL,l2_t1024_16384_ll_entry_optimized_lng,sel_5,,1,"(5,10]",0,no_crossing,,,,,,,,,,,,,,,
LLL,l2_t1024_16384_ll_entry_optimized_lng,sel_5,,1,"(10,30]",0,no_crossing,,,,,,,,,,,,,,,
LLL,l2_t1024_16384_ll_entry_optimized_lng,sel_5,,1,"(30,60]",0,no_crossing,,,,,,,,,,,,,,,
LLL,l2_t1024_16384_ll_entry_optimized_lng,sel_5,,1,"(60,80]",0,no_crossing,,,,,,,,,,,,,,,
LLL,l2_t1024_16384_ll_entry_optimized_lng,sel_5,,1,"(80,95]",0,no_crossing,,,,,,,,,,,,,,,
LLL,l2_t1024_16384_ll_entry_optimized_lng,sel_5,,1,"(95,100]",43,no_crossing,,,,,,,,,,,,,,,
LLL,l2_t1024_16384_ll_entry_optimized_lng,sel_5,,2,"(0,0.5]",550,no_crossing,,,,,,,,,,,,,,,
LLL,l2_t1024_16384_ll_entry_optimized_lng,sel_5,,2,"(0.5,1]",206,no_crossing,,,,,,,,,,,,,,,
LLL,l2_t1024_16384_ll_entry_optimized_lng,sel_5,,2,"(1,5]",201,no_crossing,,,,,,,,,,,,,,,
LLL,l2_t1024_16384_ll_entry_optimized_lng,sel_5,,2,"(5,10]",0,no_crossing,,,,,,,,,,,,,,,
LLL,l2_t1024_16384_ll_entry_optimized_lng,sel_5,,2,"(10,30]",0,no_crossing,,,,,,,,,,,,,,,
LLL,l2_t1024_16384_ll_entry_optimized_lng,sel_5,,2,"(30,60]",0,no_crossing,,,,,,,,,,,,,,,
LLL,l2_t1024_16384_ll_entry_optimized_lng,sel_5,,2,"(60,80]",0,no_crossing,,,,,,,,,,,,,,,
LLL,l2_t1024_16384_ll_entry_optimized_lng,sel_5,,2,"(80,95]",0,no_crossing,,,,,,,,,,,,,,,
LLL,l2_t1024_16384_ll_entry_optimized_lng,sel_5,,2,"(95,100]",43,no_crossing,,,,,,,,,,,,,,,
LLT,l2_t1024_16384_lt_entry_optimized_lng,sel_5,,1,"(0,0.5]",550,no_crossing,,,,,,,,,,,,,,,
LLT,l2_t1024_16384_lt_entry_optimized_lng,sel_5,,1,"(0.5,1]",206,no_crossing,,,,,,,,,,,,,,,
LLT,l2_t1024_16384_lt_entry_optimized_lng,sel_5,,1,"(1,5]",201,no_crossing,,,,,,,,,,,,,,,
LLT,l2_t1024_16384_lt_entry_optimized_lng,sel_5,,1,"(5,10]",0,no_crossing,,,,,,,,,,,,,,,
LLT,l2_t1024_16384_lt_entry_optimized_lng,sel_5,,1,"(10,30]",0,no_crossing,,,,,,,,,,,,,,,
LLT,l2_t1024_16384_lt_entry_optimized_lng,sel_5,,1,"(30,60]",0,no_crossing,,,,,,,,,,,,,,,
LLT,l2_t1024_16384_lt_entry_optimized_lng,sel_5,,1,"(60,80]",0,no_crossing,,,,,,,,,,,,,,,
LLT,l2_t1024_16384_lt_entry_optimized_lng,sel_5,,1,"(80,95]",0,no_crossing,,,,,,,,,,,,,,,
LLT,l2_t1024_16384_lt_entry_optimized_lng,sel_5,,1,"(95,100]",43,no_crossing,,,,,,,,,,,,,,,
LLT,l2_t1024_16384_lt_entry_optimized_lng,sel_5,,2,"(0,0.5]",550,no_crossing,,,,,,,,,,,,,,,
LLT,l2_t1024_16384_lt_entry_optimized_lng,sel_5,,2,"(0.5,1]",206,no_crossing,,,,,,,,,,,,,,,
LLT,l2_t1024_16384_lt_entry_optimized_lng,sel_5,,2,"(1,5]",201,no_crossing,,,,,,,,,,,,,,,
LLT,l2_t1024_16384_lt_entry_optimized_lng,sel_5,,2,"(5,10]",0,no_crossing,,,,,,,,,,,,,,,
LLT,l2_t1024_16384_lt_entry_optimized_lng,sel_5,,2,"(10,30]",0,no_crossing,,,,,,,,,,,,,,,
LLT,l2_t1024_16384_lt_entry_optimized_lng,sel_5,,2,"(30,60]",0,no_crossing,,,,,,,,,,,,,,,
LLT,l2_t1024_16384_lt_entry_optimized_lng,sel_5,,2,"(60,80]",0,no_crossing,,,,,,,,,,,,,,,
LLT,l2_t1024_16384_lt_entry_optimized_lng,sel_5,,2,"(80,95]",0,no_crossing,,,,,,,,,,,,,,,
LLT,l2_t1024_16384_lt_entry_optimized_lng,sel_5,,2,"(95,100]",43,no_crossing,,,,,,,,,,,,,,,
LTL,l2_t1024_16384_tl_entry_optimized_lng,sel_5,,1,"(0,0.5]",550,no_crossing,,,,,,,,,,,,,,,
LTL,l2_t1024_16384_tl_entry_optimized_lng,sel_5,,1,"(0.5,1]",206,no_crossing,,,,,,,,,,,,,,,
LTL,l2_t1024_16384_tl_entry_optimized_lng,sel_5,,1,"(1,5]",201,no_crossing,,,,,,,,,,,,,,,
LTL,l2_t1024_16384_tl_entry_optimized_lng,sel_5,,1,"(5,10]",0,no_crossing,,,,,,,,,,,,,,,
LTL,l2_t1024_16384_tl_entry_optimized_lng,sel_5,,1,"(10,30]",0,no_crossing,,,,,,,,,,,,,,,
LTL,l2_t1024_16384_tl_entry_optimized_lng,sel_5,,1,"(30,60]",0,no_crossing,,,,,,,,,,,,,,,
LTL,l2_t1024_16384_tl_entry_optimized_lng,sel_5,,1,"(60,80]",0,no_crossing,,,,,,,,,,,,,,,
LTL,l2_t1024_16384_tl_entry_optimized_lng,sel_5,,1,"(80,95]",0,no_crossing,,,,,,,,,,,,,,,
LTL,l2_t1024_16384_tl_entry_optimized_lng,sel_5,,1,"(95,100]",43,no_crossing,,,,,,,,,,,,,,,
LTL,l2_t1024_16384_tl_entry_optimized_lng,sel_5,,2,"(0,0.5]",550,no_crossing,,,,,,,,,,,,,,,
LTL,l2_t1024_16384_tl_entry_optimized_lng,sel_5,,2,"(0.5,1]",206,no_crossing,,,,,,,,,,,,,,,
LTL,l2_t1024_16384_tl_entry_optimized_lng,sel_5,,2,"(1,5]",201,no_crossing,,,,,,,,,,,,,,,
LTL,l2_t1024_16384_tl_entry_optimized_lng,sel_5,,2,"(5,10]",0,no_crossing,,,,,,,,,,,,,,,
LTL,l2_t1024_16384_tl_entry_optimized_lng,sel_5,,2,"(10,30]",0,no_crossing,,,,,,,,,,,,,,,
LTL,l2_t1024_16384_tl_entry_optimized_lng,sel_5,,2,"(30,60]",0,no_crossing,,,,,,,,,,,,,,,
LTL,l2_t1024_16384_tl_entry_optimized_lng,sel_5,,2,"(60,80]",0,no_crossing,,,,,,,,,,,,,,,
LTL,l2_t1024_16384_tl_entry_optimized_lng,sel_5,,2,"(80,95]",0,no_crossing,,,,,,,,,,,,,,,
LTL,l2_t1024_16384_tl_entry_optimized_lng,sel_5,,2,"(95,100]",43,no_crossing,,,,,,,,,,,,,,,
LTT,l2_t1024_16384_tt_entry_optimized_lng,sel_5,,1,"(0,0.5]",550,no_crossing,,,,,,,,,,,,,,,
LTT,l2_t1024_16384_tt_entry_optimized_lng,sel_5,,1,"(0.5,1]",206,no_crossing,,,,,,,,,,,,,,,
LTT,l2_t1024_16384_tt_entry_optimized_lng,sel_5,,1,"(1,5]",201,no_crossing,,,,,,,,,,,,,,,
LTT,l2_t1024_16384_tt_entry_optimized_lng,sel_5,,1,"(5,10]",0,no_crossing,,,,,,,,,,,,,,,
LTT,l2_t1024_16384_tt_entry_optimized_lng,sel_5,,1,"(10,30]",0,no_crossing,,,,,,,,,,,,,,,
LTT,l2_t1024_16384_tt_entry_optimized_lng,sel_5,,1,"(30,60]",0,no_crossing,,,,,,,,,,,,,,,
LTT,l2_t1024_16384_tt_entry_optimized_lng,sel_5,,1,"(60,80]",0,no_crossing,,,,,,,,,,,,,,,
LTT,l2_t1024_16384_tt_entry_optimized_lng,sel_5,,1,"(80,95]",0,no_crossing,,,,,,,,,,,,,,,
LTT,l2_t1024_16384_tt_entry_optimized_lng,sel_5,,1,"(95,100]",43,no_crossing,,,,,,,,,,,,,,,
LTT,l2_t1024_16384_tt_entry_optimized_lng,sel_5,,2,"(0,0.5]",550,no_crossing,,,,,,,,,,,,,,,
LTT,l2_t1024_16384_tt_entry_optimized_lng,sel_5,,2,"(0.5,1]",206,no_crossing,,,,,,,,,,,,,,,
LTT,l2_t1024_16384_tt_entry_optimized_lng,sel_5,,2,"(1,5]",201,no_crossing,,,,,,,,,,,,,,,
LTT,l2_t1024_16384_tt_entry_optimized_lng,sel_5,,2,"(5,10]",0,no_crossing,,,,,,,,,,,,,,,
LTT,l2_t1024_16384_tt_entry_optimized_lng,sel_5,,2,"(10,30]",0,no_crossing,,,,,,,,,,,,,,,
LTT,l2_t1024_16384_tt_entry_optimized_lng,sel_5,,2,"(30,60]",0,no_crossing,,,,,,,,,,,,,,,
LTT,l2_t1024_16384_tt_entry_optimized_lng,sel_5,,2,"(60,80]",0,no_crossing,,,,,,,,,,,,,,,
LTT,l2_t1024_16384_tt_entry_optimized_lng,sel_5,,2,"(80,95]",0,no_crossing,,,,,,,,,,,,,,,
LTT,l2_t1024_16384_tt_entry_optimized_lng,sel_5,,2,"(95,100]",43,no_crossing,,,,,,,,,,,,,,,
TLL,l2_base_trie_t1024_16384_ll_entry_trie,sel_5,400,1,"(0,0.5]",550,complete,550,0.9578181818181818,0,56,0,0,0,0,0,1,10,11,34,86,408
TLL,l2_base_trie_t1024_16384_ll_entry_trie,sel_5,400,1,"(0.5,1]",206,complete,206,0.9412621359223301,0,32,0,0,0,1,0,5,0,7,19,30,144
TLL,l2_base_trie_t1024_16384_ll_entry_trie,sel_5,400,1,"(1,5]",201,complete,201,0.8253731343283582,1,70,1,3,8,9,3,6,8,16,16,27,104
TLL,l2_base_trie_t1024_16384_ll_entry_trie,sel_5,400,1,"(5,10]",0,empty_stratum,0,,0,0,0,0,0,0,0,0,0,0,0,0,0
TLL,l2_base_trie_t1024_16384_ll_entry_trie,sel_5,400,1,"(10,30]",0,empty_stratum,0,,0,0,0,0,0,0,0,0,0,0,0,0,0
TLL,l2_base_trie_t1024_16384_ll_entry_trie,sel_5,400,1,"(30,60]",0,empty_stratum,0,,0,0,0,0,0,0,0,0,0,0,0,0,0
TLL,l2_base_trie_t1024_16384_ll_entry_trie,sel_5,400,1,"(60,80]",0,empty_stratum,0,,0,0,0,0,0,0,0,0,0,0,0,0,0
TLL,l2_base_trie_t1024_16384_ll_entry_trie,sel_5,400,1,"(80,95]",0,empty_stratum,0,,0,0,0,0,0,0,0,0,0,0,0,0,0
TLL,l2_base_trie_t1024_16384_ll_entry_trie,sel_5,400,1,"(95,100]",43,complete,43,0.7418604651162791,4,20,4,2,0,1,0,1,2,3,7,10,13
TLL,l2_base_trie_t1024_16384_ll_entry_trie,sel_5,400,2,"(0,0.5]",550,complete,550,0.9578181818181818,0,56,0,0,0,0,0,1,10,11,34,86,408
TLL,l2_base_trie_t1024_16384_ll_entry_trie,sel_5,400,2,"(0.5,1]",206,complete,206,0.9412621359223301,0,32,0,0,0,1,0,5,0,7,19,30,144
TLL,l2_base_trie_t1024_16384_ll_entry_trie,sel_5,400,2,"(1,5]",201,complete,201,0.8253731343283582,1,70,1,3,8,9,3,6,8,16,16,27,104
TLL,l2_base_trie_t1024_16384_ll_entry_trie,sel_5,400,2,"(5,10]",0,empty_stratum,0,,0,0,0,0,0,0,0,0,0,0,0,0,0
TLL,l2_base_trie_t1024_16384_ll_entry_trie,sel_5,400,2,"(10,30]",0,empty_stratum,0,,0,0,0,0,0,0,0,0,0,0,0,0,0
TLL,l2_base_trie_t1024_16384_ll_entry_trie,sel_5,400,2,"(30,60]",0,empty_stratum,0,,0,0,0,0,0,0,0,0,0,0,0,0,0
TLL,l2_base_trie_t1024_16384_ll_entry_trie,sel_5,400,2,"(60,80]",0,empty_stratum,0,,0,0,0,0,0,0,0,0,0,0,0,0,0
TLL,l2_base_trie_t1024_16384_ll_entry_trie,sel_5,400,2,"(80,95]",0,empty_stratum,0,,0,0,0,0,0,0,0,0,0,0,0,0,0
TLL,l2_base_trie_t1024_16384_ll_entry_trie,sel_5,400,2,"(95,100]",43,complete,43,0.7418604651162791,4,20,4,2,0,1,0,1,2,3,7,10,13
TLT,l2_base_trie_t1024_16384_lt_entry_trie,sel_5,400,1,"(0,0.5]",550,complete,550,0.9578181818181818,0,56,0,0,0,0,0,1,10,11,34,86,408
TLT,l2_base_trie_t1024_16384_lt_entry_trie,sel_5,400,1,"(0.5,1]",206,complete,206,0.9412621359223301,0,32,0,0,0,1,0,5,0,7,19,30,144
TLT,l2_base_trie_t1024_16384_lt_entry_trie,sel_5,400,1,"(1,5]",201,complete,201,0.8253731343283582,1,70,1,3,8,9,3,6,8,16,16,27,104
TLT,l2_base_trie_t1024_16384_lt_entry_trie,sel_5,400,1,"(5,10]",0,empty_stratum,0,,0,0,0,0,0,0,0,0,0,0,0,0,0
TLT,l2_base_trie_t1024_16384_lt_entry_trie,sel_5,400,1,"(10,30]",0,empty_stratum,0,,0,0,0,0,0,0,0,0,0,0,0,0,0
TLT,l2_base_trie_t1024_16384_lt_entry_trie,sel_5,400,1,"(30,60]",0,empty_stratum,0,,0,0,0,0,0,0,0,0,0,0,0,0,0
TLT,l2_base_trie_t1024_16384_lt_entry_trie,sel_5,400,1,"(60,80]",0,empty_stratum,0,,0,0,0,0,0,0,0,0,0,0,0,0,0
TLT,l2_base_trie_t1024_16384_lt_entry_trie,sel_5,400,1,"(80,95]",0,empty_stratum,0,,0,0,0,0,0,0,0,0,0,0,0,0,0
TLT,l2_base_trie_t1024_16384_lt_entry_trie,sel_5,400,1,"(95,100]",43,complete,43,0.7441860465116279,4,19,4,2,0,1,0,1,2,3,6,11,13
TLT,l2_base_trie_t1024_16384_lt_entry_trie,sel_5,400,2,"(0,0.5]",550,complete,550,0.9578181818181818,0,56,0,0,0,0,0,1,10,11,34,86,408
TLT,l2_base_trie_t1024_16384_lt_entry_trie,sel_5,400,2,"(0.5,1]",206,complete,206,0.9412621359223301,0,32,0,0,0,1,0,5,0,7,19,30,144
TLT,l2_base_trie_t1024_16384_lt_entry_trie,sel_5,400,2,"(1,5]",201,complete,201,0.8253731343283582,1,70,1,3,8,9,3,6,8,16,16,27,104
TLT,l2_base_trie_t1024_16384_lt_entry_trie,sel_5,400,2,"(5,10]",0,empty_stratum,0,,0,0,0,0,0,0,0,0,0,0,0,0,0
TLT,l2_base_trie_t1024_16384_lt_entry_trie,sel_5,400,2,"(10,30]",0,empty_stratum,0,,0,0,0,0,0,0,0,0,0,0,0,0,0
TLT,l2_base_trie_t1024_16384_lt_entry_trie,sel_5,400,2,"(30,60]",0,empty_stratum,0,,0,0,0,0,0,0,0,0,0,0,0,0,0
TLT,l2_base_trie_t1024_16384_lt_entry_trie,sel_5,400,2,"(60,80]",0,empty_stratum,0,,0,0,0,0,0,0,0,0,0,0,0,0,0
TLT,l2_base_trie_t1024_16384_lt_entry_trie,sel_5,400,2,"(80,95]",0,empty_stratum,0,,0,0,0,0,0,0,0,0,0,0,0,0,0
TLT,l2_base_trie_t1024_16384_lt_entry_trie,sel_5,400,2,"(95,100]",43,complete,43,0.7441860465116279,4,19,4,2,0,1,0,1,2,3,6,11,13
TTL,l2_base_trie_t1024_16384_tl_entry_trie,sel_5,400,1,"(0,0.5]",550,complete,550,0.9578181818181818,0,56,0,0,0,0,0,1,10,11,34,86,408
TTL,l2_base_trie_t1024_16384_tl_entry_trie,sel_5,400,1,"(0.5,1]",206,complete,206,0.9368932038834952,1,33,1,0,0,1,0,5,0,7,19,29,144
TTL,l2_base_trie_t1024_16384_tl_entry_trie,sel_5,400,1,"(1,5]",201,complete,201,0.8099502487562189,1,79,1,3,10,7,3,7,10,19,19,28,94
TTL,l2_base_trie_t1024_16384_tl_entry_trie,sel_5,400,1,"(5,10]",0,empty_stratum,0,,0,0,0,0,0,0,0,0,0,0,0,0,0
TTL,l2_base_trie_t1024_16384_tl_entry_trie,sel_5,400,1,"(10,30]",0,empty_stratum,0,,0,0,0,0,0,0,0,0,0,0,0,0,0
TTL,l2_base_trie_t1024_16384_tl_entry_trie,sel_5,400,1,"(30,60]",0,empty_stratum,0,,0,0,0,0,0,0,0,0,0,0,0,0,0
TTL,l2_base_trie_t1024_16384_tl_entry_trie,sel_5,400,1,"(60,80]",0,empty_stratum,0,,0,0,0,0,0,0,0,0,0,0,0,0,0
TTL,l2_base_trie_t1024_16384_tl_entry_trie,sel_5,400,1,"(80,95]",0,empty_stratum,0,,0,0,0,0,0,0,0,0,0,0,0,0,0
TTL,l2_base_trie_t1024_16384_tl_entry_trie,sel_5,400,1,"(95,100]",43,complete,43,0.6558139534883721,4,28,4,1,2,0,3,3,3,6,6,8,7
TTL,l2_base_trie_t1024_16384_tl_entry_trie,sel_5,400,2,"(0,0.5]",550,complete,550,0.9578181818181818,0,56,0,0,0,0,0,1,10,11,34,86,408
TTL,l2_base_trie_t1024_16384_tl_entry_trie,sel_5,400,2,"(0.5,1]",206,complete,206,0.9368932038834952,1,33,1,0,0,1,0,5,0,7,19,29,144
TTL,l2_base_trie_t1024_16384_tl_entry_trie,sel_5,400,2,"(1,5]",201,complete,201,0.8099502487562189,1,79,1,3,10,7,3,7,10,19,19,28,94
TTL,l2_base_trie_t1024_16384_tl_entry_trie,sel_5,400,2,"(5,10]",0,empty_stratum,0,,0,0,0,0,0,0,0,0,0,0,0,0,0
TTL,l2_base_trie_t1024_16384_tl_entry_trie,sel_5,400,2,"(10,30]",0,empty_stratum,0,,0,0,0,0,0,0,0,0,0,0,0,0,0
TTL,l2_base_trie_t1024_16384_tl_entry_trie,sel_5,400,2,"(30,60]",0,empty_stratum,0,,0,0,0,0,0,0,0,0,0,0,0,0,0
TTL,l2_base_trie_t1024_16384_tl_entry_trie,sel_5,400,2,"(60,80]",0,empty_stratum,0,,0,0,0,0,0,0,0,0,0,0,0,0,0
TTL,l2_base_trie_t1024_16384_tl_entry_trie,sel_5,400,2,"(80,95]",0,empty_stratum,0,,0,0,0,0,0,0,0,0,0,0,0,0,0
TTL,l2_base_trie_t1024_16384_tl_entry_trie,sel_5,400,2,"(95,100]",43,complete,43,0.6558139534883721,4,28,4,1,2,0,3,3,3,6,6,8,7
TTT,l2_base_trie_t1024_16384_tt_entry_trie,sel_5,400,1,"(0,0.5]",550,complete,550,0.9578181818181818,0,56,0,0,0,0,0,1,10,11,34,86,408
TTT,l2_base_trie_t1024_16384_tt_entry_trie,sel_5,400,1,"(0.5,1]",206,complete,206,0.9368932038834952,1,33,1,0,0,1,0,5,0,7,19,29,144
TTT,l2_base_trie_t1024_16384_tt_entry_trie,sel_5,400,1,"(1,5]",201,complete,201,0.8099502487562189,1,79,1,3,10,7,3,7,10,19,19,28,94
TTT,l2_base_trie_t1024_16384_tt_entry_trie,sel_5,400,1,"(5,10]",0,empty_stratum,0,,0,0,0,0,0,0,0,0,0,0,0,0,0
TTT,l2_base_trie_t1024_16384_tt_entry_trie,sel_5,400,1,"(10,30]",0,empty_stratum,0,,0,0,0,0,0,0,0,0,0,0,0,0,0
TTT,l2_base_trie_t1024_16384_tt_entry_trie,sel_5,400,1,"(30,60]",0,empty_stratum,0,,0,0,0,0,0,0,0,0,0,0,0,0,0
TTT,l2_base_trie_t1024_16384_tt_entry_trie,sel_5,400,1,"(60,80]",0,empty_stratum,0,,0,0,0,0,0,0,0,0,0,0,0,0,0
TTT,l2_base_trie_t1024_16384_tt_entry_trie,sel_5,400,1,"(80,95]",0,empty_stratum,0,,0,0,0,0,0,0,0,0,0,0,0,0,0
TTT,l2_base_trie_t1024_16384_tt_entry_trie,sel_5,400,1,"(95,100]",43,complete,43,0.6627906976744186,4,28,4,1,2,0,3,2,3,6,7,8,7
TTT,l2_base_trie_t1024_16384_tt_entry_trie,sel_5,400,2,"(0,0.5]",550,complete,550,0.9578181818181818,0,56,0,0,0,0,0,1,10,11,34,86,408
TTT,l2_base_trie_t1024_16384_tt_entry_trie,sel_5,400,2,"(0.5,1]",206,complete,206,0.9368932038834952,1,33,1,0,0,1,0,5,0,7,19,29,144
TTT,l2_base_trie_t1024_16384_tt_entry_trie,sel_5,400,2,"(1,5]",201,complete,201,0.8099502487562189,1,79,1,3,10,7,3,7,10,19,19,28,94
TTT,l2_base_trie_t1024_16384_tt_entry_trie,sel_5,400,2,"(5,10]",0,empty_stratum,0,,0,0,0,0,0,0,0,0,0,0,0,0,0
TTT,l2_base_trie_t1024_16384_tt_entry_trie,sel_5,400,2,"(10,30]",0,empty_stratum,0,,0,0,0,0,0,0,0,0,0,0,0,0,0
TTT,l2_base_trie_t1024_16384_tt_entry_trie,sel_5,400,2,"(30,60]",0,empty_stratum,0,,0,0,0,0,0,0,0,0,0,0,0,0,0
TTT,l2_base_trie_t1024_16384_tt_entry_trie,sel_5,400,2,"(60,80]",0,empty_stratum,0,,0,0,0,0,0,0,0,0,0,0,0,0,0
TTT,l2_base_trie_t1024_16384_tt_entry_trie,sel_5,400,2,"(80,95]",0,empty_stratum,0,,0,0,0,0,0,0,0,0,0,0,0,0,0
TTT,l2_base_trie_t1024_16384_tt_entry_trie,sel_5,400,2,"(95,100]",43,complete,43,0.6627906976744186,4,28,4,1,2,0,3,2,3,6,7,8,7
L,l0_lng_entry_optimized_lng,sel_10,26000,1,"(0,0.5]",0,empty_stratum,0,,0,0,0,0,0,0,0,0,0,0,0,0,0
L,l0_lng_entry_optimized_lng,sel_10,26000,1,"(0.5,1]",0,empty_stratum,0,,0,0,0,0,0,0,0,0,0,0,0,0,0
L,l0_lng_entry_optimized_lng,sel_10,26000,1,"(1,5]",595,complete,595,0.984873949579832,0,18,0,1,0,2,4,3,2,4,2,4,573
L,l0_lng_entry_optimized_lng,sel_10,26000,1,"(5,10]",53,complete,53,0.9415094339622642,1,5,1,1,0,0,0,0,1,1,1,3,45
L,l0_lng_entry_optimized_lng,sel_10,26000,1,"(10,30]",352,complete,352,0.7602272727272728,14,167,14,4,9,12,17,22,24,28,37,46,139
L,l0_lng_entry_optimized_lng,sel_10,26000,1,"(30,60]",0,empty_stratum,0,,0,0,0,0,0,0,0,0,0,0,0,0,0
L,l0_lng_entry_optimized_lng,sel_10,26000,1,"(60,80]",0,empty_stratum,0,,0,0,0,0,0,0,0,0,0,0,0,0,0
L,l0_lng_entry_optimized_lng,sel_10,26000,1,"(80,95]",0,empty_stratum,0,,0,0,0,0,0,0,0,0,0,0,0,0,0
L,l0_lng_entry_optimized_lng,sel_10,26000,1,"(95,100]",0,empty_stratum,0,,0,0,0,0,0,0,0,0,0,0,0,0,0
L,l0_lng_entry_optimized_lng,sel_10,26000,2,"(0,0.5]",0,empty_stratum,0,,0,0,0,0,0,0,0,0,0,0,0,0,0
L,l0_lng_entry_optimized_lng,sel_10,26000,2,"(0.5,1]",0,empty_stratum,0,,0,0,0,0,0,0,0,0,0,0,0,0,0
L,l0_lng_entry_optimized_lng,sel_10,26000,2,"(1,5]",595,complete,595,0.984873949579832,0,18,0,1,0,2,4,3,2,4,2,4,573
L,l0_lng_entry_optimized_lng,sel_10,26000,2,"(5,10]",53,complete,53,0.9415094339622642,1,5,1,1,0,0,0,0,1,1,1,3,45
L,l0_lng_entry_optimized_lng,sel_10,26000,2,"(10,30]",352,complete,352,0.7602272727272728,14,167,14,4,9,12,17,22,24,28,37,46,139
L,l0_lng_entry_optimized_lng,sel_10,26000,2,"(30,60]",0,empty_stratum,0,,0,0,0,0,0,0,0,0,0,0,0,0,0
L,l0_lng_entry_optimized_lng,sel_10,26000,2,"(60,80]",0,empty_stratum,0,,0,0,0,0,0,0,0,0,0,0,0,0,0
L,l0_lng_entry_optimized_lng,sel_10,26000,2,"(80,95]",0,empty_stratum,0,,0,0,0,0,0,0,0,0,0,0,0,0,0
L,l0_lng_entry_optimized_lng,sel_10,26000,2,"(95,100]",0,empty_stratum,0,,0,0,0,0,0,0,0,0,0,0,0,0,0
T,l0_trie_entry_trie,sel_10,64000,1,"(0,0.5]",0,empty_stratum,0,,0,0,0,0,0,0,0,0,0,0,0,0,0
T,l0_trie_entry_trie,sel_10,64000,1,"(0.5,1]",0,empty_stratum,0,,0,0,0,0,0,0,0,0,0,0,0,0,0
T,l0_trie_entry_trie,sel_10,64000,1,"(1,5]",595,complete,595,0.984873949579832,0,18,0,1,0,2,4,3,2,4,2,4,573
T,l0_trie_entry_trie,sel_10,64000,1,"(5,10]",53,complete,53,0.9641509433962264,1,2,1,1,0,0,0,0,0,0,0,0,51
T,l0_trie_entry_trie,sel_10,64000,1,"(10,30]",352,complete,352,0.8389204545454545,6,134,6,2,1,2,8,16,21,37,41,62,156
T,l0_trie_entry_trie,sel_10,64000,1,"(30,60]",0,empty_stratum,0,,0,0,0,0,0,0,0,0,0,0,0,0,0
T,l0_trie_entry_trie,sel_10,64000,1,"(60,80]",0,empty_stratum,0,,0,0,0,0,0,0,0,0,0,0,0,0,0
T,l0_trie_entry_trie,sel_10,64000,1,"(80,95]",0,empty_stratum,0,,0,0,0,0,0,0,0,0,0,0,0,0,0
T,l0_trie_entry_trie,sel_10,64000,1,"(95,100]",0,empty_stratum,0,,0,0,0,0,0,0,0,0,0,0,0,0,0
T,l0_trie_entry_trie,sel_10,64000,2,"(0,0.5]",0,empty_stratum,0,,0,0,0,0,0,0,0,0,0,0,0,0,0
T,l0_trie_entry_trie,sel_10,64000,2,"(0.5,1]",0,empty_stratum,0,,0,0,0,0,0,0,0,0,0,0,0,0,0
T,l0_trie_entry_trie,sel_10,64000,2,"(1,5]",595,complete,595,0.984873949579832,0,18,0,1,0,2,4,3,2,4,2,4,573
T,l0_trie_entry_trie,sel_10,64000,2,"(5,10]",53,complete,53,0.9641509433962264,1,2,1,1,0,0,0,0,0,0,0,0,51
T,l0_trie_entry_trie,sel_10,64000,2,"(10,30]",352,complete,352,0.837215909090909,6,136,6,2,1,2,9,15,21,39,41,61,155
T,l0_trie_entry_trie,sel_10,64000,2,"(30,60]",0,empty_stratum,0,,0,0,0,0,0,0,0,0,0,0,0,0,0
T,l0_trie_entry_trie,sel_10,64000,2,"(60,80]",0,empty_stratum,0,,0,0,0,0,0,0,0,0,0,0,0,0,0
T,l0_trie_entry_trie,sel_10,64000,2,"(80,95]",0,empty_stratum,0,,0,0,0,0,0,0,0,0,0,0,0,0,0
T,l0_trie_entry_trie,sel_10,64000,2,"(95,100]",0,empty_stratum,0,,0,0,0,0,0,0,0,0,0,0,0,0,0
LL,l1_t1024_lng_entry_optimized_lng,sel_10,,1,"(0,0.5]",0,no_crossing,,,,,,,,,,,,,,,
LL,l1_t1024_lng_entry_optimized_lng,sel_10,,1,"(0.5,1]",0,no_crossing,,,,,,,,,,,,,,,
LL,l1_t1024_lng_entry_optimized_lng,sel_10,,1,"(1,5]",595,no_crossing,,,,,,,,,,,,,,,
LL,l1_t1024_lng_entry_optimized_lng,sel_10,,1,"(5,10]",53,no_crossing,,,,,,,,,,,,,,,
LL,l1_t1024_lng_entry_optimized_lng,sel_10,,1,"(10,30]",352,no_crossing,,,,,,,,,,,,,,,
LL,l1_t1024_lng_entry_optimized_lng,sel_10,,1,"(30,60]",0,no_crossing,,,,,,,,,,,,,,,
LL,l1_t1024_lng_entry_optimized_lng,sel_10,,1,"(60,80]",0,no_crossing,,,,,,,,,,,,,,,
LL,l1_t1024_lng_entry_optimized_lng,sel_10,,1,"(80,95]",0,no_crossing,,,,,,,,,,,,,,,
LL,l1_t1024_lng_entry_optimized_lng,sel_10,,1,"(95,100]",0,no_crossing,,,,,,,,,,,,,,,
LL,l1_t1024_lng_entry_optimized_lng,sel_10,,2,"(0,0.5]",0,no_crossing,,,,,,,,,,,,,,,
LL,l1_t1024_lng_entry_optimized_lng,sel_10,,2,"(0.5,1]",0,no_crossing,,,,,,,,,,,,,,,
LL,l1_t1024_lng_entry_optimized_lng,sel_10,,2,"(1,5]",595,no_crossing,,,,,,,,,,,,,,,
LL,l1_t1024_lng_entry_optimized_lng,sel_10,,2,"(5,10]",53,no_crossing,,,,,,,,,,,,,,,
LL,l1_t1024_lng_entry_optimized_lng,sel_10,,2,"(10,30]",352,no_crossing,,,,,,,,,,,,,,,
LL,l1_t1024_lng_entry_optimized_lng,sel_10,,2,"(30,60]",0,no_crossing,,,,,,,,,,,,,,,
LL,l1_t1024_lng_entry_optimized_lng,sel_10,,2,"(60,80]",0,no_crossing,,,,,,,,,,,,,,,
LL,l1_t1024_lng_entry_optimized_lng,sel_10,,2,"(80,95]",0,no_crossing,,,,,,,,,,,,,,,
LL,l1_t1024_lng_entry_optimized_lng,sel_10,,2,"(95,100]",0,no_crossing,,,,,,,,,,,,,,,
LT,l1_t1024_trie_entry_optimized_lng,sel_10,,1,"(0,0.5]",0,no_crossing,,,,,,,,,,,,,,,
LT,l1_t1024_trie_entry_optimized_lng,sel_10,,1,"(0.5,1]",0,no_crossing,,,,,,,,,,,,,,,
LT,l1_t1024_trie_entry_optimized_lng,sel_10,,1,"(1,5]",595,no_crossing,,,,,,,,,,,,,,,
LT,l1_t1024_trie_entry_optimized_lng,sel_10,,1,"(5,10]",53,no_crossing,,,,,,,,,,,,,,,
LT,l1_t1024_trie_entry_optimized_lng,sel_10,,1,"(10,30]",352,no_crossing,,,,,,,,,,,,,,,
LT,l1_t1024_trie_entry_optimized_lng,sel_10,,1,"(30,60]",0,no_crossing,,,,,,,,,,,,,,,
LT,l1_t1024_trie_entry_optimized_lng,sel_10,,1,"(60,80]",0,no_crossing,,,,,,,,,,,,,,,
LT,l1_t1024_trie_entry_optimized_lng,sel_10,,1,"(80,95]",0,no_crossing,,,,,,,,,,,,,,,
LT,l1_t1024_trie_entry_optimized_lng,sel_10,,1,"(95,100]",0,no_crossing,,,,,,,,,,,,,,,
LT,l1_t1024_trie_entry_optimized_lng,sel_10,,2,"(0,0.5]",0,no_crossing,,,,,,,,,,,,,,,
LT,l1_t1024_trie_entry_optimized_lng,sel_10,,2,"(0.5,1]",0,no_crossing,,,,,,,,,,,,,,,
LT,l1_t1024_trie_entry_optimized_lng,sel_10,,2,"(1,5]",595,no_crossing,,,,,,,,,,,,,,,
LT,l1_t1024_trie_entry_optimized_lng,sel_10,,2,"(5,10]",53,no_crossing,,,,,,,,,,,,,,,
LT,l1_t1024_trie_entry_optimized_lng,sel_10,,2,"(10,30]",352,no_crossing,,,,,,,,,,,,,,,
LT,l1_t1024_trie_entry_optimized_lng,sel_10,,2,"(30,60]",0,no_crossing,,,,,,,,,,,,,,,
LT,l1_t1024_trie_entry_optimized_lng,sel_10,,2,"(60,80]",0,no_crossing,,,,,,,,,,,,,,,
LT,l1_t1024_trie_entry_optimized_lng,sel_10,,2,"(80,95]",0,no_crossing,,,,,,,,,,,,,,,
LT,l1_t1024_trie_entry_optimized_lng,sel_10,,2,"(95,100]",0,no_crossing,,,,,,,,,,,,,,,
TL,l1_base_trie_t1024_lng_entry_trie,sel_10,18000,1,"(0,0.5]",0,empty_stratum,0,,0,0,0,0,0,0,0,0,0,0,0,0,0
TL,l1_base_trie_t1024_lng_entry_trie,sel_10,18000,1,"(0.5,1]",0,empty_stratum,0,,0,0,0,0,0,0,0,0,0,0,0,0,0
TL,l1_base_trie_t1024_lng_entry_trie,sel_10,18000,1,"(1,5]",595,complete,595,0.9808403361344538,0,22,0,1,0,3,4,3,1,7,3,14,559
TL,l1_base_trie_t1024_lng_entry_trie,sel_10,18000,1,"(5,10]",53,complete,53,0.939622641509434,1,4,1,1,0,0,0,1,0,0,1,6,43
TL,l1_base_trie_t1024_lng_entry_trie,sel_10,18000,1,"(10,30]",352,complete,352,0.8213068181818182,12,117,12,3,4,13,11,12,14,23,25,58,177
TL,l1_base_trie_t1024_lng_entry_trie,sel_10,18000,1,"(30,60]",0,empty_stratum,0,,0,0,0,0,0,0,0,0,0,0,0,0,0
TL,l1_base_trie_t1024_lng_entry_trie,sel_10,18000,1,"(60,80]",0,empty_stratum,0,,0,0,0,0,0,0,0,0,0,0,0,0,0
TL,l1_base_trie_t1024_lng_entry_trie,sel_10,18000,1,"(80,95]",0,empty_stratum,0,,0,0,0,0,0,0,0,0,0,0,0,0,0
TL,l1_base_trie_t1024_lng_entry_trie,sel_10,18000,1,"(95,100]",0,empty_stratum,0,,0,0,0,0,0,0,0,0,0,0,0,0,0
TL,l1_base_trie_t1024_lng_entry_trie,sel_10,18000,2,"(0,0.5]",0,empty_stratum,0,,0,0,0,0,0,0,0,0,0,0,0,0,0
TL,l1_base_trie_t1024_lng_entry_trie,sel_10,18000,2,"(0.5,1]",0,empty_stratum,0,,0,0,0,0,0,0,0,0,0,0,0,0,0
TL,l1_base_trie_t1024_lng_entry_trie,sel_10,18000,2,"(1,5]",595,complete,595,0.9808403361344538,0,22,0,1,0,3,4,3,1,7,3,14,559
TL,l1_base_trie_t1024_lng_entry_trie,sel_10,18000,2,"(5,10]",53,complete,53,0.939622641509434,1,4,1,1,0,0,0,1,0,0,1,6,43
TL,l1_base_trie_t1024_lng_entry_trie,sel_10,18000,2,"(10,30]",352,complete,352,0.8213068181818182,12,117,12,3,4,13,11,12,14,23,25,58,177
TL,l1_base_trie_t1024_lng_entry_trie,sel_10,18000,2,"(30,60]",0,empty_stratum,0,,0,0,0,0,0,0,0,0,0,0,0,0,0
TL,l1_base_trie_t1024_lng_entry_trie,sel_10,18000,2,"(60,80]",0,empty_stratum,0,,0,0,0,0,0,0,0,0,0,0,0,0,0
TL,l1_base_trie_t1024_lng_entry_trie,sel_10,18000,2,"(80,95]",0,empty_stratum,0,,0,0,0,0,0,0,0,0,0,0,0,0,0
TL,l1_base_trie_t1024_lng_entry_trie,sel_10,18000,2,"(95,100]",0,empty_stratum,0,,0,0,0,0,0,0,0,0,0,0,0,0,0
TT,l1_base_trie_t1024_trie_entry_trie,sel_10,32000,1,"(0,0.5]",0,empty_stratum,0,,0,0,0,0,0,0,0,0,0,0,0,0,0
TT,l1_base_trie_t1024_trie_entry_trie,sel_10,32000,1,"(0.5,1]",0,empty_stratum,0,,0,0,0,0,0,0,0,0,0,0,0,0,0
TT,l1_base_trie_t1024_trie_entry_trie,sel_10,32000,1,"(1,5]",595,complete,595,0.9818487394957983,0,22,0,1,0,3,4,3,1,6,4,9,564
TT,l1_base_trie_t1024_trie_entry_trie,sel_10,32000,1,"(5,10]",53,complete,53,0.9547169811320755,1,3,1,1,0,0,0,0,0,1,0,2,48
TT,l1_base_trie_t1024_trie_entry_trie,sel_10,32000,1,"(10,30]",352,complete,352,0.8616477272727273,12,97,12,1,3,6,3,13,6,21,32,58,197
TT,l1_base_trie_t1024_trie_entry_trie,sel_10,32000,1,"(30,60]",0,empty_stratum,0,,0,0,0,0,0,0,0,0,0,0,0,0,0
TT,l1_base_trie_t1024_trie_entry_trie,sel_10,32000,1,"(60,80]",0,empty_stratum,0,,0,0,0,0,0,0,0,0,0,0,0,0,0
TT,l1_base_trie_t1024_trie_entry_trie,sel_10,32000,1,"(80,95]",0,empty_stratum,0,,0,0,0,0,0,0,0,0,0,0,0,0,0
TT,l1_base_trie_t1024_trie_entry_trie,sel_10,32000,1,"(95,100]",0,empty_stratum,0,,0,0,0,0,0,0,0,0,0,0,0,0,0
TT,l1_base_trie_t1024_trie_entry_trie,sel_10,32000,2,"(0,0.5]",0,empty_stratum,0,,0,0,0,0,0,0,0,0,0,0,0,0,0
TT,l1_base_trie_t1024_trie_entry_trie,sel_10,32000,2,"(0.5,1]",0,empty_stratum,0,,0,0,0,0,0,0,0,0,0,0,0,0,0
TT,l1_base_trie_t1024_trie_entry_trie,sel_10,32000,2,"(1,5]",595,complete,595,0.9818487394957983,0,22,0,1,0,3,4,3,1,6,4,9,564
TT,l1_base_trie_t1024_trie_entry_trie,sel_10,32000,2,"(5,10]",53,complete,53,0.9547169811320755,1,3,1,1,0,0,0,0,0,1,0,2,48
TT,l1_base_trie_t1024_trie_entry_trie,sel_10,32000,2,"(10,30]",352,complete,352,0.8616477272727273,12,97,12,1,3,6,3,13,6,21,32,58,197
TT,l1_base_trie_t1024_trie_entry_trie,sel_10,32000,2,"(30,60]",0,empty_stratum,0,,0,0,0,0,0,0,0,0,0,0,0,0,0
TT,l1_base_trie_t1024_trie_entry_trie,sel_10,32000,2,"(60,80]",0,empty_stratum,0,,0,0,0,0,0,0,0,0,0,0,0,0,0
TT,l1_base_trie_t1024_trie_entry_trie,sel_10,32000,2,"(80,95]",0,empty_stratum,0,,0,0,0,0,0,0,0,0,0,0,0,0,0
TT,l1_base_trie_t1024_trie_entry_trie,sel_10,32000,2,"(95,100]",0,empty_stratum,0,,0,0,0,0,0,0,0,0,0,0,0,0,0
LLL,l2_t1024_16384_ll_entry_optimized_lng,sel_10,,1,"(0,0.5]",0,no_crossing,,,,,,,,,,,,,,,
LLL,l2_t1024_16384_ll_entry_optimized_lng,sel_10,,1,"(0.5,1]",0,no_crossing,,,,,,,,,,,,,,,
LLL,l2_t1024_16384_ll_entry_optimized_lng,sel_10,,1,"(1,5]",595,no_crossing,,,,,,,,,,,,,,,
LLL,l2_t1024_16384_ll_entry_optimized_lng,sel_10,,1,"(5,10]",53,no_crossing,,,,,,,,,,,,,,,
LLL,l2_t1024_16384_ll_entry_optimized_lng,sel_10,,1,"(10,30]",352,no_crossing,,,,,,,,,,,,,,,
LLL,l2_t1024_16384_ll_entry_optimized_lng,sel_10,,1,"(30,60]",0,no_crossing,,,,,,,,,,,,,,,
LLL,l2_t1024_16384_ll_entry_optimized_lng,sel_10,,1,"(60,80]",0,no_crossing,,,,,,,,,,,,,,,
LLL,l2_t1024_16384_ll_entry_optimized_lng,sel_10,,1,"(80,95]",0,no_crossing,,,,,,,,,,,,,,,
LLL,l2_t1024_16384_ll_entry_optimized_lng,sel_10,,1,"(95,100]",0,no_crossing,,,,,,,,,,,,,,,
LLL,l2_t1024_16384_ll_entry_optimized_lng,sel_10,,2,"(0,0.5]",0,no_crossing,,,,,,,,,,,,,,,
LLL,l2_t1024_16384_ll_entry_optimized_lng,sel_10,,2,"(0.5,1]",0,no_crossing,,,,,,,,,,,,,,,
LLL,l2_t1024_16384_ll_entry_optimized_lng,sel_10,,2,"(1,5]",595,no_crossing,,,,,,,,,,,,,,,
LLL,l2_t1024_16384_ll_entry_optimized_lng,sel_10,,2,"(5,10]",53,no_crossing,,,,,,,,,,,,,,,
LLL,l2_t1024_16384_ll_entry_optimized_lng,sel_10,,2,"(10,30]",352,no_crossing,,,,,,,,,,,,,,,
LLL,l2_t1024_16384_ll_entry_optimized_lng,sel_10,,2,"(30,60]",0,no_crossing,,,,,,,,,,,,,,,
LLL,l2_t1024_16384_ll_entry_optimized_lng,sel_10,,2,"(60,80]",0,no_crossing,,,,,,,,,,,,,,,
LLL,l2_t1024_16384_ll_entry_optimized_lng,sel_10,,2,"(80,95]",0,no_crossing,,,,,,,,,,,,,,,
LLL,l2_t1024_16384_ll_entry_optimized_lng,sel_10,,2,"(95,100]",0,no_crossing,,,,,,,,,,,,,,,
LLT,l2_t1024_16384_lt_entry_optimized_lng,sel_10,,1,"(0,0.5]",0,no_crossing,,,,,,,,,,,,,,,
LLT,l2_t1024_16384_lt_entry_optimized_lng,sel_10,,1,"(0.5,1]",0,no_crossing,,,,,,,,,,,,,,,
LLT,l2_t1024_16384_lt_entry_optimized_lng,sel_10,,1,"(1,5]",595,no_crossing,,,,,,,,,,,,,,,
LLT,l2_t1024_16384_lt_entry_optimized_lng,sel_10,,1,"(5,10]",53,no_crossing,,,,,,,,,,,,,,,
LLT,l2_t1024_16384_lt_entry_optimized_lng,sel_10,,1,"(10,30]",352,no_crossing,,,,,,,,,,,,,,,
LLT,l2_t1024_16384_lt_entry_optimized_lng,sel_10,,1,"(30,60]",0,no_crossing,,,,,,,,,,,,,,,
LLT,l2_t1024_16384_lt_entry_optimized_lng,sel_10,,1,"(60,80]",0,no_crossing,,,,,,,,,,,,,,,
LLT,l2_t1024_16384_lt_entry_optimized_lng,sel_10,,1,"(80,95]",0,no_crossing,,,,,,,,,,,,,,,
LLT,l2_t1024_16384_lt_entry_optimized_lng,sel_10,,1,"(95,100]",0,no_crossing,,,,,,,,,,,,,,,
LLT,l2_t1024_16384_lt_entry_optimized_lng,sel_10,,2,"(0,0.5]",0,no_crossing,,,,,,,,,,,,,,,
LLT,l2_t1024_16384_lt_entry_optimized_lng,sel_10,,2,"(0.5,1]",0,no_crossing,,,,,,,,,,,,,,,
LLT,l2_t1024_16384_lt_entry_optimized_lng,sel_10,,2,"(1,5]",595,no_crossing,,,,,,,,,,,,,,,
LLT,l2_t1024_16384_lt_entry_optimized_lng,sel_10,,2,"(5,10]",53,no_crossing,,,,,,,,,,,,,,,
LLT,l2_t1024_16384_lt_entry_optimized_lng,sel_10,,2,"(10,30]",352,no_crossing,,,,,,,,,,,,,,,
LLT,l2_t1024_16384_lt_entry_optimized_lng,sel_10,,2,"(30,60]",0,no_crossing,,,,,,,,,,,,,,,
LLT,l2_t1024_16384_lt_entry_optimized_lng,sel_10,,2,"(60,80]",0,no_crossing,,,,,,,,,,,,,,,
LLT,l2_t1024_16384_lt_entry_optimized_lng,sel_10,,2,"(80,95]",0,no_crossing,,,,,,,,,,,,,,,
LLT,l2_t1024_16384_lt_entry_optimized_lng,sel_10,,2,"(95,100]",0,no_crossing,,,,,,,,,,,,,,,
LTL,l2_t1024_16384_tl_entry_optimized_lng,sel_10,,1,"(0,0.5]",0,no_crossing,,,,,,,,,,,,,,,
LTL,l2_t1024_16384_tl_entry_optimized_lng,sel_10,,1,"(0.5,1]",0,no_crossing,,,,,,,,,,,,,,,
LTL,l2_t1024_16384_tl_entry_optimized_lng,sel_10,,1,"(1,5]",595,no_crossing,,,,,,,,,,,,,,,
LTL,l2_t1024_16384_tl_entry_optimized_lng,sel_10,,1,"(5,10]",53,no_crossing,,,,,,,,,,,,,,,
LTL,l2_t1024_16384_tl_entry_optimized_lng,sel_10,,1,"(10,30]",352,no_crossing,,,,,,,,,,,,,,,
LTL,l2_t1024_16384_tl_entry_optimized_lng,sel_10,,1,"(30,60]",0,no_crossing,,,,,,,,,,,,,,,
LTL,l2_t1024_16384_tl_entry_optimized_lng,sel_10,,1,"(60,80]",0,no_crossing,,,,,,,,,,,,,,,
LTL,l2_t1024_16384_tl_entry_optimized_lng,sel_10,,1,"(80,95]",0,no_crossing,,,,,,,,,,,,,,,
LTL,l2_t1024_16384_tl_entry_optimized_lng,sel_10,,1,"(95,100]",0,no_crossing,,,,,,,,,,,,,,,
LTL,l2_t1024_16384_tl_entry_optimized_lng,sel_10,,2,"(0,0.5]",0,no_crossing,,,,,,,,,,,,,,,
LTL,l2_t1024_16384_tl_entry_optimized_lng,sel_10,,2,"(0.5,1]",0,no_crossing,,,,,,,,,,,,,,,
LTL,l2_t1024_16384_tl_entry_optimized_lng,sel_10,,2,"(1,5]",595,no_crossing,,,,,,,,,,,,,,,
LTL,l2_t1024_16384_tl_entry_optimized_lng,sel_10,,2,"(5,10]",53,no_crossing,,,,,,,,,,,,,,,
LTL,l2_t1024_16384_tl_entry_optimized_lng,sel_10,,2,"(10,30]",352,no_crossing,,,,,,,,,,,,,,,
LTL,l2_t1024_16384_tl_entry_optimized_lng,sel_10,,2,"(30,60]",0,no_crossing,,,,,,,,,,,,,,,
LTL,l2_t1024_16384_tl_entry_optimized_lng,sel_10,,2,"(60,80]",0,no_crossing,,,,,,,,,,,,,,,
LTL,l2_t1024_16384_tl_entry_optimized_lng,sel_10,,2,"(80,95]",0,no_crossing,,,,,,,,,,,,,,,
LTL,l2_t1024_16384_tl_entry_optimized_lng,sel_10,,2,"(95,100]",0,no_crossing,,,,,,,,,,,,,,,
LTT,l2_t1024_16384_tt_entry_optimized_lng,sel_10,,1,"(0,0.5]",0,no_crossing,,,,,,,,,,,,,,,
LTT,l2_t1024_16384_tt_entry_optimized_lng,sel_10,,1,"(0.5,1]",0,no_crossing,,,,,,,,,,,,,,,
LTT,l2_t1024_16384_tt_entry_optimized_lng,sel_10,,1,"(1,5]",595,no_crossing,,,,,,,,,,,,,,,
LTT,l2_t1024_16384_tt_entry_optimized_lng,sel_10,,1,"(5,10]",53,no_crossing,,,,,,,,,,,,,,,
LTT,l2_t1024_16384_tt_entry_optimized_lng,sel_10,,1,"(10,30]",352,no_crossing,,,,,,,,,,,,,,,
LTT,l2_t1024_16384_tt_entry_optimized_lng,sel_10,,1,"(30,60]",0,no_crossing,,,,,,,,,,,,,,,
LTT,l2_t1024_16384_tt_entry_optimized_lng,sel_10,,1,"(60,80]",0,no_crossing,,,,,,,,,,,,,,,
LTT,l2_t1024_16384_tt_entry_optimized_lng,sel_10,,1,"(80,95]",0,no_crossing,,,,,,,,,,,,,,,
LTT,l2_t1024_16384_tt_entry_optimized_lng,sel_10,,1,"(95,100]",0,no_crossing,,,,,,,,,,,,,,,
LTT,l2_t1024_16384_tt_entry_optimized_lng,sel_10,,2,"(0,0.5]",0,no_crossing,,,,,,,,,,,,,,,
LTT,l2_t1024_16384_tt_entry_optimized_lng,sel_10,,2,"(0.5,1]",0,no_crossing,,,,,,,,,,,,,,,
LTT,l2_t1024_16384_tt_entry_optimized_lng,sel_10,,2,"(1,5]",595,no_crossing,,,,,,,,,,,,,,,
LTT,l2_t1024_16384_tt_entry_optimized_lng,sel_10,,2,"(5,10]",53,no_crossing,,,,,,,,,,,,,,,
LTT,l2_t1024_16384_tt_entry_optimized_lng,sel_10,,2,"(10,30]",352,no_crossing,,,,,,,,,,,,,,,
LTT,l2_t1024_16384_tt_entry_optimized_lng,sel_10,,2,"(30,60]",0,no_crossing,,,,,,,,,,,,,,,
LTT,l2_t1024_16384_tt_entry_optimized_lng,sel_10,,2,"(60,80]",0,no_crossing,,,,,,,,,,,,,,,
LTT,l2_t1024_16384_tt_entry_optimized_lng,sel_10,,2,"(80,95]",0,no_crossing,,,,,,,,,,,,,,,
LTT,l2_t1024_16384_tt_entry_optimized_lng,sel_10,,2,"(95,100]",0,no_crossing,,,,,,,,,,,,,,,
TLL,l2_base_trie_t1024_16384_ll_entry_trie,sel_10,18000,1,"(0,0.5]",0,empty_stratum,0,,0,0,0,0,0,0,0,0,0,0,0,0,0
TLL,l2_base_trie_t1024_16384_ll_entry_trie,sel_10,18000,1,"(0.5,1]",0,empty_stratum,0,,0,0,0,0,0,0,0,0,0,0,0,0,0
TLL,l2_base_trie_t1024_16384_ll_entry_trie,sel_10,18000,1,"(1,5]",595,complete,595,0.9805042016806723,0,22,0,2,0,2,4,3,1,7,3,14,559
TLL,l2_base_trie_t1024_16384_ll_entry_trie,sel_10,18000,1,"(5,10]",53,complete,53,0.9415094339622642,1,4,1,1,0,0,0,1,0,0,1,5,44
TLL,l2_base_trie_t1024_16384_ll_entry_trie,sel_10,18000,1,"(10,30]",352,complete,352,0.771875,15,145,15,6,13,11,18,11,19,26,26,49,158
TLL,l2_base_trie_t1024_16384_ll_entry_trie,sel_10,18000,1,"(30,60]",0,empty_stratum,0,,0,0,0,0,0,0,0,0,0,0,0,0,0
TLL,l2_base_trie_t1024_16384_ll_entry_trie,sel_10,18000,1,"(60,80]",0,empty_stratum,0,,0,0,0,0,0,0,0,0,0,0,0,0,0
TLL,l2_base_trie_t1024_16384_ll_entry_trie,sel_10,18000,1,"(80,95]",0,empty_stratum,0,,0,0,0,0,0,0,0,0,0,0,0,0,0
TLL,l2_base_trie_t1024_16384_ll_entry_trie,sel_10,18000,1,"(95,100]",0,empty_stratum,0,,0,0,0,0,0,0,0,0,0,0,0,0,0
TLL,l2_base_trie_t1024_16384_ll_entry_trie,sel_10,18000,2,"(0,0.5]",0,empty_stratum,0,,0,0,0,0,0,0,0,0,0,0,0,0,0
TLL,l2_base_trie_t1024_16384_ll_entry_trie,sel_10,18000,2,"(0.5,1]",0,empty_stratum,0,,0,0,0,0,0,0,0,0,0,0,0,0,0
TLL,l2_base_trie_t1024_16384_ll_entry_trie,sel_10,18000,2,"(1,5]",595,complete,595,0.9805042016806723,0,22,0,2,0,2,4,3,1,7,3,14,559
TLL,l2_base_trie_t1024_16384_ll_entry_trie,sel_10,18000,2,"(5,10]",53,complete,53,0.9415094339622642,1,4,1,1,0,0,0,1,0,0,1,5,44
TLL,l2_base_trie_t1024_16384_ll_entry_trie,sel_10,18000,2,"(10,30]",352,complete,352,0.771875,15,145,15,6,13,11,18,11,19,26,26,49,158
TLL,l2_base_trie_t1024_16384_ll_entry_trie,sel_10,18000,2,"(30,60]",0,empty_stratum,0,,0,0,0,0,0,0,0,0,0,0,0,0,0
TLL,l2_base_trie_t1024_16384_ll_entry_trie,sel_10,18000,2,"(60,80]",0,empty_stratum,0,,0,0,0,0,0,0,0,0,0,0,0,0,0
TLL,l2_base_trie_t1024_16384_ll_entry_trie,sel_10,18000,2,"(80,95]",0,empty_stratum,0,,0,0,0,0,0,0,0,0,0,0,0,0,0
TLL,l2_base_trie_t1024_16384_ll_entry_trie,sel_10,18000,2,"(95,100]",0,empty_stratum,0,,0,0,0,0,0,0,0,0,0,0,0,0,0
TLT,l2_base_trie_t1024_16384_lt_entry_trie,sel_10,18000,1,"(0,0.5]",0,empty_stratum,0,,0,0,0,0,0,0,0,0,0,0,0,0,0
TLT,l2_base_trie_t1024_16384_lt_entry_trie,sel_10,18000,1,"(0.5,1]",0,empty_stratum,0,,0,0,0,0,0,0,0,0,0,0,0,0,0
TLT,l2_base_trie_t1024_16384_lt_entry_trie,sel_10,18000,1,"(1,5]",595,complete,595,0.9805042016806723,0,22,0,2,0,2,4,3,1,7,3,14,559
TLT,l2_base_trie_t1024_16384_lt_entry_trie,sel_10,18000,1,"(5,10]",53,complete,53,0.9415094339622642,1,4,1,1,0,0,0,1,0,0,1,5,44
TLT,l2_base_trie_t1024_16384_lt_entry_trie,sel_10,18000,1,"(10,30]",352,complete,352,0.7775568181818182,15,142,15,6,12,11,14,13,20,25,26,50,160
TLT,l2_base_trie_t1024_16384_lt_entry_trie,sel_10,18000,1,"(30,60]",0,empty_stratum,0,,0,0,0,0,0,0,0,0,0,0,0,0,0
TLT,l2_base_trie_t1024_16384_lt_entry_trie,sel_10,18000,1,"(60,80]",0,empty_stratum,0,,0,0,0,0,0,0,0,0,0,0,0,0,0
TLT,l2_base_trie_t1024_16384_lt_entry_trie,sel_10,18000,1,"(80,95]",0,empty_stratum,0,,0,0,0,0,0,0,0,0,0,0,0,0,0
TLT,l2_base_trie_t1024_16384_lt_entry_trie,sel_10,18000,1,"(95,100]",0,empty_stratum,0,,0,0,0,0,0,0,0,0,0,0,0,0,0
TLT,l2_base_trie_t1024_16384_lt_entry_trie,sel_10,18000,2,"(0,0.5]",0,empty_stratum,0,,0,0,0,0,0,0,0,0,0,0,0,0,0
TLT,l2_base_trie_t1024_16384_lt_entry_trie,sel_10,18000,2,"(0.5,1]",0,empty_stratum,0,,0,0,0,0,0,0,0,0,0,0,0,0,0
TLT,l2_base_trie_t1024_16384_lt_entry_trie,sel_10,18000,2,"(1,5]",595,complete,595,0.9805042016806723,0,22,0,2,0,2,4,3,1,7,3,14,559
TLT,l2_base_trie_t1024_16384_lt_entry_trie,sel_10,18000,2,"(5,10]",53,complete,53,0.9415094339622642,1,4,1,1,0,0,0,1,0,0,1,5,44
TLT,l2_base_trie_t1024_16384_lt_entry_trie,sel_10,18000,2,"(10,30]",352,complete,352,0.7775568181818182,15,142,15,6,12,11,14,13,20,25,26,50,160
TLT,l2_base_trie_t1024_16384_lt_entry_trie,sel_10,18000,2,"(30,60]",0,empty_stratum,0,,0,0,0,0,0,0,0,0,0,0,0,0,0
TLT,l2_base_trie_t1024_16384_lt_entry_trie,sel_10,18000,2,"(60,80]",0,empty_stratum,0,,0,0,0,0,0,0,0,0,0,0,0,0,0
TLT,l2_base_trie_t1024_16384_lt_entry_trie,sel_10,18000,2,"(80,95]",0,empty_stratum,0,,0,0,0,0,0,0,0,0,0,0,0,0,0
TLT,l2_base_trie_t1024_16384_lt_entry_trie,sel_10,18000,2,"(95,100]",0,empty_stratum,0,,0,0,0,0,0,0,0,0,0,0,0,0,0
TTL,l2_base_trie_t1024_16384_tl_entry_trie,sel_10,32000,1,"(0,0.5]",0,empty_stratum,0,,0,0,0,0,0,0,0,0,0,0,0,0,0
TTL,l2_base_trie_t1024_16384_tl_entry_trie,sel_10,32000,1,"(0.5,1]",0,empty_stratum,0,,0,0,0,0,0,0,0,0,0,0,0,0,0
TTL,l2_base_trie_t1024_16384_tl_entry_trie,sel_10,32000,1,"(1,5]",595,complete,595,0.9818487394957983,0,22,0,2,0,2,4,3,1,6,4,7,566
TTL,l2_base_trie_t1024_16384_tl_entry_trie,sel_10,32000,1,"(5,10]",53,complete,53,0.9547169811320755,1,3,1,1,0,0,0,0,0,1,0,2,48
TTL,l2_base_trie_t1024_16384_tl_entry_trie,sel_10,32000,1,"(10,30]",352,complete,352,0.7920454545454545,13,147,13,4,7,10,15,16,13,31,38,49,156
TTL,l2_base_trie_t1024_16384_tl_entry_trie,sel_10,32000,1,"(30,60]",0,empty_stratum,0,,0,0,0,0,0,0,0,0,0,0,0,0,0
TTL,l2_base_trie_t1024_16384_tl_entry_trie,sel_10,32000,1,"(60,80]",0,empty_stratum,0,,0,0,0,0,0,0,0,0,0,0,0,0,0
TTL,l2_base_trie_t1024_16384_tl_entry_trie,sel_10,32000,1,"(80,95]",0,empty_stratum,0,,0,0,0,0,0,0,0,0,0,0,0,0,0
TTL,l2_base_trie_t1024_16384_tl_entry_trie,sel_10,32000,1,"(95,100]",0,empty_stratum,0,,0,0,0,0,0,0,0,0,0,0,0,0,0
TTL,l2_base_trie_t1024_16384_tl_entry_trie,sel_10,32000,2,"(0,0.5]",0,empty_stratum,0,,0,0,0,0,0,0,0,0,0,0,0,0,0
TTL,l2_base_trie_t1024_16384_tl_entry_trie,sel_10,32000,2,"(0.5,1]",0,empty_stratum,0,,0,0,0,0,0,0,0,0,0,0,0,0,0
TTL,l2_base_trie_t1024_16384_tl_entry_trie,sel_10,32000,2,"(1,5]",595,complete,595,0.9818487394957983,0,22,0,2,0,2,4,3,1,6,4,7,566
TTL,l2_base_trie_t1024_16384_tl_entry_trie,sel_10,32000,2,"(5,10]",53,complete,53,0.9547169811320755,1,3,1,1,0,0,0,0,0,1,0,2,48
TTL,l2_base_trie_t1024_16384_tl_entry_trie,sel_10,32000,2,"(10,30]",352,complete,352,0.7920454545454545,13,147,13,4,7,10,15,16,13,31,38,49,156
TTL,l2_base_trie_t1024_16384_tl_entry_trie,sel_10,32000,2,"(30,60]",0,empty_stratum,0,,0,0,0,0,0,0,0,0,0,0,0,0,0
TTL,l2_base_trie_t1024_16384_tl_entry_trie,sel_10,32000,2,"(60,80]",0,empty_stratum,0,,0,0,0,0,0,0,0,0,0,0,0,0,0
TTL,l2_base_trie_t1024_16384_tl_entry_trie,sel_10,32000,2,"(80,95]",0,empty_stratum,0,,0,0,0,0,0,0,0,0,0,0,0,0,0
TTL,l2_base_trie_t1024_16384_tl_entry_trie,sel_10,32000,2,"(95,100]",0,empty_stratum,0,,0,0,0,0,0,0,0,0,0,0,0,0,0
TTT,l2_base_trie_t1024_16384_tt_entry_trie,sel_10,32000,1,"(0,0.5]",0,empty_stratum,0,,0,0,0,0,0,0,0,0,0,0,0,0,0
TTT,l2_base_trie_t1024_16384_tt_entry_trie,sel_10,32000,1,"(0.5,1]",0,empty_stratum,0,,0,0,0,0,0,0,0,0,0,0,0,0,0
TTT,l2_base_trie_t1024_16384_tt_entry_trie,sel_10,32000,1,"(1,5]",595,complete,595,0.9818487394957983,0,22,0,2,0,2,4,3,1,6,4,7,566
TTT,l2_base_trie_t1024_16384_tt_entry_trie,sel_10,32000,1,"(5,10]",53,complete,53,0.9547169811320755,1,3,1,1,0,0,0,0,0,1,0,2,48
TTT,l2_base_trie_t1024_16384_tt_entry_trie,sel_10,32000,1,"(10,30]",352,complete,352,0.7911931818181818,13,146,13,4,7,14,11,15,14,31,37,51,155
TTT,l2_base_trie_t1024_16384_tt_entry_trie,sel_10,32000,1,"(30,60]",0,empty_stratum,0,,0,0,0,0,0,0,0,0,0,0,0,0,0
TTT,l2_base_trie_t1024_16384_tt_entry_trie,sel_10,32000,1,"(60,80]",0,empty_stratum,0,,0,0,0,0,0,0,0,0,0,0,0,0,0
TTT,l2_base_trie_t1024_16384_tt_entry_trie,sel_10,32000,1,"(80,95]",0,empty_stratum,0,,0,0,0,0,0,0,0,0,0,0,0,0,0
TTT,l2_base_trie_t1024_16384_tt_entry_trie,sel_10,32000,1,"(95,100]",0,empty_stratum,0,,0,0,0,0,0,0,0,0,0,0,0,0,0
TTT,l2_base_trie_t1024_16384_tt_entry_trie,sel_10,32000,2,"(0,0.5]",0,empty_stratum,0,,0,0,0,0,0,0,0,0,0,0,0,0,0
TTT,l2_base_trie_t1024_16384_tt_entry_trie,sel_10,32000,2,"(0.5,1]",0,empty_stratum,0,,0,0,0,0,0,0,0,0,0,0,0,0,0
TTT,l2_base_trie_t1024_16384_tt_entry_trie,sel_10,32000,2,"(1,5]",595,complete,595,0.9818487394957983,0,22,0,2,0,2,4,3,1,6,4,7,566
TTT,l2_base_trie_t1024_16384_tt_entry_trie,sel_10,32000,2,"(5,10]",53,complete,53,0.9547169811320755,1,3,1,1,0,0,0,0,0,1,0,2,48
TTT,l2_base_trie_t1024_16384_tt_entry_trie,sel_10,32000,2,"(10,30]",352,complete,352,0.7911931818181818,13,146,13,4,7,14,11,15,14,31,37,51,155
TTT,l2_base_trie_t1024_16384_tt_entry_trie,sel_10,32000,2,"(30,60]",0,empty_stratum,0,,0,0,0,0,0,0,0,0,0,0,0,0,0
TTT,l2_base_trie_t1024_16384_tt_entry_trie,sel_10,32000,2,"(60,80]",0,empty_stratum,0,,0,0,0,0,0,0,0,0,0,0,0,0,0
TTT,l2_base_trie_t1024_16384_tt_entry_trie,sel_10,32000,2,"(80,95]",0,empty_stratum,0,,0,0,0,0,0,0,0,0,0,0,0,0,0
TTT,l2_base_trie_t1024_16384_tt_entry_trie,sel_10,32000,2,"(95,100]",0,empty_stratum,0,,0,0,0,0,0,0,0,0,0,0,0,0,0
L,l0_lng_entry_optimized_lng,sel_30,120000,1,"(0,0.5]",0,empty_stratum,0,,0,0,0,0,0,0,0,0,0,0,0,0,0
L,l0_lng_entry_optimized_lng,sel_30,120000,1,"(0.5,1]",0,empty_stratum,0,,0,0,0,0,0,0,0,0,0,0,0,0,0
L,l0_lng_entry_optimized_lng,sel_30,120000,1,"(1,5]",576,complete,576,0.9802083333333333,1,23,1,1,2,3,1,3,3,3,6,4,549
L,l0_lng_entry_optimized_lng,sel_30,120000,1,"(5,10]",96,complete,96,0.9989583333333333,0,0,0,0,0,0,0,0,0,0,0,1,95
L,l0_lng_entry_optimized_lng,sel_30,120000,1,"(10,30]",32,complete,32,1.0,0,0,0,0,0,0,0,0,0,0,0,0,32
L,l0_lng_entry_optimized_lng,sel_30,120000,1,"(30,60]",0,empty_stratum,0,,0,0,0,0,0,0,0,0,0,0,0,0,0
L,l0_lng_entry_optimized_lng,sel_30,120000,1,"(60,80]",0,empty_stratum,0,,0,0,0,0,0,0,0,0,0,0,0,0,0
L,l0_lng_entry_optimized_lng,sel_30,120000,1,"(80,95]",226,complete,226,0.7429203539823008,10,106,10,8,9,9,9,11,8,23,19,26,94
L,l0_lng_entry_optimized_lng,sel_30,120000,1,"(95,100]",70,complete,70,0.7171428571428572,0,41,0,2,2,3,5,7,9,8,5,8,21
L,l0_lng_entry_optimized_lng,sel_30,120000,2,"(0,0.5]",0,empty_stratum,0,,0,0,0,0,0,0,0,0,0,0,0,0,0
L,l0_lng_entry_optimized_lng,sel_30,120000,2,"(0.5,1]",0,empty_stratum,0,,0,0,0,0,0,0,0,0,0,0,0,0,0
L,l0_lng_entry_optimized_lng,sel_30,120000,2,"(1,5]",576,complete,576,0.9802083333333333,1,23,1,1,2,3,1,3,3,3,6,4,549
L,l0_lng_entry_optimized_lng,sel_30,120000,2,"(5,10]",96,complete,96,0.9989583333333333,0,0,0,0,0,0,0,0,0,0,0,1,95
L,l0_lng_entry_optimized_lng,sel_30,120000,2,"(10,30]",32,complete,32,1.0,0,0,0,0,0,0,0,0,0,0,0,0,32
L,l0_lng_entry_optimized_lng,sel_30,120000,2,"(30,60]",0,empty_stratum,0,,0,0,0,0,0,0,0,0,0,0,0,0,0
L,l0_lng_entry_optimized_lng,sel_30,120000,2,"(60,80]",0,empty_stratum,0,,0,0,0,0,0,0,0,0,0,0,0,0,0
L,l0_lng_entry_optimized_lng,sel_30,120000,2,"(80,95]",226,complete,226,0.7163716814159292,9,115,9,7,16,10,12,13,6,19,23,26,85
L,l0_lng_entry_optimized_lng,sel_30,120000,2,"(95,100]",70,complete,70,0.7185714285714285,0,41,0,2,2,3,5,7,9,8,5,7,22
T,l0_trie_entry_trie,sel_30,,1,"(0,0.5]",0,no_crossing,,,,,,,,,,,,,,,
T,l0_trie_entry_trie,sel_30,,1,"(0.5,1]",0,no_crossing,,,,,,,,,,,,,,,
T,l0_trie_entry_trie,sel_30,,1,"(1,5]",576,no_crossing,,,,,,,,,,,,,,,
T,l0_trie_entry_trie,sel_30,,1,"(5,10]",96,no_crossing,,,,,,,,,,,,,,,
T,l0_trie_entry_trie,sel_30,,1,"(10,30]",32,no_crossing,,,,,,,,,,,,,,,
T,l0_trie_entry_trie,sel_30,,1,"(30,60]",0,no_crossing,,,,,,,,,,,,,,,
T,l0_trie_entry_trie,sel_30,,1,"(60,80]",0,no_crossing,,,,,,,,,,,,,,,
T,l0_trie_entry_trie,sel_30,,1,"(80,95]",226,no_crossing,,,,,,,,,,,,,,,
T,l0_trie_entry_trie,sel_30,,1,"(95,100]",70,no_crossing,,,,,,,,,,,,,,,
T,l0_trie_entry_trie,sel_30,,2,"(0,0.5]",0,no_crossing,,,,,,,,,,,,,,,
T,l0_trie_entry_trie,sel_30,,2,"(0.5,1]",0,no_crossing,,,,,,,,,,,,,,,
T,l0_trie_entry_trie,sel_30,,2,"(1,5]",576,no_crossing,,,,,,,,,,,,,,,
T,l0_trie_entry_trie,sel_30,,2,"(5,10]",96,no_crossing,,,,,,,,,,,,,,,
T,l0_trie_entry_trie,sel_30,,2,"(10,30]",32,no_crossing,,,,,,,,,,,,,,,
T,l0_trie_entry_trie,sel_30,,2,"(30,60]",0,no_crossing,,,,,,,,,,,,,,,
T,l0_trie_entry_trie,sel_30,,2,"(60,80]",0,no_crossing,,,,,,,,,,,,,,,
T,l0_trie_entry_trie,sel_30,,2,"(80,95]",226,no_crossing,,,,,,,,,,,,,,,
T,l0_trie_entry_trie,sel_30,,2,"(95,100]",70,no_crossing,,,,,,,,,,,,,,,
LL,l1_t1024_lng_entry_optimized_lng,sel_30,,1,"(0,0.5]",0,no_crossing,,,,,,,,,,,,,,,
LL,l1_t1024_lng_entry_optimized_lng,sel_30,,1,"(0.5,1]",0,no_crossing,,,,,,,,,,,,,,,
LL,l1_t1024_lng_entry_optimized_lng,sel_30,,1,"(1,5]",576,no_crossing,,,,,,,,,,,,,,,
LL,l1_t1024_lng_entry_optimized_lng,sel_30,,1,"(5,10]",96,no_crossing,,,,,,,,,,,,,,,
LL,l1_t1024_lng_entry_optimized_lng,sel_30,,1,"(10,30]",32,no_crossing,,,,,,,,,,,,,,,
LL,l1_t1024_lng_entry_optimized_lng,sel_30,,1,"(30,60]",0,no_crossing,,,,,,,,,,,,,,,
LL,l1_t1024_lng_entry_optimized_lng,sel_30,,1,"(60,80]",0,no_crossing,,,,,,,,,,,,,,,
LL,l1_t1024_lng_entry_optimized_lng,sel_30,,1,"(80,95]",226,no_crossing,,,,,,,,,,,,,,,
LL,l1_t1024_lng_entry_optimized_lng,sel_30,,1,"(95,100]",70,no_crossing,,,,,,,,,,,,,,,
LL,l1_t1024_lng_entry_optimized_lng,sel_30,,2,"(0,0.5]",0,no_crossing,,,,,,,,,,,,,,,
LL,l1_t1024_lng_entry_optimized_lng,sel_30,,2,"(0.5,1]",0,no_crossing,,,,,,,,,,,,,,,
LL,l1_t1024_lng_entry_optimized_lng,sel_30,,2,"(1,5]",576,no_crossing,,,,,,,,,,,,,,,
LL,l1_t1024_lng_entry_optimized_lng,sel_30,,2,"(5,10]",96,no_crossing,,,,,,,,,,,,,,,
LL,l1_t1024_lng_entry_optimized_lng,sel_30,,2,"(10,30]",32,no_crossing,,,,,,,,,,,,,,,
LL,l1_t1024_lng_entry_optimized_lng,sel_30,,2,"(30,60]",0,no_crossing,,,,,,,,,,,,,,,
LL,l1_t1024_lng_entry_optimized_lng,sel_30,,2,"(60,80]",0,no_crossing,,,,,,,,,,,,,,,
LL,l1_t1024_lng_entry_optimized_lng,sel_30,,2,"(80,95]",226,no_crossing,,,,,,,,,,,,,,,
LL,l1_t1024_lng_entry_optimized_lng,sel_30,,2,"(95,100]",70,no_crossing,,,,,,,,,,,,,,,
LT,l1_t1024_trie_entry_optimized_lng,sel_30,,1,"(0,0.5]",0,no_crossing,,,,,,,,,,,,,,,
LT,l1_t1024_trie_entry_optimized_lng,sel_30,,1,"(0.5,1]",0,no_crossing,,,,,,,,,,,,,,,
LT,l1_t1024_trie_entry_optimized_lng,sel_30,,1,"(1,5]",576,no_crossing,,,,,,,,,,,,,,,
LT,l1_t1024_trie_entry_optimized_lng,sel_30,,1,"(5,10]",96,no_crossing,,,,,,,,,,,,,,,
LT,l1_t1024_trie_entry_optimized_lng,sel_30,,1,"(10,30]",32,no_crossing,,,,,,,,,,,,,,,
LT,l1_t1024_trie_entry_optimized_lng,sel_30,,1,"(30,60]",0,no_crossing,,,,,,,,,,,,,,,
LT,l1_t1024_trie_entry_optimized_lng,sel_30,,1,"(60,80]",0,no_crossing,,,,,,,,,,,,,,,
LT,l1_t1024_trie_entry_optimized_lng,sel_30,,1,"(80,95]",226,no_crossing,,,,,,,,,,,,,,,
LT,l1_t1024_trie_entry_optimized_lng,sel_30,,1,"(95,100]",70,no_crossing,,,,,,,,,,,,,,,
LT,l1_t1024_trie_entry_optimized_lng,sel_30,,2,"(0,0.5]",0,no_crossing,,,,,,,,,,,,,,,
LT,l1_t1024_trie_entry_optimized_lng,sel_30,,2,"(0.5,1]",0,no_crossing,,,,,,,,,,,,,,,
LT,l1_t1024_trie_entry_optimized_lng,sel_30,,2,"(1,5]",576,no_crossing,,,,,,,,,,,,,,,
LT,l1_t1024_trie_entry_optimized_lng,sel_30,,2,"(5,10]",96,no_crossing,,,,,,,,,,,,,,,
LT,l1_t1024_trie_entry_optimized_lng,sel_30,,2,"(10,30]",32,no_crossing,,,,,,,,,,,,,,,
LT,l1_t1024_trie_entry_optimized_lng,sel_30,,2,"(30,60]",0,no_crossing,,,,,,,,,,,,,,,
LT,l1_t1024_trie_entry_optimized_lng,sel_30,,2,"(60,80]",0,no_crossing,,,,,,,,,,,,,,,
LT,l1_t1024_trie_entry_optimized_lng,sel_30,,2,"(80,95]",226,no_crossing,,,,,,,,,,,,,,,
LT,l1_t1024_trie_entry_optimized_lng,sel_30,,2,"(95,100]",70,no_crossing,,,,,,,,,,,,,,,
TL,l1_base_trie_t1024_lng_entry_trie,sel_30,60000,1,"(0,0.5]",0,empty_stratum,0,,0,0,0,0,0,0,0,0,0,0,0,0,0
TL,l1_base_trie_t1024_lng_entry_trie,sel_30,60000,1,"(0.5,1]",0,empty_stratum,0,,0,0,0,0,0,0,0,0,0,0,0,0,0
TL,l1_base_trie_t1024_lng_entry_trie,sel_30,60000,1,"(1,5]",576,complete,576,0.9789930555555556,1,24,1,1,2,3,1,4,4,3,5,4,548
TL,l1_base_trie_t1024_lng_entry_trie,sel_30,60000,1,"(5,10]",96,complete,96,0.9927083333333333,0,2,0,0,0,0,0,0,0,1,1,2,92
TL,l1_base_trie_t1024_lng_entry_trie,sel_30,60000,1,"(10,30]",32,complete,32,0.940625,1,3,1,0,0,0,0,1,0,0,1,2,27
TL,l1_base_trie_t1024_lng_entry_trie,sel_30,60000,1,"(30,60]",0,empty_stratum,0,,0,0,0,0,0,0,0,0,0,0,0,0,0
TL,l1_base_trie_t1024_lng_entry_trie,sel_30,60000,1,"(60,80]",0,empty_stratum,0,,0,0,0,0,0,0,0,0,0,0,0,0,0
TL,l1_base_trie_t1024_lng_entry_trie,sel_30,60000,1,"(80,95]",226,complete,226,0.6641592920353983,8,150,8,6,11,14,18,21,18,18,36,28,48
TL,l1_base_trie_t1024_lng_entry_trie,sel_30,60000,1,"(95,100]",70,complete,70,0.9428571428571428,1,6,1,0,1,1,0,1,1,0,1,4,60
TL,l1_base_trie_t1024_lng_entry_trie,sel_30,60000,2,"(0,0.5]",0,empty_stratum,0,,0,0,0,0,0,0,0,0,0,0,0,0,0
TL,l1_base_trie_t1024_lng_entry_trie,sel_30,60000,2,"(0.5,1]",0,empty_stratum,0,,0,0,0,0,0,0,0,0,0,0,0,0,0
TL,l1_base_trie_t1024_lng_entry_trie,sel_30,60000,2,"(1,5]",576,complete,576,0.9789930555555556,1,24,1,1,2,3,1,4,4,3,5,4,548
TL,l1_base_trie_t1024_lng_entry_trie,sel_30,60000,2,"(5,10]",96,complete,96,0.9927083333333333,0,2,0,0,0,0,0,0,0,1,1,2,92
TL,l1_base_trie_t1024_lng_entry_trie,sel_30,60000,2,"(10,30]",32,complete,32,0.940625,1,3,1,0,0,0,0,1,0,0,1,2,27
TL,l1_base_trie_t1024_lng_entry_trie,sel_30,60000,2,"(30,60]",0,empty_stratum,0,,0,0,0,0,0,0,0,0,0,0,0,0,0
TL,l1_base_trie_t1024_lng_entry_trie,sel_30,60000,2,"(60,80]",0,empty_stratum,0,,0,0,0,0,0,0,0,0,0,0,0,0,0
TL,l1_base_trie_t1024_lng_entry_trie,sel_30,60000,2,"(80,95]",226,complete,226,0.6641592920353983,8,150,8,6,11,14,18,21,18,18,36,28,48
TL,l1_base_trie_t1024_lng_entry_trie,sel_30,60000,2,"(95,100]",70,complete,70,0.9428571428571428,1,6,1,0,1,1,0,1,1,0,1,4,60
TT,l1_base_trie_t1024_trie_entry_trie,sel_30,90000,1,"(0,0.5]",0,empty_stratum,0,,0,0,0,0,0,0,0,0,0,0,0,0,0
TT,l1_base_trie_t1024_trie_entry_trie,sel_30,90000,1,"(0.5,1]",0,empty_stratum,0,,0,0,0,0,0,0,0,0,0,0,0,0,0
TT,l1_base_trie_t1024_trie_entry_trie,sel_30,90000,1,"(1,5]",576,complete,576,0.9789930555555556,1,24,1,1,2,3,1,4,4,3,5,4,548
TT,l1_base_trie_t1024_trie_entry_trie,sel_30,90000,1,"(5,10]",96,complete,96,0.9958333333333333,0,1,0,0,0,0,0,0,0,1,0,1,94
TT,l1_base_trie_t1024_trie_entry_trie,sel_30,90000,1,"(10,30]",32,complete,32,0.95625,1,2,1,0,0,0,0,0,0,0,1,2,28
TT,l1_base_trie_t1024_trie_entry_trie,sel_30,90000,1,"(30,60]",0,empty_stratum,0,,0,0,0,0,0,0,0,0,0,0,0,0,0
TT,l1_base_trie_t1024_trie_entry_trie,sel_30,90000,1,"(60,80]",0,empty_stratum,0,,0,0,0,0,0,0,0,0,0,0,0,0,0
TT,l1_base_trie_t1024_trie_entry_trie,sel_30,90000,1,"(80,95]",226,complete,226,0.6792035398230089,8,138,8,5,13,11,17,19,22,16,27,32,56
TT,l1_base_trie_t1024_trie_entry_trie,sel_30,90000,1,"(95,100]",70,complete,70,0.9414285714285714,1,6,1,0,1,1,0,2,0,0,1,4,60
TT,l1_base_trie_t1024_trie_entry_trie,sel_30,90000,2,"(0,0.5]",0,empty_stratum,0,,0,0,0,0,0,0,0,0,0,0,0,0,0
TT,l1_base_trie_t1024_trie_entry_trie,sel_30,90000,2,"(0.5,1]",0,empty_stratum,0,,0,0,0,0,0,0,0,0,0,0,0,0,0
TT,l1_base_trie_t1024_trie_entry_trie,sel_30,90000,2,"(1,5]",576,complete,576,0.9789930555555556,1,24,1,1,2,3,1,4,4,3,5,4,548
TT,l1_base_trie_t1024_trie_entry_trie,sel_30,90000,2,"(5,10]",96,complete,96,0.9958333333333333,0,1,0,0,0,0,0,0,0,1,0,1,94
TT,l1_base_trie_t1024_trie_entry_trie,sel_30,90000,2,"(10,30]",32,complete,32,0.95625,1,2,1,0,0,0,0,0,0,0,1,2,28
TT,l1_base_trie_t1024_trie_entry_trie,sel_30,90000,2,"(30,60]",0,empty_stratum,0,,0,0,0,0,0,0,0,0,0,0,0,0,0
TT,l1_base_trie_t1024_trie_entry_trie,sel_30,90000,2,"(60,80]",0,empty_stratum,0,,0,0,0,0,0,0,0,0,0,0,0,0,0
TT,l1_base_trie_t1024_trie_entry_trie,sel_30,90000,2,"(80,95]",226,complete,226,0.6792035398230089,8,138,8,5,13,11,17,19,22,16,27,32,56
TT,l1_base_trie_t1024_trie_entry_trie,sel_30,90000,2,"(95,100]",70,complete,70,0.9414285714285714,1,6,1,0,1,1,0,2,0,0,1,4,60
LLL,l2_t1024_16384_ll_entry_optimized_lng,sel_30,,1,"(0,0.5]",0,no_crossing,,,,,,,,,,,,,,,
LLL,l2_t1024_16384_ll_entry_optimized_lng,sel_30,,1,"(0.5,1]",0,no_crossing,,,,,,,,,,,,,,,
LLL,l2_t1024_16384_ll_entry_optimized_lng,sel_30,,1,"(1,5]",576,no_crossing,,,,,,,,,,,,,,,
LLL,l2_t1024_16384_ll_entry_optimized_lng,sel_30,,1,"(5,10]",96,no_crossing,,,,,,,,,,,,,,,
LLL,l2_t1024_16384_ll_entry_optimized_lng,sel_30,,1,"(10,30]",32,no_crossing,,,,,,,,,,,,,,,
LLL,l2_t1024_16384_ll_entry_optimized_lng,sel_30,,1,"(30,60]",0,no_crossing,,,,,,,,,,,,,,,
LLL,l2_t1024_16384_ll_entry_optimized_lng,sel_30,,1,"(60,80]",0,no_crossing,,,,,,,,,,,,,,,
LLL,l2_t1024_16384_ll_entry_optimized_lng,sel_30,,1,"(80,95]",226,no_crossing,,,,,,,,,,,,,,,
LLL,l2_t1024_16384_ll_entry_optimized_lng,sel_30,,1,"(95,100]",70,no_crossing,,,,,,,,,,,,,,,
LLL,l2_t1024_16384_ll_entry_optimized_lng,sel_30,,2,"(0,0.5]",0,no_crossing,,,,,,,,,,,,,,,
LLL,l2_t1024_16384_ll_entry_optimized_lng,sel_30,,2,"(0.5,1]",0,no_crossing,,,,,,,,,,,,,,,
LLL,l2_t1024_16384_ll_entry_optimized_lng,sel_30,,2,"(1,5]",576,no_crossing,,,,,,,,,,,,,,,
LLL,l2_t1024_16384_ll_entry_optimized_lng,sel_30,,2,"(5,10]",96,no_crossing,,,,,,,,,,,,,,,
LLL,l2_t1024_16384_ll_entry_optimized_lng,sel_30,,2,"(10,30]",32,no_crossing,,,,,,,,,,,,,,,
LLL,l2_t1024_16384_ll_entry_optimized_lng,sel_30,,2,"(30,60]",0,no_crossing,,,,,,,,,,,,,,,
LLL,l2_t1024_16384_ll_entry_optimized_lng,sel_30,,2,"(60,80]",0,no_crossing,,,,,,,,,,,,,,,
LLL,l2_t1024_16384_ll_entry_optimized_lng,sel_30,,2,"(80,95]",226,no_crossing,,,,,,,,,,,,,,,
LLL,l2_t1024_16384_ll_entry_optimized_lng,sel_30,,2,"(95,100]",70,no_crossing,,,,,,,,,,,,,,,
LLT,l2_t1024_16384_lt_entry_optimized_lng,sel_30,,1,"(0,0.5]",0,no_crossing,,,,,,,,,,,,,,,
LLT,l2_t1024_16384_lt_entry_optimized_lng,sel_30,,1,"(0.5,1]",0,no_crossing,,,,,,,,,,,,,,,
LLT,l2_t1024_16384_lt_entry_optimized_lng,sel_30,,1,"(1,5]",576,no_crossing,,,,,,,,,,,,,,,
LLT,l2_t1024_16384_lt_entry_optimized_lng,sel_30,,1,"(5,10]",96,no_crossing,,,,,,,,,,,,,,,
LLT,l2_t1024_16384_lt_entry_optimized_lng,sel_30,,1,"(10,30]",32,no_crossing,,,,,,,,,,,,,,,
LLT,l2_t1024_16384_lt_entry_optimized_lng,sel_30,,1,"(30,60]",0,no_crossing,,,,,,,,,,,,,,,
LLT,l2_t1024_16384_lt_entry_optimized_lng,sel_30,,1,"(60,80]",0,no_crossing,,,,,,,,,,,,,,,
LLT,l2_t1024_16384_lt_entry_optimized_lng,sel_30,,1,"(80,95]",226,no_crossing,,,,,,,,,,,,,,,
LLT,l2_t1024_16384_lt_entry_optimized_lng,sel_30,,1,"(95,100]",70,no_crossing,,,,,,,,,,,,,,,
LLT,l2_t1024_16384_lt_entry_optimized_lng,sel_30,,2,"(0,0.5]",0,no_crossing,,,,,,,,,,,,,,,
LLT,l2_t1024_16384_lt_entry_optimized_lng,sel_30,,2,"(0.5,1]",0,no_crossing,,,,,,,,,,,,,,,
LLT,l2_t1024_16384_lt_entry_optimized_lng,sel_30,,2,"(1,5]",576,no_crossing,,,,,,,,,,,,,,,
LLT,l2_t1024_16384_lt_entry_optimized_lng,sel_30,,2,"(5,10]",96,no_crossing,,,,,,,,,,,,,,,
LLT,l2_t1024_16384_lt_entry_optimized_lng,sel_30,,2,"(10,30]",32,no_crossing,,,,,,,,,,,,,,,
LLT,l2_t1024_16384_lt_entry_optimized_lng,sel_30,,2,"(30,60]",0,no_crossing,,,,,,,,,,,,,,,
LLT,l2_t1024_16384_lt_entry_optimized_lng,sel_30,,2,"(60,80]",0,no_crossing,,,,,,,,,,,,,,,
LLT,l2_t1024_16384_lt_entry_optimized_lng,sel_30,,2,"(80,95]",226,no_crossing,,,,,,,,,,,,,,,
LLT,l2_t1024_16384_lt_entry_optimized_lng,sel_30,,2,"(95,100]",70,no_crossing,,,,,,,,,,,,,,,
LTL,l2_t1024_16384_tl_entry_optimized_lng,sel_30,,1,"(0,0.5]",0,no_crossing,,,,,,,,,,,,,,,
LTL,l2_t1024_16384_tl_entry_optimized_lng,sel_30,,1,"(0.5,1]",0,no_crossing,,,,,,,,,,,,,,,
LTL,l2_t1024_16384_tl_entry_optimized_lng,sel_30,,1,"(1,5]",576,no_crossing,,,,,,,,,,,,,,,
LTL,l2_t1024_16384_tl_entry_optimized_lng,sel_30,,1,"(5,10]",96,no_crossing,,,,,,,,,,,,,,,
LTL,l2_t1024_16384_tl_entry_optimized_lng,sel_30,,1,"(10,30]",32,no_crossing,,,,,,,,,,,,,,,
LTL,l2_t1024_16384_tl_entry_optimized_lng,sel_30,,1,"(30,60]",0,no_crossing,,,,,,,,,,,,,,,
LTL,l2_t1024_16384_tl_entry_optimized_lng,sel_30,,1,"(60,80]",0,no_crossing,,,,,,,,,,,,,,,
LTL,l2_t1024_16384_tl_entry_optimized_lng,sel_30,,1,"(80,95]",226,no_crossing,,,,,,,,,,,,,,,
LTL,l2_t1024_16384_tl_entry_optimized_lng,sel_30,,1,"(95,100]",70,no_crossing,,,,,,,,,,,,,,,
LTL,l2_t1024_16384_tl_entry_optimized_lng,sel_30,,2,"(0,0.5]",0,no_crossing,,,,,,,,,,,,,,,
LTL,l2_t1024_16384_tl_entry_optimized_lng,sel_30,,2,"(0.5,1]",0,no_crossing,,,,,,,,,,,,,,,
LTL,l2_t1024_16384_tl_entry_optimized_lng,sel_30,,2,"(1,5]",576,no_crossing,,,,,,,,,,,,,,,
LTL,l2_t1024_16384_tl_entry_optimized_lng,sel_30,,2,"(5,10]",96,no_crossing,,,,,,,,,,,,,,,
LTL,l2_t1024_16384_tl_entry_optimized_lng,sel_30,,2,"(10,30]",32,no_crossing,,,,,,,,,,,,,,,
LTL,l2_t1024_16384_tl_entry_optimized_lng,sel_30,,2,"(30,60]",0,no_crossing,,,,,,,,,,,,,,,
LTL,l2_t1024_16384_tl_entry_optimized_lng,sel_30,,2,"(60,80]",0,no_crossing,,,,,,,,,,,,,,,
LTL,l2_t1024_16384_tl_entry_optimized_lng,sel_30,,2,"(80,95]",226,no_crossing,,,,,,,,,,,,,,,
LTL,l2_t1024_16384_tl_entry_optimized_lng,sel_30,,2,"(95,100]",70,no_crossing,,,,,,,,,,,,,,,
LTT,l2_t1024_16384_tt_entry_optimized_lng,sel_30,,1,"(0,0.5]",0,no_crossing,,,,,,,,,,,,,,,
LTT,l2_t1024_16384_tt_entry_optimized_lng,sel_30,,1,"(0.5,1]",0,no_crossing,,,,,,,,,,,,,,,
LTT,l2_t1024_16384_tt_entry_optimized_lng,sel_30,,1,"(1,5]",576,no_crossing,,,,,,,,,,,,,,,
LTT,l2_t1024_16384_tt_entry_optimized_lng,sel_30,,1,"(5,10]",96,no_crossing,,,,,,,,,,,,,,,
LTT,l2_t1024_16384_tt_entry_optimized_lng,sel_30,,1,"(10,30]",32,no_crossing,,,,,,,,,,,,,,,
LTT,l2_t1024_16384_tt_entry_optimized_lng,sel_30,,1,"(30,60]",0,no_crossing,,,,,,,,,,,,,,,
LTT,l2_t1024_16384_tt_entry_optimized_lng,sel_30,,1,"(60,80]",0,no_crossing,,,,,,,,,,,,,,,
LTT,l2_t1024_16384_tt_entry_optimized_lng,sel_30,,1,"(80,95]",226,no_crossing,,,,,,,,,,,,,,,
LTT,l2_t1024_16384_tt_entry_optimized_lng,sel_30,,1,"(95,100]",70,no_crossing,,,,,,,,,,,,,,,
LTT,l2_t1024_16384_tt_entry_optimized_lng,sel_30,,2,"(0,0.5]",0,no_crossing,,,,,,,,,,,,,,,
LTT,l2_t1024_16384_tt_entry_optimized_lng,sel_30,,2,"(0.5,1]",0,no_crossing,,,,,,,,,,,,,,,
LTT,l2_t1024_16384_tt_entry_optimized_lng,sel_30,,2,"(1,5]",576,no_crossing,,,,,,,,,,,,,,,
LTT,l2_t1024_16384_tt_entry_optimized_lng,sel_30,,2,"(5,10]",96,no_crossing,,,,,,,,,,,,,,,
LTT,l2_t1024_16384_tt_entry_optimized_lng,sel_30,,2,"(10,30]",32,no_crossing,,,,,,,,,,,,,,,
LTT,l2_t1024_16384_tt_entry_optimized_lng,sel_30,,2,"(30,60]",0,no_crossing,,,,,,,,,,,,,,,
LTT,l2_t1024_16384_tt_entry_optimized_lng,sel_30,,2,"(60,80]",0,no_crossing,,,,,,,,,,,,,,,
LTT,l2_t1024_16384_tt_entry_optimized_lng,sel_30,,2,"(80,95]",226,no_crossing,,,,,,,,,,,,,,,
LTT,l2_t1024_16384_tt_entry_optimized_lng,sel_30,,2,"(95,100]",70,no_crossing,,,,,,,,,,,,,,,
TLL,l2_base_trie_t1024_16384_ll_entry_trie,sel_30,60000,1,"(0,0.5]",0,empty_stratum,0,,0,0,0,0,0,0,0,0,0,0,0,0,0
TLL,l2_base_trie_t1024_16384_ll_entry_trie,sel_30,60000,1,"(0.5,1]",0,empty_stratum,0,,0,0,0,0,0,0,0,0,0,0,0,0,0
TLL,l2_base_trie_t1024_16384_ll_entry_trie,sel_30,60000,1,"(1,5]",576,complete,576,0.9789930555555556,1,24,1,1,2,3,1,4,4,3,5,4,548
TLL,l2_base_trie_t1024_16384_ll_entry_trie,sel_30,60000,1,"(5,10]",96,complete,96,0.996875,0,1,0,0,0,0,0,0,0,0,1,1,94
TLL,l2_base_trie_t1024_16384_ll_entry_trie,sel_30,60000,1,"(10,30]",32,complete,32,0.98125,0,1,0,0,0,0,0,1,0,0,0,1,30
TLL,l2_base_trie_t1024_16384_ll_entry_trie,sel_30,60000,1,"(30,60]",0,empty_stratum,0,,0,0,0,0,0,0,0,0,0,0,0,0,0
TLL,l2_base_trie_t1024_16384_ll_entry_trie,sel_30,60000,1,"(60,80]",0,empty_stratum,0,,0,0,0,0,0,0,0,0,0,0,0,0,0
TLL,l2_base_trie_t1024_16384_ll_entry_trie,sel_30,60000,1,"(80,95]",226,complete,226,0.6699115044247788,7,144,7,7,10,12,20,19,23,21,25,29,53
TLL,l2_base_trie_t1024_16384_ll_entry_trie,sel_30,60000,1,"(95,100]",70,complete,70,0.9457142857142857,1,5,1,0,1,1,0,1,1,0,0,4,61
TLL,l2_base_trie_t1024_16384_ll_entry_trie,sel_30,60000,2,"(0,0.5]",0,empty_stratum,0,,0,0,0,0,0,0,0,0,0,0,0,0,0
TLL,l2_base_trie_t1024_16384_ll_entry_trie,sel_30,60000,2,"(0.5,1]",0,empty_stratum,0,,0,0,0,0,0,0,0,0,0,0,0,0,0
TLL,l2_base_trie_t1024_16384_ll_entry_trie,sel_30,60000,2,"(1,5]",576,complete,576,0.9789930555555556,1,24,1,1,2,3,1,4,4,3,5,4,548
TLL,l2_base_trie_t1024_16384_ll_entry_trie,sel_30,60000,2,"(5,10]",96,complete,96,0.996875,0,1,0,0,0,0,0,0,0,0,1,1,94
TLL,l2_base_trie_t1024_16384_ll_entry_trie,sel_30,60000,2,"(10,30]",32,complete,32,0.98125,0,1,0,0,0,0,0,1,0,0,0,1,30
TLL,l2_base_trie_t1024_16384_ll_entry_trie,sel_30,60000,2,"(30,60]",0,empty_stratum,0,,0,0,0,0,0,0,0,0,0,0,0,0,0
TLL,l2_base_trie_t1024_16384_ll_entry_trie,sel_30,60000,2,"(60,80]",0,empty_stratum,0,,0,0,0,0,0,0,0,0,0,0,0,0,0
TLL,l2_base_trie_t1024_16384_ll_entry_trie,sel_30,60000,2,"(80,95]",226,complete,226,0.6699115044247788,7,144,7,7,10,12,20,19,23,21,25,29,53
TLL,l2_base_trie_t1024_16384_ll_entry_trie,sel_30,60000,2,"(95,100]",70,complete,70,0.9457142857142857,1,5,1,0,1,1,0,1,1,0,0,4,61
TLT,l2_base_trie_t1024_16384_lt_entry_trie,sel_30,60000,1,"(0,0.5]",0,empty_stratum,0,,0,0,0,0,0,0,0,0,0,0,0,0,0
TLT,l2_base_trie_t1024_16384_lt_entry_trie,sel_30,60000,1,"(0.5,1]",0,empty_stratum,0,,0,0,0,0,0,0,0,0,0,0,0,0,0
TLT,l2_base_trie_t1024_16384_lt_entry_trie,sel_30,60000,1,"(1,5]",576,complete,576,0.9789930555555556,1,24,1,1,2,3,1,4,4,3,5,4,548
TLT,l2_base_trie_t1024_16384_lt_entry_trie,sel_30,60000,1,"(5,10]",96,complete,96,0.996875,0,1,0,0,0,0,0,0,0,0,1,1,94
TLT,l2_base_trie_t1024_16384_lt_entry_trie,sel_30,60000,1,"(10,30]",32,complete,32,0.98125,0,1,0,0,0,0,0,1,0,0,0,1,30
TLT,l2_base_trie_t1024_16384_lt_entry_trie,sel_30,60000,1,"(30,60]",0,empty_stratum,0,,0,0,0,0,0,0,0,0,0,0,0,0,0
TLT,l2_base_trie_t1024_16384_lt_entry_trie,sel_30,60000,1,"(60,80]",0,empty_stratum,0,,0,0,0,0,0,0,0,0,0,0,0,0,0
TLT,l2_base_trie_t1024_16384_lt_entry_trie,sel_30,60000,1,"(80,95]",226,complete,226,0.668141592920354,8,145,8,5,9,15,19,19,23,22,25,31,50
TLT,l2_base_trie_t1024_16384_lt_entry_trie,sel_30,60000,1,"(95,100]",70,complete,70,0.9457142857142857,1,5,1,0,1,1,0,1,1,0,0,4,61
TLT,l2_base_trie_t1024_16384_lt_entry_trie,sel_30,60000,2,"(0,0.5]",0,empty_stratum,0,,0,0,0,0,0,0,0,0,0,0,0,0,0
TLT,l2_base_trie_t1024_16384_lt_entry_trie,sel_30,60000,2,"(0.5,1]",0,empty_stratum,0,,0,0,0,0,0,0,0,0,0,0,0,0,0
TLT,l2_base_trie_t1024_16384_lt_entry_trie,sel_30,60000,2,"(1,5]",576,complete,576,0.9789930555555556,1,24,1,1,2,3,1,4,4,3,5,4,548
TLT,l2_base_trie_t1024_16384_lt_entry_trie,sel_30,60000,2,"(5,10]",96,complete,96,0.996875,0,1,0,0,0,0,0,0,0,0,1,1,94
TLT,l2_base_trie_t1024_16384_lt_entry_trie,sel_30,60000,2,"(10,30]",32,complete,32,0.98125,0,1,0,0,0,0,0,1,0,0,0,1,30
TLT,l2_base_trie_t1024_16384_lt_entry_trie,sel_30,60000,2,"(30,60]",0,empty_stratum,0,,0,0,0,0,0,0,0,0,0,0,0,0,0
TLT,l2_base_trie_t1024_16384_lt_entry_trie,sel_30,60000,2,"(60,80]",0,empty_stratum,0,,0,0,0,0,0,0,0,0,0,0,0,0,0
TLT,l2_base_trie_t1024_16384_lt_entry_trie,sel_30,60000,2,"(80,95]",226,complete,226,0.668141592920354,8,145,8,5,9,15,19,19,23,22,25,31,50
TLT,l2_base_trie_t1024_16384_lt_entry_trie,sel_30,60000,2,"(95,100]",70,complete,70,0.9457142857142857,1,5,1,0,1,1,0,1,1,0,0,4,61
TTL,l2_base_trie_t1024_16384_tl_entry_trie,sel_30,60000,1,"(0,0.5]",0,empty_stratum,0,,0,0,0,0,0,0,0,0,0,0,0,0,0
TTL,l2_base_trie_t1024_16384_tl_entry_trie,sel_30,60000,1,"(0.5,1]",0,empty_stratum,0,,0,0,0,0,0,0,0,0,0,0,0,0,0
TTL,l2_base_trie_t1024_16384_tl_entry_trie,sel_30,60000,1,"(1,5]",576,complete,576,0.9791666666666666,1,24,1,1,2,3,1,3,5,3,5,4,548
TTL,l2_base_trie_t1024_16384_tl_entry_trie,sel_30,60000,1,"(5,10]",96,complete,96,0.996875,0,1,0,0,0,0,0,0,0,0,1,1,94
TTL,l2_base_trie_t1024_16384_tl_entry_trie,sel_30,60000,1,"(10,30]",32,complete,32,0.959375,0,2,0,0,0,1,0,1,0,0,0,1,29
TTL,l2_base_trie_t1024_16384_tl_entry_trie,sel_30,60000,1,"(30,60]",0,empty_stratum,0,,0,0,0,0,0,0,0,0,0,0,0,0,0
TTL,l2_base_trie_t1024_16384_tl_entry_trie,sel_30,60000,1,"(60,80]",0,empty_stratum,0,,0,0,0,0,0,0,0,0,0,0,0,0,0
TTL,l2_base_trie_t1024_16384_tl_entry_trie,sel_30,60000,1,"(80,95]",226,complete,226,0.6442477876106195,11,149,11,8,12,13,24,12,23,22,24,25,52
TTL,l2_base_trie_t1024_16384_tl_entry_trie,sel_30,60000,1,"(95,100]",70,complete,70,0.9471428571428572,1,5,1,0,0,2,0,1,1,0,0,4,61
TTL,l2_base_trie_t1024_16384_tl_entry_trie,sel_30,60000,2,"(0,0.5]",0,empty_stratum,0,,0,0,0,0,0,0,0,0,0,0,0,0,0
TTL,l2_base_trie_t1024_16384_tl_entry_trie,sel_30,60000,2,"(0.5,1]",0,empty_stratum,0,,0,0,0,0,0,0,0,0,0,0,0,0,0
TTL,l2_base_trie_t1024_16384_tl_entry_trie,sel_30,60000,2,"(1,5]",576,complete,576,0.9791666666666666,1,24,1,1,2,3,1,3,5,3,5,4,548
TTL,l2_base_trie_t1024_16384_tl_entry_trie,sel_30,60000,2,"(5,10]",96,complete,96,0.996875,0,1,0,0,0,0,0,0,0,0,1,1,94
TTL,l2_base_trie_t1024_16384_tl_entry_trie,sel_30,60000,2,"(10,30]",32,complete,32,0.959375,0,2,0,0,0,1,0,1,0,0,0,1,29
TTL,l2_base_trie_t1024_16384_tl_entry_trie,sel_30,60000,2,"(30,60]",0,empty_stratum,0,,0,0,0,0,0,0,0,0,0,0,0,0,0
TTL,l2_base_trie_t1024_16384_tl_entry_trie,sel_30,60000,2,"(60,80]",0,empty_stratum,0,,0,0,0,0,0,0,0,0,0,0,0,0,0
TTL,l2_base_trie_t1024_16384_tl_entry_trie,sel_30,60000,2,"(80,95]",226,complete,226,0.6442477876106195,11,149,11,8,12,13,24,12,23,22,24,25,52
TTL,l2_base_trie_t1024_16384_tl_entry_trie,sel_30,60000,2,"(95,100]",70,complete,70,0.9471428571428572,1,5,1,0,0,2,0,1,1,0,0,4,61
TTT,l2_base_trie_t1024_16384_tt_entry_trie,sel_30,60000,1,"(0,0.5]",0,empty_stratum,0,,0,0,0,0,0,0,0,0,0,0,0,0,0
TTT,l2_base_trie_t1024_16384_tt_entry_trie,sel_30,60000,1,"(0.5,1]",0,empty_stratum,0,,0,0,0,0,0,0,0,0,0,0,0,0,0
TTT,l2_base_trie_t1024_16384_tt_entry_trie,sel_30,60000,1,"(1,5]",576,complete,576,0.9789930555555556,1,24,1,1,2,3,1,4,4,3,5,4,548
TTT,l2_base_trie_t1024_16384_tt_entry_trie,sel_30,60000,1,"(5,10]",96,complete,96,0.996875,0,1,0,0,0,0,0,0,0,0,1,1,94
TTT,l2_base_trie_t1024_16384_tt_entry_trie,sel_30,60000,1,"(10,30]",32,complete,32,0.959375,0,2,0,0,0,1,0,1,0,0,0,1,29
TTT,l2_base_trie_t1024_16384_tt_entry_trie,sel_30,60000,1,"(30,60]",0,empty_stratum,0,,0,0,0,0,0,0,0,0,0,0,0,0,0
TTT,l2_base_trie_t1024_16384_tt_entry_trie,sel_30,60000,1,"(60,80]",0,empty_stratum,0,,0,0,0,0,0,0,0,0,0,0,0,0,0
TTT,l2_base_trie_t1024_16384_tt_entry_trie,sel_30,60000,1,"(80,95]",226,complete,226,0.6411504424778761,11,153,11,8,13,12,22,12,27,22,26,23,50
TTT,l2_base_trie_t1024_16384_tt_entry_trie,sel_30,60000,1,"(95,100]",70,complete,70,0.9457142857142857,1,5,1,0,1,1,0,1,1,0,0,4,61
TTT,l2_base_trie_t1024_16384_tt_entry_trie,sel_30,60000,2,"(0,0.5]",0,empty_stratum,0,,0,0,0,0,0,0,0,0,0,0,0,0,0
TTT,l2_base_trie_t1024_16384_tt_entry_trie,sel_30,60000,2,"(0.5,1]",0,empty_stratum,0,,0,0,0,0,0,0,0,0,0,0,0,0,0
TTT,l2_base_trie_t1024_16384_tt_entry_trie,sel_30,60000,2,"(1,5]",576,complete,576,0.9789930555555556,1,24,1,1,2,3,1,4,4,3,5,4,548
TTT,l2_base_trie_t1024_16384_tt_entry_trie,sel_30,60000,2,"(5,10]",96,complete,96,0.996875,0,1,0,0,0,0,0,0,0,0,1,1,94
TTT,l2_base_trie_t1024_16384_tt_entry_trie,sel_30,60000,2,"(10,30]",32,complete,32,0.959375,0,2,0,0,0,1,0,1,0,0,0,1,29
TTT,l2_base_trie_t1024_16384_tt_entry_trie,sel_30,60000,2,"(30,60]",0,empty_stratum,0,,0,0,0,0,0,0,0,0,0,0,0,0,0
TTT,l2_base_trie_t1024_16384_tt_entry_trie,sel_30,60000,2,"(60,80]",0,empty_stratum,0,,0,0,0,0,0,0,0,0,0,0,0,0,0
TTT,l2_base_trie_t1024_16384_tt_entry_trie,sel_30,60000,2,"(80,95]",226,complete,226,0.6411504424778761,11,153,11,8,13,12,22,12,27,22,26,23,50
TTT,l2_base_trie_t1024_16384_tt_entry_trie,sel_30,60000,2,"(95,100]",70,complete,70,0.9457142857142857,1,5,1,0,1,1,0,1,1,0,0,4,61
L,l0_lng_entry_optimized_lng,sel_60,260000,1,"(0,0.5]",122,complete,122,1.0,0,0,0,0,0,0,0,0,0,0,0,0,122
L,l0_lng_entry_optimized_lng,sel_60,260000,1,"(0.5,1]",91,complete,91,0.9978021978021978,0,0,0,0,0,0,0,0,0,0,0,2,89
L,l0_lng_entry_optimized_lng,sel_60,260000,1,"(1,5]",145,complete,145,0.9868965517241379,0,3,0,0,1,0,0,1,0,1,0,3,139
L,l0_lng_entry_optimized_lng,sel_60,260000,1,"(5,10]",18,complete,18,0.9666666666666667,0,1,0,0,0,0,1,0,0,0,0,0,17
L,l0_lng_entry_optimized_lng,sel_60,260000,1,"(10,30]",10,complete,10,1.0,0,0,0,0,0,0,0,0,0,0,0,0,10
L,l0_lng_entry_optimized_lng,sel_60,260000,1,"(30,60]",0,empty_stratum,0,,0,0,0,0,0,0,0,0,0,0,0,0,0
L,l0_lng_entry_optimized_lng,sel_60,260000,1,"(60,80]",0,empty_stratum,0,,0,0,0,0,0,0,0,0,0,0,0,0,0
L,l0_lng_entry_optimized_lng,sel_60,260000,1,"(80,95]",1,complete,1,0.9,0,0,0,0,0,0,0,0,0,0,0,1,0
L,l0_lng_entry_optimized_lng,sel_60,260000,1,"(95,100]",613,complete,613,0.8876019575856444,12,152,12,3,1,4,9,9,33,27,54,86,375
L,l0_lng_entry_optimized_lng,sel_60,260000,2,"(0,0.5]",122,complete,122,1.0,0,0,0,0,0,0,0,0,0,0,0,0,122
L,l0_lng_entry_optimized_lng,sel_60,260000,2,"(0.5,1]",91,complete,91,0.9978021978021978,0,0,0,0,0,0,0,0,0,0,0,2,89
L,l0_lng_entry_optimized_lng,sel_60,260000,2,"(1,5]",145,complete,145,0.9868965517241379,0,3,0,0,1,0,0,1,0,1,0,3,139
L,l0_lng_entry_optimized_lng,sel_60,260000,2,"(5,10]",18,complete,18,0.9666666666666667,0,1,0,0,0,0,1,0,0,0,0,0,17
L,l0_lng_entry_optimized_lng,sel_60,260000,2,"(10,30]",10,complete,10,1.0,0,0,0,0,0,0,0,0,0,0,0,0,10
L,l0_lng_entry_optimized_lng,sel_60,260000,2,"(30,60]",0,empty_stratum,0,,0,0,0,0,0,0,0,0,0,0,0,0,0
L,l0_lng_entry_optimized_lng,sel_60,260000,2,"(60,80]",0,empty_stratum,0,,0,0,0,0,0,0,0,0,0,0,0,0,0
L,l0_lng_entry_optimized_lng,sel_60,260000,2,"(80,95]",1,complete,1,0.9,0,0,0,0,0,0,0,0,0,0,0,1,0
L,l0_lng_entry_optimized_lng,sel_60,260000,2,"(95,100]",613,complete,613,0.8895595432300163,11,151,11,3,1,3,9,13,30,26,55,84,378
T,l0_trie_entry_trie,sel_60,320000,1,"(0,0.5]",122,complete,122,1.0,0,0,0,0,0,0,0,0,0,0,0,0,122
T,l0_trie_entry_trie,sel_60,320000,1,"(0.5,1]",91,complete,91,0.9978021978021978,0,0,0,0,0,0,0,0,0,0,0,2,89
T,l0_trie_entry_trie,sel_60,320000,1,"(1,5]",145,complete,145,0.9868965517241379,0,3,0,0,1,0,0,1,0,1,0,3,139
T,l0_trie_entry_trie,sel_60,320000,1,"(5,10]",18,complete,18,0.9666666666666667,0,1,0,0,0,0,1,0,0,0,0,0,17
T,l0_trie_entry_trie,sel_60,320000,1,"(10,30]",10,complete,10,1.0,0,0,0,0,0,0,0,0,0,0,0,0,10
T,l0_trie_entry_trie,sel_60,320000,1,"(30,60]",0,empty_stratum,0,,0,0,0,0,0,0,0,0,0,0,0,0,0
T,l0_trie_entry_trie,sel_60,320000,1,"(60,80]",0,empty_stratum,0,,0,0,0,0,0,0,0,0,0,0,0,0,0
T,l0_trie_entry_trie,sel_60,320000,1,"(80,95]",1,complete,1,0.8,0,1,0,0,0,0,0,0,0,0,1,0,0
T,l0_trie_entry_trie,sel_60,320000,1,"(95,100]",613,complete,613,0.8649265905383361,13,194,13,2,1,5,6,19,29,42,77,110,309
T,l0_trie_entry_trie,sel_60,320000,2,"(0,0.5]",122,complete,122,1.0,0,0,0,0,0,0,0,0,0,0,0,0,122
T,l0_trie_entry_trie,sel_60,320000,2,"(0.5,1]",91,complete,91,0.9978021978021978,0,0,0,0,0,0,0,0,0,0,0,2,89
T,l0_trie_entry_trie,sel_60,320000,2,"(1,5]",145,complete,145,0.9868965517241379,0,3,0,0,1,0,0,1,0,1,0,3,139
T,l0_trie_entry_trie,sel_60,320000,2,"(5,10]",18,complete,18,0.9666666666666667,0,1,0,0,0,0,1,0,0,0,0,0,17
T,l0_trie_entry_trie,sel_60,320000,2,"(10,30]",10,complete,10,1.0,0,0,0,0,0,0,0,0,0,0,0,0,10
T,l0_trie_entry_trie,sel_60,320000,2,"(30,60]",0,empty_stratum,0,,0,0,0,0,0,0,0,0,0,0,0,0,0
T,l0_trie_entry_trie,sel_60,320000,2,"(60,80]",0,empty_stratum,0,,0,0,0,0,0,0,0,0,0,0,0,0,0
T,l0_trie_entry_trie,sel_60,320000,2,"(80,95]",1,complete,1,0.7,0,1,0,0,0,0,0,0,0,1,0,0,0
T,l0_trie_entry_trie,sel_60,320000,2,"(95,100]",613,complete,613,0.8621533442088092,13,197,13,2,2,5,8,20,28,42,77,106,310
LL,l1_t1024_lng_entry_optimized_lng,sel_60,5000,1,"(0,0.5]",122,complete,122,1.0,0,0,0,0,0,0,0,0,0,0,0,0,122
LL,l1_t1024_lng_entry_optimized_lng,sel_60,5000,1,"(0.5,1]",91,complete,91,0.9912087912087912,0,2,0,0,0,0,0,0,0,0,2,4,85
LL,l1_t1024_lng_entry_optimized_lng,sel_60,5000,1,"(1,5]",145,complete,145,0.8675862068965517,1,46,1,0,1,2,4,4,10,8,16,20,79
LL,l1_t1024_lng_entry_optimized_lng,sel_60,5000,1,"(5,10]",18,complete,18,0.6333333333333333,0,15,0,0,1,3,1,2,1,3,4,0,3
LL,l1_t1024_lng_entry_optimized_lng,sel_60,5000,1,"(10,30]",10,complete,10,0.76,0,3,0,1,1,0,0,0,1,0,0,3,4
LL,l1_t1024_lng_entry_optimized_lng,sel_60,5000,1,"(30,60]",0,empty_stratum,0,,0,0,0,0,0,0,0,0,0,0,0,0,0
LL,l1_t1024_lng_entry_optimized_lng,sel_60,5000,1,"(60,80]",0,empty_stratum,0,,0,0,0,0,0,0,0,0,0,0,0,0,0
LL,l1_t1024_lng_entry_optimized_lng,sel_60,5000,1,"(80,95]",1,complete,1,1.0,0,0,0,0,0,0,0,0,0,0,0,0,1
LL,l1_t1024_lng_entry_optimized_lng,sel_60,5000,1,"(95,100]",613,complete,613,0.9213703099510604,19,63,19,7,1,5,7,3,4,10,7,69,481
LL,l1_t1024_lng_entry_optimized_lng,sel_60,5000,2,"(0,0.5]",122,complete,122,1.0,0,0,0,0,0,0,0,0,0,0,0,0,122
LL,l1_t1024_lng_entry_optimized_lng,sel_60,5000,2,"(0.5,1]",91,complete,91,0.9912087912087912,0,2,0,0,0,0,0,0,0,0,2,4,85
LL,l1_t1024_lng_entry_optimized_lng,sel_60,5000,2,"(1,5]",145,complete,145,0.8675862068965517,1,46,1,0,1,2,4,4,10,8,16,20,79
LL,l1_t1024_lng_entry_optimized_lng,sel_60,5000,2,"(5,10]",18,complete,18,0.6333333333333333,0,15,0,0,1,3,1,2,1,3,4,0,3
LL,l1_t1024_lng_entry_optimized_lng,sel_60,5000,2,"(10,30]",10,complete,10,0.76,0,3,0,1,1,0,0,0,1,0,0,3,4
LL,l1_t1024_lng_entry_optimized_lng,sel_60,5000,2,"(30,60]",0,empty_stratum,0,,0,0,0,0,0,0,0,0,0,0,0,0,0
LL,l1_t1024_lng_entry_optimized_lng,sel_60,5000,2,"(60,80]",0,empty_stratum,0,,0,0,0,0,0,0,0,0,0,0,0,0,0
LL,l1_t1024_lng_entry_optimized_lng,sel_60,5000,2,"(80,95]",1,complete,1,1.0,0,0,0,0,0,0,0,0,0,0,0,0,1
LL,l1_t1024_lng_entry_optimized_lng,sel_60,5000,2,"(95,100]",613,complete,613,0.9213703099510604,19,63,19,7,1,5,7,3,4,10,7,69,481
LT,l1_t1024_trie_entry_optimized_lng,sel_60,5000,1,"(0,0.5]",122,complete,122,1.0,0,0,0,0,0,0,0,0,0,0,0,0,122
LT,l1_t1024_trie_entry_optimized_lng,sel_60,5000,1,"(0.5,1]",91,complete,91,0.9912087912087912,0,2,0,0,0,0,0,0,0,0,2,4,85
LT,l1_t1024_trie_entry_optimized_lng,sel_60,5000,1,"(1,5]",145,complete,145,0.8675862068965517,1,46,1,0,1,2,4,4,10,8,16,20,79
LT,l1_t1024_trie_entry_optimized_lng,sel_60,5000,1,"(5,10]",18,complete,18,0.6277777777777778,0,15,0,0,1,3,1,2,1,4,3,0,3
LT,l1_t1024_trie_entry_optimized_lng,sel_60,5000,1,"(10,30]",10,complete,10,0.67,0,6,0,1,0,0,1,1,2,0,1,3,1
LT,l1_t1024_trie_entry_optimized_lng,sel_60,5000,1,"(30,60]",0,empty_stratum,0,,0,0,0,0,0,0,0,0,0,0,0,0,0
LT,l1_t1024_trie_entry_optimized_lng,sel_60,5000,1,"(60,80]",0,empty_stratum,0,,0,0,0,0,0,0,0,0,0,0,0,0,0
LT,l1_t1024_trie_entry_optimized_lng,sel_60,5000,1,"(80,95]",1,complete,1,0.1,0,1,0,1,0,0,0,0,0,0,0,0,0
LT,l1_t1024_trie_entry_optimized_lng,sel_60,5000,1,"(95,100]",613,complete,613,0.9102773246329527,22,77,22,8,1,7,5,4,6,9,15,70,466
LT,l1_t1024_trie_entry_optimized_lng,sel_60,5000,2,"(0,0.5]",122,complete,122,1.0,0,0,0,0,0,0,0,0,0,0,0,0,122
LT,l1_t1024_trie_entry_optimized_lng,sel_60,5000,2,"(0.5,1]",91,complete,91,0.9912087912087912,0,2,0,0,0,0,0,0,0,0,2,4,85
LT,l1_t1024_trie_entry_optimized_lng,sel_60,5000,2,"(1,5]",145,complete,145,0.8675862068965517,1,46,1,0,1,2,4,4,10,8,16,20,79
LT,l1_t1024_trie_entry_optimized_lng,sel_60,5000,2,"(5,10]",18,complete,18,0.6277777777777778,0,15,0,0,1,3,1,2,1,4,3,0,3
LT,l1_t1024_trie_entry_optimized_lng,sel_60,5000,2,"(10,30]",10,complete,10,0.67,0,6,0,1,0,0,1,1,2,0,1,3,1
LT,l1_t1024_trie_entry_optimized_lng,sel_60,5000,2,"(30,60]",0,empty_stratum,0,,0,0,0,0,0,0,0,0,0,0,0,0,0
LT,l1_t1024_trie_entry_optimized_lng,sel_60,5000,2,"(60,80]",0,empty_stratum,0,,0,0,0,0,0,0,0,0,0,0,0,0,0
LT,l1_t1024_trie_entry_optimized_lng,sel_60,5000,2,"(80,95]",1,complete,1,0.1,0,1,0,1,0,0,0,0,0,0,0,0,0
LT,l1_t1024_trie_entry_optimized_lng,sel_60,5000,2,"(95,100]",613,complete,613,0.9102773246329527,22,77,22,8,1,7,5,4,6,9,15,70,466
TL,l1_base_trie_t1024_lng_entry_trie,sel_60,1000,1,"(0,0.5]",122,complete,122,0.9983606557377049,0,0,0,0,0,0,0,0,0,0,0,2,120
TL,l1_base_trie_t1024_lng_entry_trie,sel_60,1000,1,"(0.5,1]",91,complete,91,0.9945054945054945,0,0,0,0,0,0,0,0,0,0,0,5,86
TL,l1_base_trie_t1024_lng_entry_trie,sel_60,1000,1,"(1,5]",145,complete,145,0.9689655172413794,0,8,0,1,0,0,0,0,2,1,4,17,120
TL,l1_base_trie_t1024_lng_entry_trie,sel_60,1000,1,"(5,10]",18,complete,18,0.8611111111111112,0,6,0,0,0,1,1,0,0,1,3,3,9
TL,l1_base_trie_t1024_lng_entry_trie,sel_60,1000,1,"(10,30]",10,complete,10,0.71,1,6,1,0,0,0,0,0,2,3,0,2,2
TL,l1_base_trie_t1024_lng_entry_trie,sel_60,1000,1,"(30,60]",0,empty_stratum,0,,0,0,0,0,0,0,0,0,0,0,0,0,0
TL,l1_base_trie_t1024_lng_entry_trie,sel_60,1000,1,"(60,80]",0,empty_stratum,0,,0,0,0,0,0,0,0,0,0,0,0,0,0
TL,l1_base_trie_t1024_lng_entry_trie,sel_60,1000,1,"(80,95]",1,complete,1,1.0,0,0,0,0,0,0,0,0,0,0,0,0,1
TL,l1_base_trie_t1024_lng_entry_trie,sel_60,1000,1,"(95,100]",613,complete,613,0.8559543230016313,31,133,31,15,2,9,9,9,9,14,35,112,368
TL,l1_base_trie_t1024_lng_entry_trie,sel_60,1000,2,"(0,0.5]",122,complete,122,0.9983606557377049,0,0,0,0,0,0,0,0,0,0,0,2,120
TL,l1_base_trie_t1024_lng_entry_trie,sel_60,1000,2,"(0.5,1]",91,complete,91,0.9945054945054945,0,0,0,0,0,0,0,0,0,0,0,5,86
TL,l1_base_trie_t1024_lng_entry_trie,sel_60,1000,2,"(1,5]",145,complete,145,0.9689655172413794,0,8,0,1,0,0,0,0,2,1,4,17,120
TL,l1_base_trie_t1024_lng_entry_trie,sel_60,1000,2,"(5,10]",18,complete,18,0.8611111111111112,0,6,0,0,0,1,1,0,0,1,3,3,9
TL,l1_base_trie_t1024_lng_entry_trie,sel_60,1000,2,"(10,30]",10,complete,10,0.71,1,6,1,0,0,0,0,0,2,3,0,2,2
TL,l1_base_trie_t1024_lng_entry_trie,sel_60,1000,2,"(30,60]",0,empty_stratum,0,,0,0,0,0,0,0,0,0,0,0,0,0,0
TL,l1_base_trie_t1024_lng_entry_trie,sel_60,1000,2,"(60,80]",0,empty_stratum,0,,0,0,0,0,0,0,0,0,0,0,0,0,0
TL,l1_base_trie_t1024_lng_entry_trie,sel_60,1000,2,"(80,95]",1,complete,1,1.0,0,0,0,0,0,0,0,0,0,0,0,0,1
TL,l1_base_trie_t1024_lng_entry_trie,sel_60,1000,2,"(95,100]",613,complete,613,0.8559543230016313,31,133,31,15,2,9,9,9,9,14,35,112,368
TT,l1_base_trie_t1024_trie_entry_trie,sel_60,2500,1,"(0,0.5]",122,complete,122,0.9991803278688525,0,0,0,0,0,0,0,0,0,0,0,1,121
TT,l1_base_trie_t1024_trie_entry_trie,sel_60,2500,1,"(0.5,1]",91,complete,91,0.9945054945054945,0,0,0,0,0,0,0,0,0,0,0,5,86
TT,l1_base_trie_t1024_trie_entry_trie,sel_60,2500,1,"(1,5]",145,complete,145,0.9779310344827586,0,4,0,1,0,0,0,1,0,0,2,14,127
TT,l1_base_trie_t1024_trie_entry_trie,sel_60,2500,1,"(5,10]",18,complete,18,0.8888888888888888,0,4,0,0,0,1,1,0,0,1,1,2,12
TT,l1_base_trie_t1024_trie_entry_trie,sel_60,2500,1,"(10,30]",10,complete,10,0.68,1,7,1,0,0,0,0,0,3,3,0,1,2
TT,l1_base_trie_t1024_trie_entry_trie,sel_60,2500,1,"(30,60]",0,empty_stratum,0,,0,0,0,0,0,0,0,0,0,0,0,0,0
TT,l1_base_trie_t1024_trie_entry_trie,sel_60,2500,1,"(60,80]",0,empty_stratum,0,,0,0,0,0,0,0,0,0,0,0,0,0,0
TT,l1_base_trie_t1024_trie_entry_trie,sel_60,2500,1,"(80,95]",1,complete,1,0.1,0,1,0,1,0,0,0,0,0,0,0,0,0
TT,l1_base_trie_t1024_trie_entry_trie,sel_60,2500,1,"(95,100]",613,complete,613,0.8683523654159869,28,118,28,11,4,8,12,6,9,12,28,110,385
TT,l1_base_trie_t1024_trie_entry_trie,sel_60,2500,2,"(0,0.5]",122,complete,122,0.9991803278688525,0,0,0,0,0,0,0,0,0,0,0,1,121
TT,l1_base_trie_t1024_trie_entry_trie,sel_60,2500,2,"(0.5,1]",91,complete,91,0.9945054945054945,0,0,0,0,0,0,0,0,0,0,0,5,86
TT,l1_base_trie_t1024_trie_entry_trie,sel_60,2500,2,"(1,5]",145,complete,145,0.9779310344827586,0,4,0,1,0,0,0,1,0,0,2,14,127
TT,l1_base_trie_t1024_trie_entry_trie,sel_60,2500,2,"(5,10]",18,complete,18,0.8888888888888888,0,4,0,0,0,1,1,0,0,1,1,2,12
TT,l1_base_trie_t1024_trie_entry_trie,sel_60,2500,2,"(10,30]",10,complete,10,0.68,1,7,1,0,0,0,0,0,3,3,0,1,2
TT,l1_base_trie_t1024_trie_entry_trie,sel_60,2500,2,"(30,60]",0,empty_stratum,0,,0,0,0,0,0,0,0,0,0,0,0,0,0
TT,l1_base_trie_t1024_trie_entry_trie,sel_60,2500,2,"(60,80]",0,empty_stratum,0,,0,0,0,0,0,0,0,0,0,0,0,0,0
TT,l1_base_trie_t1024_trie_entry_trie,sel_60,2500,2,"(80,95]",1,complete,1,0.1,0,1,0,1,0,0,0,0,0,0,0,0,0
TT,l1_base_trie_t1024_trie_entry_trie,sel_60,2500,2,"(95,100]",613,complete,613,0.8683523654159869,28,118,28,11,4,8,12,6,9,12,28,110,385
LLL,l2_t1024_16384_ll_entry_optimized_lng,sel_60,5000,1,"(0,0.5]",122,complete,122,1.0,0,0,0,0,0,0,0,0,0,0,0,0,122
LLL,l2_t1024_16384_ll_entry_optimized_lng,sel_60,5000,1,"(0.5,1]",91,complete,91,0.9912087912087912,0,2,0,0,0,0,0,0,0,0,2,4,85
LLL,l2_t1024_16384_ll_entry_optimized_lng,sel_60,5000,1,"(1,5]",145,complete,145,0.8675862068965517,1,46,1,0,1,2,4,4,10,8,16,20,79
LLL,l2_t1024_16384_ll_entry_optimized_lng,sel_60,5000,1,"(5,10]",18,complete,18,0.6333333333333333,0,15,0,0,1,3,1,2,1,3,4,0,3
LLL,l2_t1024_16384_ll_entry_optimized_lng,sel_60,5000,1,"(10,30]",10,complete,10,0.75,0,3,0,1,1,0,0,0,1,0,0,4,3
LLL,l2_t1024_16384_ll_entry_optimized_lng,sel_60,5000,1,"(30,60]",0,empty_stratum,0,,0,0,0,0,0,0,0,0,0,0,0,0,0
LLL,l2_t1024_16384_ll_entry_optimized_lng,sel_60,5000,1,"(60,80]",0,empty_stratum,0,,0,0,0,0,0,0,0,0,0,0,0,0,0
LLL,l2_t1024_16384_ll_entry_optimized_lng,sel_60,5000,1,"(80,95]",1,complete,1,1.0,0,0,0,0,0,0,0,0,0,0,0,0,1
LLL,l2_t1024_16384_ll_entry_optimized_lng,sel_60,5000,1,"(95,100]",613,complete,613,0.9205546492659054,19,63,19,9,1,4,7,2,5,10,6,66,484
LLL,l2_t1024_16384_ll_entry_optimized_lng,sel_60,5000,2,"(0,0.5]",122,complete,122,1.0,0,0,0,0,0,0,0,0,0,0,0,0,122
LLL,l2_t1024_16384_ll_entry_optimized_lng,sel_60,5000,2,"(0.5,1]",91,complete,91,0.9912087912087912,0,2,0,0,0,0,0,0,0,0,2,4,85
LLL,l2_t1024_16384_ll_entry_optimized_lng,sel_60,5000,2,"(1,5]",145,complete,145,0.8675862068965517,1,46,1,0,1,2,4,4,10,8,16,20,79
LLL,l2_t1024_16384_ll_entry_optimized_lng,sel_60,5000,2,"(5,10]",18,complete,18,0.6333333333333333,0,15,0,0,1,3,1,2,1,3,4,0,3
LLL,l2_t1024_16384_ll_entry_optimized_lng,sel_60,5000,2,"(10,30]",10,complete,10,0.75,0,3,0,1,1,0,0,0,1,0,0,4,3
LLL,l2_t1024_16384_ll_entry_optimized_lng,sel_60,5000,2,"(30,60]",0,empty_stratum,0,,0,0,0,0,0,0,0,0,0,0,0,0,0
LLL,l2_t1024_16384_ll_entry_optimized_lng,sel_60,5000,2,"(60,80]",0,empty_stratum,0,,0,0,0,0,0,0,0,0,0,0,0,0,0
LLL,l2_t1024_16384_ll_entry_optimized_lng,sel_60,5000,2,"(80,95]",1,complete,1,1.0,0,0,0,0,0,0,0,0,0,0,0,0,1
LLL,l2_t1024_16384_ll_entry_optimized_lng,sel_60,5000,2,"(95,100]",613,complete,613,0.9205546492659054,19,63,19,9,1,4,7,2,5,10,6,66,484
LLT,l2_t1024_16384_lt_entry_optimized_lng,sel_60,5000,1,"(0,0.5]",122,complete,122,1.0,0,0,0,0,0,0,0,0,0,0,0,0,122
LLT,l2_t1024_16384_lt_entry_optimized_lng,sel_60,5000,1,"(0.5,1]",91,complete,91,0.9912087912087912,0,2,0,0,0,0,0,0,0,0,2,4,85
LLT,l2_t1024_16384_lt_entry_optimized_lng,sel_60,5000,1,"(1,5]",145,complete,145,0.8675862068965517,1,46,1,0,1,2,4,4,10,8,16,20,79
LLT,l2_t1024_16384_lt_entry_optimized_lng,sel_60,5000,1,"(5,10]",18,complete,18,0.6333333333333333,0,15,0,0,1,3,1,2,1,3,4,0,3
LLT,l2_t1024_16384_lt_entry_optimized_lng,sel_60,5000,1,"(10,30]",10,complete,10,0.75,0,3,0,1,1,0,0,0,1,0,0,4,3
LLT,l2_t1024_16384_lt_entry_optimized_lng,sel_60,5000,1,"(30,60]",0,empty_stratum,0,,0,0,0,0,0,0,0,0,0,0,0,0,0
LLT,l2_t1024_16384_lt_entry_optimized_lng,sel_60,5000,1,"(60,80]",0,empty_stratum,0,,0,0,0,0,0,0,0,0,0,0,0,0,0
LLT,l2_t1024_16384_lt_entry_optimized_lng,sel_60,5000,1,"(80,95]",1,complete,1,1.0,0,0,0,0,0,0,0,0,0,0,0,0,1
LLT,l2_t1024_16384_lt_entry_optimized_lng,sel_60,5000,1,"(95,100]",613,complete,613,0.9200652528548124,19,64,19,9,1,4,7,3,4,10,7,66,483
LLT,l2_t1024_16384_lt_entry_optimized_lng,sel_60,5000,2,"(0,0.5]",122,complete,122,1.0,0,0,0,0,0,0,0,0,0,0,0,0,122
LLT,l2_t1024_16384_lt_entry_optimized_lng,sel_60,5000,2,"(0.5,1]",91,complete,91,0.9912087912087912,0,2,0,0,0,0,0,0,0,0,2,4,85
LLT,l2_t1024_16384_lt_entry_optimized_lng,sel_60,5000,2,"(1,5]",145,complete,145,0.8675862068965517,1,46,1,0,1,2,4,4,10,8,16,20,79
LLT,l2_t1024_16384_lt_entry_optimized_lng,sel_60,5000,2,"(5,10]",18,complete,18,0.6333333333333333,0,15,0,0,1,3,1,2,1,3,4,0,3
LLT,l2_t1024_16384_lt_entry_optimized_lng,sel_60,5000,2,"(10,30]",10,complete,10,0.75,0,3,0,1,1,0,0,0,1,0,0,4,3
LLT,l2_t1024_16384_lt_entry_optimized_lng,sel_60,5000,2,"(30,60]",0,empty_stratum,0,,0,0,0,0,0,0,0,0,0,0,0,0,0
LLT,l2_t1024_16384_lt_entry_optimized_lng,sel_60,5000,2,"(60,80]",0,empty_stratum,0,,0,0,0,0,0,0,0,0,0,0,0,0,0
LLT,l2_t1024_16384_lt_entry_optimized_lng,sel_60,5000,2,"(80,95]",1,complete,1,1.0,0,0,0,0,0,0,0,0,0,0,0,0,1
LLT,l2_t1024_16384_lt_entry_optimized_lng,sel_60,5000,2,"(95,100]",613,complete,613,0.9200652528548124,19,64,19,9,1,4,7,3,4,10,7,66,483
LTL,l2_t1024_16384_tl_entry_optimized_lng,sel_60,5000,1,"(0,0.5]",122,complete,122,1.0,0,0,0,0,0,0,0,0,0,0,0,0,122
LTL,l2_t1024_16384_tl_entry_optimized_lng,sel_60,5000,1,"(0.5,1]",91,complete,91,0.9912087912087912,0,2,0,0,0,0,0,0,0,0,2,4,85
LTL,l2_t1024_16384_tl_entry_optimized_lng,sel_60,5000,1,"(1,5]",145,complete,145,0.8675862068965517,1,46,1,0,1,2,4,4,10,8,16,20,79
LTL,l2_t1024_16384_tl_entry_optimized_lng,sel_60,5000,1,"(5,10]",18,complete,18,0.6277777777777778,0,15,0,0,1,3,1,2,1,4,3,0,3
LTL,l2_t1024_16384_tl_entry_optimized_lng,sel_60,5000,1,"(10,30]",10,complete,10,0.68,0,6,0,1,0,0,1,0,3,0,1,3,1
LTL,l2_t1024_16384_tl_entry_optimized_lng,sel_60,5000,1,"(30,60]",0,empty_stratum,0,,0,0,0,0,0,0,0,0,0,0,0,0,0
LTL,l2_t1024_16384_tl_entry_optimized_lng,sel_60,5000,1,"(60,80]",0,empty_stratum,0,,0,0,0,0,0,0,0,0,0,0,0,0,0
LTL,l2_t1024_16384_tl_entry_optimized_lng,sel_60,5000,1,"(80,95]",1,complete,1,0.1,0,1,0,1,0,0,0,0,0,0,0,0,0
LTL,l2_t1024_16384_tl_entry_optimized_lng,sel_60,5000,1,"(95,100]",613,complete,613,0.9109298531810767,21,76,21,10,1,5,6,3,6,10,14,70,467
LTL,l2_t1024_16384_tl_entry_optimized_lng,sel_60,5000,2,"(0,0.5]",122,complete,122,1.0,0,0,0,0,0,0,0,0,0,0,0,0,122
LTL,l2_t1024_16384_tl_entry_optimized_lng,sel_60,5000,2,"(0.5,1]",91,complete,91,0.9912087912087912,0,2,0,0,0,0,0,0,0,0,2,4,85
LTL,l2_t1024_16384_tl_entry_optimized_lng,sel_60,5000,2,"(1,5]",145,complete,145,0.8675862068965517,1,46,1,0,1,2,4,4,10,8,16,20,79
LTL,l2_t1024_16384_tl_entry_optimized_lng,sel_60,5000,2,"(5,10]",18,complete,18,0.6277777777777778,0,15,0,0,1,3,1,2,1,4,3,0,3
LTL,l2_t1024_16384_tl_entry_optimized_lng,sel_60,5000,2,"(10,30]",10,complete,10,0.68,0,6,0,1,0,0,1,0,3,0,1,3,1
LTL,l2_t1024_16384_tl_entry_optimized_lng,sel_60,5000,2,"(30,60]",0,empty_stratum,0,,0,0,0,0,0,0,0,0,0,0,0,0,0
LTL,l2_t1024_16384_tl_entry_optimized_lng,sel_60,5000,2,"(60,80]",0,empty_stratum,0,,0,0,0,0,0,0,0,0,0,0,0,0,0
LTL,l2_t1024_16384_tl_entry_optimized_lng,sel_60,5000,2,"(80,95]",1,complete,1,0.1,0,1,0,1,0,0,0,0,0,0,0,0,0
LTL,l2_t1024_16384_tl_entry_optimized_lng,sel_60,5000,2,"(95,100]",613,complete,613,0.9109298531810767,21,76,21,10,1,5,6,3,6,10,14,70,467
LTT,l2_t1024_16384_tt_entry_optimized_lng,sel_60,5000,1,"(0,0.5]",122,complete,122,1.0,0,0,0,0,0,0,0,0,0,0,0,0,122
LTT,l2_t1024_16384_tt_entry_optimized_lng,sel_60,5000,1,"(0.5,1]",91,complete,91,0.9912087912087912,0,2,0,0,0,0,0,0,0,0,2,4,85
LTT,l2_t1024_16384_tt_entry_optimized_lng,sel_60,5000,1,"(1,5]",145,complete,145,0.8675862068965517,1,46,1,0,1,2,4,4,10,8,16,20,79
LTT,l2_t1024_16384_tt_entry_optimized_lng,sel_60,5000,1,"(5,10]",18,complete,18,0.6277777777777778,0,15,0,0,1,3,1,2,1,4,3,0,3
LTT,l2_t1024_16384_tt_entry_optimized_lng,sel_60,5000,1,"(10,30]",10,complete,10,0.68,0,6,0,1,0,0,1,0,3,0,1,3,1
LTT,l2_t1024_16384_tt_entry_optimized_lng,sel_60,5000,1,"(30,60]",0,empty_stratum,0,,0,0,0,0,0,0,0,0,0,0,0,0,0
LTT,l2_t1024_16384_tt_entry_optimized_lng,sel_60,5000,1,"(60,80]",0,empty_stratum,0,,0,0,0,0,0,0,0,0,0,0,0,0,0
LTT,l2_t1024_16384_tt_entry_optimized_lng,sel_60,5000,1,"(80,95]",1,complete,1,0.1,0,1,0,1,0,0,0,0,0,0,0,0,0
LTT,l2_t1024_16384_tt_entry_optimized_lng,sel_60,5000,1,"(95,100]",613,complete,613,0.9102773246329527,21,77,21,10,1,5,6,4,6,10,14,69,467
LTT,l2_t1024_16384_tt_entry_optimized_lng,sel_60,5000,2,"(0,0.5]",122,complete,122,1.0,0,0,0,0,0,0,0,0,0,0,0,0,122
LTT,l2_t1024_16384_tt_entry_optimized_lng,sel_60,5000,2,"(0.5,1]",91,complete,91,0.9912087912087912,0,2,0,0,0,0,0,0,0,0,2,4,85
LTT,l2_t1024_16384_tt_entry_optimized_lng,sel_60,5000,2,"(1,5]",145,complete,145,0.8675862068965517,1,46,1,0,1,2,4,4,10,8,16,20,79
LTT,l2_t1024_16384_tt_entry_optimized_lng,sel_60,5000,2,"(5,10]",18,complete,18,0.6277777777777778,0,15,0,0,1,3,1,2,1,4,3,0,3
LTT,l2_t1024_16384_tt_entry_optimized_lng,sel_60,5000,2,"(10,30]",10,complete,10,0.68,0,6,0,1,0,0,1,0,3,0,1,3,1
LTT,l2_t1024_16384_tt_entry_optimized_lng,sel_60,5000,2,"(30,60]",0,empty_stratum,0,,0,0,0,0,0,0,0,0,0,0,0,0,0
LTT,l2_t1024_16384_tt_entry_optimized_lng,sel_60,5000,2,"(60,80]",0,empty_stratum,0,,0,0,0,0,0,0,0,0,0,0,0,0,0
LTT,l2_t1024_16384_tt_entry_optimized_lng,sel_60,5000,2,"(80,95]",1,complete,1,0.1,0,1,0,1,0,0,0,0,0,0,0,0,0
LTT,l2_t1024_16384_tt_entry_optimized_lng,sel_60,5000,2,"(95,100]",613,complete,613,0.9102773246329527,21,77,21,10,1,5,6,4,6,10,14,69,467
TLL,l2_base_trie_t1024_16384_ll_entry_trie,sel_60,1000,1,"(0,0.5]",122,complete,122,0.9983606557377049,0,0,0,0,0,0,0,0,0,0,0,2,120
TLL,l2_base_trie_t1024_16384_ll_entry_trie,sel_60,1000,1,"(0.5,1]",91,complete,91,0.9945054945054945,0,0,0,0,0,0,0,0,0,0,0,5,86
TLL,l2_base_trie_t1024_16384_ll_entry_trie,sel_60,1000,1,"(1,5]",145,complete,145,0.9689655172413794,0,8,0,1,0,0,0,0,2,1,4,17,120
TLL,l2_base_trie_t1024_16384_ll_entry_trie,sel_60,1000,1,"(5,10]",18,complete,18,0.8611111111111112,0,6,0,0,0,1,1,0,0,1,3,3,9
TLL,l2_base_trie_t1024_16384_ll_entry_trie,sel_60,1000,1,"(10,30]",10,complete,10,0.71,1,6,1,0,0,0,0,0,2,3,0,2,2
TLL,l2_base_trie_t1024_16384_ll_entry_trie,sel_60,1000,1,"(30,60]",0,empty_stratum,0,,0,0,0,0,0,0,0,0,0,0,0,0,0
TLL,l2_base_trie_t1024_16384_ll_entry_trie,sel_60,1000,1,"(60,80]",0,empty_stratum,0,,0,0,0,0,0,0,0,0,0,0,0,0,0
TLL,l2_base_trie_t1024_16384_ll_entry_trie,sel_60,1000,1,"(80,95]",1,complete,1,1.0,0,0,0,0,0,0,0,0,0,0,0,0,1
TLL,l2_base_trie_t1024_16384_ll_entry_trie,sel_60,1000,1,"(95,100]",613,complete,613,0.8611745513866231,29,130,29,14,2,8,11,7,9,17,33,109,374
TLL,l2_base_trie_t1024_16384_ll_entry_trie,sel_60,1000,2,"(0,0.5]",122,complete,122,0.9983606557377049,0,0,0,0,0,0,0,0,0,0,0,2,120
TLL,l2_base_trie_t1024_16384_ll_entry_trie,sel_60,1000,2,"(0.5,1]",91,complete,91,0.9945054945054945,0,0,0,0,0,0,0,0,0,0,0,5,86
TLL,l2_base_trie_t1024_16384_ll_entry_trie,sel_60,1000,2,"(1,5]",145,complete,145,0.9689655172413794,0,8,0,1,0,0,0,0,2,1,4,17,120
TLL,l2_base_trie_t1024_16384_ll_entry_trie,sel_60,1000,2,"(5,10]",18,complete,18,0.8611111111111112,0,6,0,0,0,1,1,0,0,1,3,3,9
TLL,l2_base_trie_t1024_16384_ll_entry_trie,sel_60,1000,2,"(10,30]",10,complete,10,0.71,1,6,1,0,0,0,0,0,2,3,0,2,2
TLL,l2_base_trie_t1024_16384_ll_entry_trie,sel_60,1000,2,"(30,60]",0,empty_stratum,0,,0,0,0,0,0,0,0,0,0,0,0,0,0
TLL,l2_base_trie_t1024_16384_ll_entry_trie,sel_60,1000,2,"(60,80]",0,empty_stratum,0,,0,0,0,0,0,0,0,0,0,0,0,0,0
TLL,l2_base_trie_t1024_16384_ll_entry_trie,sel_60,1000,2,"(80,95]",1,complete,1,1.0,0,0,0,0,0,0,0,0,0,0,0,0,1
TLL,l2_base_trie_t1024_16384_ll_entry_trie,sel_60,1000,2,"(95,100]",613,complete,613,0.8611745513866231,29,130,29,14,2,8,11,7,9,17,33,109,374
TLT,l2_base_trie_t1024_16384_lt_entry_trie,sel_60,1000,1,"(0,0.5]",122,complete,122,0.9983606557377049,0,0,0,0,0,0,0,0,0,0,0,2,120
TLT,l2_base_trie_t1024_16384_lt_entry_trie,sel_60,1000,1,"(0.5,1]",91,complete,91,0.9945054945054945,0,0,0,0,0,0,0,0,0,0,0,5,86
TLT,l2_base_trie_t1024_16384_lt_entry_trie,sel_60,1000,1,"(1,5]",145,complete,145,0.9689655172413794,0,8,0,1,0,0,0,0,2,1,4,17,120
TLT,l2_base_trie_t1024_16384_lt_entry_trie,sel_60,1000,1,"(5,10]",18,complete,18,0.8611111111111112,0,6,0,0,0,1,1,0,0,1,3,3,9
TLT,l2_base_trie_t1024_16384_lt_entry_trie,sel_60,1000,1,"(10,30]",10,complete,10,0.71,1,6,1,0,0,0,0,0,2,3,0,2,2
TLT,l2_base_trie_t1024_16384_lt_entry_trie,sel_60,1000,1,"(30,60]",0,empty_stratum,0,,0,0,0,0,0,0,0,0,0,0,0,0,0
TLT,l2_base_trie_t1024_16384_lt_entry_trie,sel_60,1000,1,"(60,80]",0,empty_stratum,0,,0,0,0,0,0,0,0,0,0,0,0,0,0
TLT,l2_base_trie_t1024_16384_lt_entry_trie,sel_60,1000,1,"(80,95]",1,complete,1,1.0,0,0,0,0,0,0,0,0,0,0,0,0,1
TLT,l2_base_trie_t1024_16384_lt_entry_trie,sel_60,1000,1,"(95,100]",613,complete,613,0.8579119086460033,30,130,30,13,3,9,12,8,8,15,32,114,369
TLT,l2_base_trie_t1024_16384_lt_entry_trie,sel_60,1000,2,"(0,0.5]",122,complete,122,0.9983606557377049,0,0,0,0,0,0,0,0,0,0,0,2,120
TLT,l2_base_trie_t1024_16384_lt_entry_trie,sel_60,1000,2,"(0.5,1]",91,complete,91,0.9945054945054945,0,0,0,0,0,0,0,0,0,0,0,5,86
TLT,l2_base_trie_t1024_16384_lt_entry_trie,sel_60,1000,2,"(1,5]",145,complete,145,0.9689655172413794,0,8,0,1,0,0,0,0,2,1,4,17,120
TLT,l2_base_trie_t1024_16384_lt_entry_trie,sel_60,1000,2,"(5,10]",18,complete,18,0.8611111111111112,0,6,0,0,0,1,1,0,0,1,3,3,9
TLT,l2_base_trie_t1024_16384_lt_entry_trie,sel_60,1000,2,"(10,30]",10,complete,10,0.71,1,6,1,0,0,0,0,0,2,3,0,2,2
TLT,l2_base_trie_t1024_16384_lt_entry_trie,sel_60,1000,2,"(30,60]",0,empty_stratum,0,,0,0,0,0,0,0,0,0,0,0,0,0,0
TLT,l2_base_trie_t1024_16384_lt_entry_trie,sel_60,1000,2,"(60,80]",0,empty_stratum,0,,0,0,0,0,0,0,0,0,0,0,0,0,0
TLT,l2_base_trie_t1024_16384_lt_entry_trie,sel_60,1000,2,"(80,95]",1,complete,1,1.0,0,0,0,0,0,0,0,0,0,0,0,0,1
TLT,l2_base_trie_t1024_16384_lt_entry_trie,sel_60,1000,2,"(95,100]",613,complete,613,0.8579119086460033,30,130,30,13,3,9,12,8,8,15,32,114,369
TTL,l2_base_trie_t1024_16384_tl_entry_trie,sel_60,2500,1,"(0,0.5]",122,complete,122,0.9991803278688525,0,0,0,0,0,0,0,0,0,0,0,1,121
TTL,l2_base_trie_t1024_16384_tl_entry_trie,sel_60,2500,1,"(0.5,1]",91,complete,91,0.9945054945054945,0,0,0,0,0,0,0,0,0,0,0,5,86
TTL,l2_base_trie_t1024_16384_tl_entry_trie,sel_60,2500,1,"(1,5]",145,complete,145,0.9779310344827586,0,4,0,1,0,0,0,1,0,0,2,14,127
TTL,l2_base_trie_t1024_16384_tl_entry_trie,sel_60,2500,1,"(5,10]",18,complete,18,0.8888888888888888,0,4,0,0,0,1,1,0,0,1,1,2,12
TTL,l2_base_trie_t1024_16384_tl_entry_trie,sel_60,2500,1,"(10,30]",10,complete,10,0.77,0,6,0,0,0,0,0,0,3,3,0,2,2
TTL,l2_base_trie_t1024_16384_tl_entry_trie,sel_60,2500,1,"(30,60]",0,empty_stratum,0,,0,0,0,0,0,0,0,0,0,0,0,0,0
TTL,l2_base_trie_t1024_16384_tl_entry_trie,sel_60,2500,1,"(60,80]",0,empty_stratum,0,,0,0,0,0,0,0,0,0,0,0,0,0,0
TTL,l2_base_trie_t1024_16384_tl_entry_trie,sel_60,2500,1,"(80,95]",1,complete,1,0.1,0,1,0,1,0,0,0,0,0,0,0,0,0
TTL,l2_base_trie_t1024_16384_tl_entry_trie,sel_60,2500,1,"(95,100]",613,complete,613,0.8711256117455138,26,118,26,11,6,7,11,6,8,15,28,105,390
TTL,l2_base_trie_t1024_16384_tl_entry_trie,sel_60,2500,2,"(0,0.5]",122,complete,122,0.9991803278688525,0,0,0,0,0,0,0,0,0,0,0,1,121
TTL,l2_base_trie_t1024_16384_tl_entry_trie,sel_60,2500,2,"(0.5,1]",91,complete,91,0.9945054945054945,0,0,0,0,0,0,0,0,0,0,0,5,86
TTL,l2_base_trie_t1024_16384_tl_entry_trie,sel_60,2500,2,"(1,5]",145,complete,145,0.9779310344827586,0,4,0,1,0,0,0,1,0,0,2,14,127
TTL,l2_base_trie_t1024_16384_tl_entry_trie,sel_60,2500,2,"(5,10]",18,complete,18,0.8888888888888888,0,4,0,0,0,1,1,0,0,1,1,2,12
TTL,l2_base_trie_t1024_16384_tl_entry_trie,sel_60,2500,2,"(10,30]",10,complete,10,0.77,0,6,0,0,0,0,0,0,3,3,0,2,2
TTL,l2_base_trie_t1024_16384_tl_entry_trie,sel_60,2500,2,"(30,60]",0,empty_stratum,0,,0,0,0,0,0,0,0,0,0,0,0,0,0
TTL,l2_base_trie_t1024_16384_tl_entry_trie,sel_60,2500,2,"(60,80]",0,empty_stratum,0,,0,0,0,0,0,0,0,0,0,0,0,0,0
TTL,l2_base_trie_t1024_16384_tl_entry_trie,sel_60,2500,2,"(80,95]",1,complete,1,0.1,0,1,0,1,0,0,0,0,0,0,0,0,0
TTL,l2_base_trie_t1024_16384_tl_entry_trie,sel_60,2500,2,"(95,100]",613,complete,613,0.8711256117455138,26,118,26,11,6,7,11,6,8,15,28,105,390
TTT,l2_base_trie_t1024_16384_tt_entry_trie,sel_60,2500,1,"(0,0.5]",122,complete,122,0.9991803278688525,0,0,0,0,0,0,0,0,0,0,0,1,121
TTT,l2_base_trie_t1024_16384_tt_entry_trie,sel_60,2500,1,"(0.5,1]",91,complete,91,0.9945054945054945,0,0,0,0,0,0,0,0,0,0,0,5,86
TTT,l2_base_trie_t1024_16384_tt_entry_trie,sel_60,2500,1,"(1,5]",145,complete,145,0.9779310344827586,0,4,0,1,0,0,0,1,0,0,2,14,127
TTT,l2_base_trie_t1024_16384_tt_entry_trie,sel_60,2500,1,"(5,10]",18,complete,18,0.8888888888888888,0,4,0,0,0,1,1,0,0,1,1,2,12
TTT,l2_base_trie_t1024_16384_tt_entry_trie,sel_60,2500,1,"(10,30]",10,complete,10,0.77,0,6,0,0,0,0,0,0,3,3,0,2,2
TTT,l2_base_trie_t1024_16384_tt_entry_trie,sel_60,2500,1,"(30,60]",0,empty_stratum,0,,0,0,0,0,0,0,0,0,0,0,0,0,0
TTT,l2_base_trie_t1024_16384_tt_entry_trie,sel_60,2500,1,"(60,80]",0,empty_stratum,0,,0,0,0,0,0,0,0,0,0,0,0,0,0
TTT,l2_base_trie_t1024_16384_tt_entry_trie,sel_60,2500,1,"(80,95]",1,complete,1,0.1,0,1,0,1,0,0,0,0,0,0,0,0,0
TTT,l2_base_trie_t1024_16384_tt_entry_trie,sel_60,2500,1,"(95,100]",613,complete,613,0.866721044045677,28,119,28,11,7,6,12,6,9,13,27,109,385
TTT,l2_base_trie_t1024_16384_tt_entry_trie,sel_60,2500,2,"(0,0.5]",122,complete,122,0.9991803278688525,0,0,0,0,0,0,0,0,0,0,0,1,121
TTT,l2_base_trie_t1024_16384_tt_entry_trie,sel_60,2500,2,"(0.5,1]",91,complete,91,0.9945054945054945,0,0,0,0,0,0,0,0,0,0,0,5,86
TTT,l2_base_trie_t1024_16384_tt_entry_trie,sel_60,2500,2,"(1,5]",145,complete,145,0.9779310344827586,0,4,0,1,0,0,0,1,0,0,2,14,127
TTT,l2_base_trie_t1024_16384_tt_entry_trie,sel_60,2500,2,"(5,10]",18,complete,18,0.8888888888888888,0,4,0,0,0,1,1,0,0,1,1,2,12
TTT,l2_base_trie_t1024_16384_tt_entry_trie,sel_60,2500,2,"(10,30]",10,complete,10,0.77,0,6,0,0,0,0,0,0,3,3,0,2,2
TTT,l2_base_trie_t1024_16384_tt_entry_trie,sel_60,2500,2,"(30,60]",0,empty_stratum,0,,0,0,0,0,0,0,0,0,0,0,0,0,0
TTT,l2_base_trie_t1024_16384_tt_entry_trie,sel_60,2500,2,"(60,80]",0,empty_stratum,0,,0,0,0,0,0,0,0,0,0,0,0,0,0
TTT,l2_base_trie_t1024_16384_tt_entry_trie,sel_60,2500,2,"(80,95]",1,complete,1,0.1,0,1,0,1,0,0,0,0,0,0,0,0,0
TTT,l2_base_trie_t1024_16384_tt_entry_trie,sel_60,2500,2,"(95,100]",613,complete,613,0.866721044045677,28,119,28,11,7,6,12,6,9,13,27,109,385
L,l0_lng_entry_optimized_lng,sel_80,320000,1,"(0,0.5]",0,empty_stratum,0,,0,0,0,0,0,0,0,0,0,0,0,0,0
L,l0_lng_entry_optimized_lng,sel_80,320000,1,"(0.5,1]",18,complete,18,1.0,0,0,0,0,0,0,0,0,0,0,0,0,18
L,l0_lng_entry_optimized_lng,sel_80,320000,1,"(1,5]",133,complete,133,1.0,0,0,0,0,0,0,0,0,0,0,0,0,133
L,l0_lng_entry_optimized_lng,sel_80,320000,1,"(5,10]",18,complete,18,1.0,0,0,0,0,0,0,0,0,0,0,0,0,18
L,l0_lng_entry_optimized_lng,sel_80,320000,1,"(10,30]",9,complete,9,1.0,0,0,0,0,0,0,0,0,0,0,0,0,9
L,l0_lng_entry_optimized_lng,sel_80,320000,1,"(30,60]",0,empty_stratum,0,,0,0,0,0,0,0,0,0,0,0,0,0,0
L,l0_lng_entry_optimized_lng,sel_80,320000,1,"(60,80]",0,empty_stratum,0,,0,0,0,0,0,0,0,0,0,0,0,0,0
L,l0_lng_entry_optimized_lng,sel_80,320000,1,"(80,95]",0,empty_stratum,0,,0,0,0,0,0,0,0,0,0,0,0,0,0
L,l0_lng_entry_optimized_lng,sel_80,320000,1,"(95,100]",822,complete,822,0.909610705596107,12,152,12,9,2,5,11,15,23,27,48,81,589
L,l0_lng_entry_optimized_lng,sel_80,320000,2,"(0,0.5]",0,empty_stratum,0,,0,0,0,0,0,0,0,0,0,0,0,0,0
L,l0_lng_entry_optimized_lng,sel_80,320000,2,"(0.5,1]",18,complete,18,1.0,0,0,0,0,0,0,0,0,0,0,0,0,18
L,l0_lng_entry_optimized_lng,sel_80,320000,2,"(1,5]",133,complete,133,1.0,0,0,0,0,0,0,0,0,0,0,0,0,133
L,l0_lng_entry_optimized_lng,sel_80,320000,2,"(5,10]",18,complete,18,1.0,0,0,0,0,0,0,0,0,0,0,0,0,18
L,l0_lng_entry_optimized_lng,sel_80,320000,2,"(10,30]",9,complete,9,1.0,0,0,0,0,0,0,0,0,0,0,0,0,9
L,l0_lng_entry_optimized_lng,sel_80,320000,2,"(30,60]",0,empty_stratum,0,,0,0,0,0,0,0,0,0,0,0,0,0,0
L,l0_lng_entry_optimized_lng,sel_80,320000,2,"(60,80]",0,empty_stratum,0,,0,0,0,0,0,0,0,0,0,0,0,0,0
L,l0_lng_entry_optimized_lng,sel_80,320000,2,"(80,95]",0,empty_stratum,0,,0,0,0,0,0,0,0,0,0,0,0,0,0
L,l0_lng_entry_optimized_lng,sel_80,320000,2,"(95,100]",822,complete,822,0.9113138686131387,12,151,12,9,2,5,12,12,23,27,49,74,597
T,l0_trie_entry_trie,sel_80,602453,1,"(0,0.5]",0,empty_stratum,0,,0,0,0,0,0,0,0,0,0,0,0,0,0
T,l0_trie_entry_trie,sel_80,602453,1,"(0.5,1]",18,complete,18,1.0,0,0,0,0,0,0,0,0,0,0,0,0,18
T,l0_trie_entry_trie,sel_80,602453,1,"(1,5]",133,complete,133,1.0,0,0,0,0,0,0,0,0,0,0,0,0,133
T,l0_trie_entry_trie,sel_80,602453,1,"(5,10]",18,complete,18,1.0,0,0,0,0,0,0,0,0,0,0,0,0,18
T,l0_trie_entry_trie,sel_80,602453,1,"(10,30]",9,complete,9,1.0,0,0,0,0,0,0,0,0,0,0,0,0,9
T,l0_trie_entry_trie,sel_80,602453,1,"(30,60]",0,empty_stratum,0,,0,0,0,0,0,0,0,0,0,0,0,0,0
T,l0_trie_entry_trie,sel_80,602453,1,"(60,80]",0,empty_stratum,0,,0,0,0,0,0,0,0,0,0,0,0,0,0
T,l0_trie_entry_trie,sel_80,602453,1,"(80,95]",0,empty_stratum,0,,0,0,0,0,0,0,0,0,0,0,0,0,0
T,l0_trie_entry_trie,sel_80,602453,1,"(95,100]",822,complete,822,0.96338199513382,10,48,10,8,1,2,4,3,10,4,6,4,770
T,l0_trie_entry_trie,sel_80,602453,2,"(0,0.5]",0,empty_stratum,0,,0,0,0,0,0,0,0,0,0,0,0,0,0
T,l0_trie_entry_trie,sel_80,602453,2,"(0.5,1]",18,complete,18,1.0,0,0,0,0,0,0,0,0,0,0,0,0,18
T,l0_trie_entry_trie,sel_80,602453,2,"(1,5]",133,complete,133,1.0,0,0,0,0,0,0,0,0,0,0,0,0,133
T,l0_trie_entry_trie,sel_80,602453,2,"(5,10]",18,complete,18,1.0,0,0,0,0,0,0,0,0,0,0,0,0,18
T,l0_trie_entry_trie,sel_80,602453,2,"(10,30]",9,complete,9,1.0,0,0,0,0,0,0,0,0,0,0,0,0,9
T,l0_trie_entry_trie,sel_80,602453,2,"(30,60]",0,empty_stratum,0,,0,0,0,0,0,0,0,0,0,0,0,0,0
T,l0_trie_entry_trie,sel_80,602453,2,"(60,80]",0,empty_stratum,0,,0,0,0,0,0,0,0,0,0,0,0,0,0
T,l0_trie_entry_trie,sel_80,602453,2,"(80,95]",0,empty_stratum,0,,0,0,0,0,0,0,0,0,0,0,0,0,0
T,l0_trie_entry_trie,sel_80,602453,2,"(95,100]",822,complete,822,0.96338199513382,10,48,10,8,1,2,4,3,10,4,6,4,770
LL,l1_t1024_lng_entry_optimized_lng,sel_80,10000,1,"(0,0.5]",0,empty_stratum,0,,0,0,0,0,0,0,0,0,0,0,0,0,0
LL,l1_t1024_lng_entry_optimized_lng,sel_80,10000,1,"(0.5,1]",18,complete,18,1.0,0,0,0,0,0,0,0,0,0,0,0,0,18
LL,l1_t1024_lng_entry_optimized_lng,sel_80,10000,1,"(1,5]",133,complete,133,0.9646616541353383,0,11,0,0,0,2,0,0,0,1,8,14,108
LL,l1_t1024_lng_entry_optimized_lng,sel_80,10000,1,"(5,10]",18,complete,18,0.8,0,10,0,0,0,0,0,2,2,3,3,3,5
LL,l1_t1024_lng_entry_optimized_lng,sel_80,10000,1,"(10,30]",9,complete,9,0.6333333333333333,0,6,0,0,0,2,1,1,0,2,0,2,1
LL,l1_t1024_lng_entry_optimized_lng,sel_80,10000,1,"(30,60]",0,empty_stratum,0,,0,0,0,0,0,0,0,0,0,0,0,0,0
LL,l1_t1024_lng_entry_optimized_lng,sel_80,10000,1,"(60,80]",0,empty_stratum,0,,0,0,0,0,0,0,0,0,0,0,0,0,0
LL,l1_t1024_lng_entry_optimized_lng,sel_80,10000,1,"(80,95]",0,empty_stratum,0,,0,0,0,0,0,0,0,0,0,0,0,0,0
LL,l1_t1024_lng_entry_optimized_lng,sel_80,10000,1,"(95,100]",822,complete,822,0.9205596107055961,20,102,20,19,2,6,4,3,5,21,22,58,662
LL,l1_t1024_lng_entry_optimized_lng,sel_80,10000,2,"(0,0.5]",0,empty_stratum,0,,0,0,0,0,0,0,0,0,0,0,0,0,0
LL,l1_t1024_lng_entry_optimized_lng,sel_80,10000,2,"(0.5,1]",18,complete,18,1.0,0,0,0,0,0,0,0,0,0,0,0,0,18
LL,l1_t1024_lng_entry_optimized_lng,sel_80,10000,2,"(1,5]",133,complete,133,0.9646616541353383,0,11,0,0,0,2,0,0,0,1,8,14,108
LL,l1_t1024_lng_entry_optimized_lng,sel_80,10000,2,"(5,10]",18,complete,18,0.8,0,10,0,0,0,0,0,2,2,3,3,3,5
LL,l1_t1024_lng_entry_optimized_lng,sel_80,10000,2,"(10,30]",9,complete,9,0.6333333333333333,0,6,0,0,0,2,1,1,0,2,0,2,1
LL,l1_t1024_lng_entry_optimized_lng,sel_80,10000,2,"(30,60]",0,empty_stratum,0,,0,0,0,0,0,0,0,0,0,0,0,0,0
LL,l1_t1024_lng_entry_optimized_lng,sel_80,10000,2,"(60,80]",0,empty_stratum,0,,0,0,0,0,0,0,0,0,0,0,0,0,0
LL,l1_t1024_lng_entry_optimized_lng,sel_80,10000,2,"(80,95]",0,empty_stratum,0,,0,0,0,0,0,0,0,0,0,0,0,0,0
LL,l1_t1024_lng_entry_optimized_lng,sel_80,10000,2,"(95,100]",822,complete,822,0.9205596107055961,20,102,20,19,2,6,4,3,5,21,22,58,662
LT,l1_t1024_trie_entry_optimized_lng,sel_80,10000,1,"(0,0.5]",0,empty_stratum,0,,0,0,0,0,0,0,0,0,0,0,0,0,0
LT,l1_t1024_trie_entry_optimized_lng,sel_80,10000,1,"(0.5,1]",18,complete,18,1.0,0,0,0,0,0,0,0,0,0,0,0,0,18
LT,l1_t1024_trie_entry_optimized_lng,sel_80,10000,1,"(1,5]",133,complete,133,0.9646616541353383,0,11,0,0,0,2,0,0,0,1,8,14,108
LT,l1_t1024_trie_entry_optimized_lng,sel_80,10000,1,"(5,10]",18,complete,18,0.7944444444444444,0,10,0,0,0,0,1,1,2,3,3,3,5
LT,l1_t1024_trie_entry_optimized_lng,sel_80,10000,1,"(10,30]",9,complete,9,0.5111111111111111,1,8,1,0,0,1,2,1,1,1,1,1,0
LT,l1_t1024_trie_entry_optimized_lng,sel_80,10000,1,"(30,60]",0,empty_stratum,0,,0,0,0,0,0,0,0,0,0,0,0,0,0
LT,l1_t1024_trie_entry_optimized_lng,sel_80,10000,1,"(60,80]",0,empty_stratum,0,,0,0,0,0,0,0,0,0,0,0,0,0,0
LT,l1_t1024_trie_entry_optimized_lng,sel_80,10000,1,"(80,95]",0,empty_stratum,0,,0,0,0,0,0,0,0,0,0,0,0,0,0
LT,l1_t1024_trie_entry_optimized_lng,sel_80,10000,1,"(95,100]",822,complete,822,0.9158150851581508,20,106,20,22,2,6,3,4,7,19,23,67,649
LT,l1_t1024_trie_entry_optimized_lng,sel_80,10000,2,"(0,0.5]",0,empty_stratum,0,,0,0,0,0,0,0,0,0,0,0,0,0,0
LT,l1_t1024_trie_entry_optimized_lng,sel_80,10000,2,"(0.5,1]",18,complete,18,1.0,0,0,0,0,0,0,0,0,0,0,0,0,18
LT,l1_t1024_trie_entry_optimized_lng,sel_80,10000,2,"(1,5]",133,complete,133,0.9646616541353383,0,11,0,0,0,2,0,0,0,1,8,14,108
LT,l1_t1024_trie_entry_optimized_lng,sel_80,10000,2,"(5,10]",18,complete,18,0.7944444444444444,0,10,0,0,0,0,1,1,2,3,3,3,5
LT,l1_t1024_trie_entry_optimized_lng,sel_80,10000,2,"(10,30]",9,complete,9,0.5111111111111111,1,8,1,0,0,1,2,1,1,1,1,1,0
LT,l1_t1024_trie_entry_optimized_lng,sel_80,10000,2,"(30,60]",0,empty_stratum,0,,0,0,0,0,0,0,0,0,0,0,0,0,0
LT,l1_t1024_trie_entry_optimized_lng,sel_80,10000,2,"(60,80]",0,empty_stratum,0,,0,0,0,0,0,0,0,0,0,0,0,0,0
LT,l1_t1024_trie_entry_optimized_lng,sel_80,10000,2,"(80,95]",0,empty_stratum,0,,0,0,0,0,0,0,0,0,0,0,0,0,0
LT,l1_t1024_trie_entry_optimized_lng,sel_80,10000,2,"(95,100]",822,complete,822,0.9158150851581508,20,106,20,22,2,6,3,4,7,19,23,67,649
TL,l1_base_trie_t1024_lng_entry_trie,sel_80,2500,1,"(0,0.5]",0,empty_stratum,0,,0,0,0,0,0,0,0,0,0,0,0,0,0
TL,l1_base_trie_t1024_lng_entry_trie,sel_80,2500,1,"(0.5,1]",18,complete,18,1.0,0,0,0,0,0,0,0,0,0,0,0,0,18
TL,l1_base_trie_t1024_lng_entry_trie,sel_80,2500,1,"(1,5]",133,complete,133,0.9864661654135338,0,5,0,0,0,0,0,0,0,1,4,7,121
TL,l1_base_trie_t1024_lng_entry_trie,sel_80,2500,1,"(5,10]",18,complete,18,0.9333333333333333,0,4,0,0,0,0,0,0,0,2,2,2,12
TL,l1_base_trie_t1024_lng_entry_trie,sel_80,2500,1,"(10,30]",9,complete,9,0.7555555555555555,0,5,0,1,0,0,0,0,1,1,2,2,2
TL,l1_base_trie_t1024_lng_entry_trie,sel_80,2500,1,"(30,60]",0,empty_stratum,0,,0,0,0,0,0,0,0,0,0,0,0,0,0
TL,l1_base_trie_t1024_lng_entry_trie,sel_80,2500,1,"(60,80]",0,empty_stratum,0,,0,0,0,0,0,0,0,0,0,0,0,0,0
TL,l1_base_trie_t1024_lng_entry_trie,sel_80,2500,1,"(80,95]",0,empty_stratum,0,,0,0,0,0,0,0,0,0,0,0,0,0,0
TL,l1_base_trie_t1024_lng_entry_trie,sel_80,2500,1,"(95,100]",822,complete,822,0.9049878345498783,27,120,27,16,3,5,5,5,8,21,30,98,604
TL,l1_base_trie_t1024_lng_entry_trie,sel_80,2500,2,"(0,0.5]",0,empty_stratum,0,,0,0,0,0,0,0,0,0,0,0,0,0,0
TL,l1_base_trie_t1024_lng_entry_trie,sel_80,2500,2,"(0.5,1]",18,complete,18,1.0,0,0,0,0,0,0,0,0,0,0,0,0,18
TL,l1_base_trie_t1024_lng_entry_trie,sel_80,2500,2,"(1,5]",133,complete,133,0.9864661654135338,0,5,0,0,0,0,0,0,0,1,4,7,121
TL,l1_base_trie_t1024_lng_entry_trie,sel_80,2500,2,"(5,10]",18,complete,18,0.9333333333333333,0,4,0,0,0,0,0,0,0,2,2,2,12
TL,l1_base_trie_t1024_lng_entry_trie,sel_80,2500,2,"(10,30]",9,complete,9,0.7555555555555555,0,5,0,1,0,0,0,0,1,1,2,2,2
TL,l1_base_trie_t1024_lng_entry_trie,sel_80,2500,2,"(30,60]",0,empty_stratum,0,,0,0,0,0,0,0,0,0,0,0,0,0,0
TL,l1_base_trie_t1024_lng_entry_trie,sel_80,2500,2,"(60,80]",0,empty_stratum,0,,0,0,0,0,0,0,0,0,0,0,0,0,0
TL,l1_base_trie_t1024_lng_entry_trie,sel_80,2500,2,"(80,95]",0,empty_stratum,0,,0,0,0,0,0,0,0,0,0,0,0,0,0
TL,l1_base_trie_t1024_lng_entry_trie,sel_80,2500,2,"(95,100]",822,complete,822,0.9049878345498783,27,120,27,16,3,5,5,5,8,21,30,98,604
TT,l1_base_trie_t1024_trie_entry_trie,sel_80,5000,1,"(0,0.5]",0,empty_stratum,0,,0,0,0,0,0,0,0,0,0,0,0,0,0
TT,l1_base_trie_t1024_trie_entry_trie,sel_80,5000,1,"(0.5,1]",18,complete,18,1.0,0,0,0,0,0,0,0,0,0,0,0,0,18
TT,l1_base_trie_t1024_trie_entry_trie,sel_80,5000,1,"(1,5]",133,complete,133,0.9887218045112782,0,5,0,0,0,0,0,0,0,0,5,5,123
TT,l1_base_trie_t1024_trie_entry_trie,sel_80,5000,1,"(5,10]",18,complete,18,0.95,0,3,0,0,0,0,0,0,0,1,2,2,13
TT,l1_base_trie_t1024_trie_entry_trie,sel_80,5000,1,"(10,30]",9,complete,9,0.7888888888888889,0,5,0,0,1,0,0,0,1,0,3,1,3
TT,l1_base_trie_t1024_trie_entry_trie,sel_80,5000,1,"(30,60]",0,empty_stratum,0,,0,0,0,0,0,0,0,0,0,0,0,0,0
TT,l1_base_trie_t1024_trie_entry_trie,sel_80,5000,1,"(60,80]",0,empty_stratum,0,,0,0,0,0,0,0,0,0,0,0,0,0,0
TT,l1_base_trie_t1024_trie_entry_trie,sel_80,5000,1,"(80,95]",0,empty_stratum,0,,0,0,0,0,0,0,0,0,0,0,0,0,0
TT,l1_base_trie_t1024_trie_entry_trie,sel_80,5000,1,"(95,100]",822,complete,822,0.9043795620437957,25,125,25,18,3,8,4,7,9,17,34,80,617
TT,l1_base_trie_t1024_trie_entry_trie,sel_80,5000,2,"(0,0.5]",0,empty_stratum,0,,0,0,0,0,0,0,0,0,0,0,0,0,0
TT,l1_base_trie_t1024_trie_entry_trie,sel_80,5000,2,"(0.5,1]",18,complete,18,1.0,0,0,0,0,0,0,0,0,0,0,0,0,18
TT,l1_base_trie_t1024_trie_entry_trie,sel_80,5000,2,"(1,5]",133,complete,133,0.9887218045112782,0,5,0,0,0,0,0,0,0,0,5,5,123
TT,l1_base_trie_t1024_trie_entry_trie,sel_80,5000,2,"(5,10]",18,complete,18,0.95,0,3,0,0,0,0,0,0,0,1,2,2,13
TT,l1_base_trie_t1024_trie_entry_trie,sel_80,5000,2,"(10,30]",9,complete,9,0.7888888888888889,0,5,0,0,1,0,0,0,1,0,3,1,3
TT,l1_base_trie_t1024_trie_entry_trie,sel_80,5000,2,"(30,60]",0,empty_stratum,0,,0,0,0,0,0,0,0,0,0,0,0,0,0
TT,l1_base_trie_t1024_trie_entry_trie,sel_80,5000,2,"(60,80]",0,empty_stratum,0,,0,0,0,0,0,0,0,0,0,0,0,0,0
TT,l1_base_trie_t1024_trie_entry_trie,sel_80,5000,2,"(80,95]",0,empty_stratum,0,,0,0,0,0,0,0,0,0,0,0,0,0,0
TT,l1_base_trie_t1024_trie_entry_trie,sel_80,5000,2,"(95,100]",822,complete,822,0.9043795620437957,25,125,25,18,3,8,4,7,9,17,34,80,617
LLL,l2_t1024_16384_ll_entry_optimized_lng,sel_80,10000,1,"(0,0.5]",0,empty_stratum,0,,0,0,0,0,0,0,0,0,0,0,0,0,0
LLL,l2_t1024_16384_ll_entry_optimized_lng,sel_80,10000,1,"(0.5,1]",18,complete,18,1.0,0,0,0,0,0,0,0,0,0,0,0,0,18
LLL,l2_t1024_16384_ll_entry_optimized_lng,sel_80,10000,1,"(1,5]",133,complete,133,0.9646616541353383,0,11,0,0,0,2,0,0,0,1,8,14,108
LLL,l2_t1024_16384_ll_entry_optimized_lng,sel_80,10000,1,"(5,10]",18,complete,18,0.8,0,10,0,0,0,0,0,2,2,3,3,3,5
LLL,l2_t1024_16384_ll_entry_optimized_lng,sel_80,10000,1,"(10,30]",9,complete,9,0.6111111111111112,0,6,0,0,1,2,0,1,0,2,0,2,1
LLL,l2_t1024_16384_ll_entry_optimized_lng,sel_80,10000,1,"(30,60]",0,empty_stratum,0,,0,0,0,0,0,0,0,0,0,0,0,0,0
LLL,l2_t1024_16384_ll_entry_optimized_lng,sel_80,10000,1,"(60,80]",0,empty_stratum,0,,0,0,0,0,0,0,0,0,0,0,0,0,0
LLL,l2_t1024_16384_ll_entry_optimized_lng,sel_80,10000,1,"(80,95]",0,empty_stratum,0,,0,0,0,0,0,0,0,0,0,0,0,0,0
LLL,l2_t1024_16384_ll_entry_optimized_lng,sel_80,10000,1,"(95,100]",822,complete,822,0.921654501216545,20,100,20,20,2,6,4,2,4,17,25,55,667
LLL,l2_t1024_16384_ll_entry_optimized_lng,sel_80,10000,2,"(0,0.5]",0,empty_stratum,0,,0,0,0,0,0,0,0,0,0,0,0,0,0
LLL,l2_t1024_16384_ll_entry_optimized_lng,sel_80,10000,2,"(0.5,1]",18,complete,18,1.0,0,0,0,0,0,0,0,0,0,0,0,0,18
LLL,l2_t1024_16384_ll_entry_optimized_lng,sel_80,10000,2,"(1,5]",133,complete,133,0.9646616541353383,0,11,0,0,0,2,0,0,0,1,8,14,108
LLL,l2_t1024_16384_ll_entry_optimized_lng,sel_80,10000,2,"(5,10]",18,complete,18,0.8,0,10,0,0,0,0,0,2,2,3,3,3,5
LLL,l2_t1024_16384_ll_entry_optimized_lng,sel_80,10000,2,"(10,30]",9,complete,9,0.6111111111111112,0,6,0,0,1,2,0,1,0,2,0,2,1
LLL,l2_t1024_16384_ll_entry_optimized_lng,sel_80,10000,2,"(30,60]",0,empty_stratum,0,,0,0,0,0,0,0,0,0,0,0,0,0,0
LLL,l2_t1024_16384_ll_entry_optimized_lng,sel_80,10000,2,"(60,80]",0,empty_stratum,0,,0,0,0,0,0,0,0,0,0,0,0,0,0
LLL,l2_t1024_16384_ll_entry_optimized_lng,sel_80,10000,2,"(80,95]",0,empty_stratum,0,,0,0,0,0,0,0,0,0,0,0,0,0,0
LLL,l2_t1024_16384_ll_entry_optimized_lng,sel_80,10000,2,"(95,100]",822,complete,822,0.921654501216545,20,100,20,20,2,6,4,2,4,17,25,55,667
LLT,l2_t1024_16384_lt_entry_optimized_lng,sel_80,5000,1,"(0,0.5]",0,empty_stratum,0,,0,0,0,0,0,0,0,0,0,0,0,0,0
LLT,l2_t1024_16384_lt_entry_optimized_lng,sel_80,5000,1,"(0.5,1]",18,complete,18,0.9944444444444445,0,0,0,0,0,0,0,0,0,0,0,1,17
LLT,l2_t1024_16384_lt_entry_optimized_lng,sel_80,5000,1,"(1,5]",133,complete,133,0.856390977443609,2,43,2,0,0,3,3,6,5,12,12,22,68
LLT,l2_t1024_16384_lt_entry_optimized_lng,sel_80,5000,1,"(5,10]",18,complete,18,0.6222222222222222,0,15,0,0,0,1,5,1,3,3,2,1,2
LLT,l2_t1024_16384_lt_entry_optimized_lng,sel_80,5000,1,"(10,30]",9,complete,9,0.4888888888888889,0,8,0,1,3,0,0,1,0,2,1,0,1
LLT,l2_t1024_16384_lt_entry_optimized_lng,sel_80,5000,1,"(30,60]",0,empty_stratum,0,,0,0,0,0,0,0,0,0,0,0,0,0,0
LLT,l2_t1024_16384_lt_entry_optimized_lng,sel_80,5000,1,"(60,80]",0,empty_stratum,0,,0,0,0,0,0,0,0,0,0,0,0,0,0
LLT,l2_t1024_16384_lt_entry_optimized_lng,sel_80,5000,1,"(80,95]",0,empty_stratum,0,,0,0,0,0,0,0,0,0,0,0,0,0,0
LLT,l2_t1024_16384_lt_entry_optimized_lng,sel_80,5000,1,"(95,100]",822,complete,822,0.916058394160584,25,105,25,16,2,5,5,7,2,18,25,68,649
LLT,l2_t1024_16384_lt_entry_optimized_lng,sel_80,5000,2,"(0,0.5]",0,empty_stratum,0,,0,0,0,0,0,0,0,0,0,0,0,0,0
LLT,l2_t1024_16384_lt_entry_optimized_lng,sel_80,5000,2,"(0.5,1]",18,complete,18,0.9944444444444445,0,0,0,0,0,0,0,0,0,0,0,1,17
LLT,l2_t1024_16384_lt_entry_optimized_lng,sel_80,5000,2,"(1,5]",133,complete,133,0.856390977443609,2,43,2,0,0,3,3,6,5,12,12,22,68
LLT,l2_t1024_16384_lt_entry_optimized_lng,sel_80,5000,2,"(5,10]",18,complete,18,0.6222222222222222,0,15,0,0,0,1,5,1,3,3,2,1,2
LLT,l2_t1024_16384_lt_entry_optimized_lng,sel_80,5000,2,"(10,30]",9,complete,9,0.4888888888888889,0,8,0,1,3,0,0,1,0,2,1,0,1
LLT,l2_t1024_16384_lt_entry_optimized_lng,sel_80,5000,2,"(30,60]",0,empty_stratum,0,,0,0,0,0,0,0,0,0,0,0,0,0,0
LLT,l2_t1024_16384_lt_entry_optimized_lng,sel_80,5000,2,"(60,80]",0,empty_stratum,0,,0,0,0,0,0,0,0,0,0,0,0,0,0
LLT,l2_t1024_16384_lt_entry_optimized_lng,sel_80,5000,2,"(80,95]",0,empty_stratum,0,,0,0,0,0,0,0,0,0,0,0,0,0,0
LLT,l2_t1024_16384_lt_entry_optimized_lng,sel_80,5000,2,"(95,100]",822,complete,822,0.916058394160584,25,105,25,16,2,5,5,7,2,18,25,68,649
LTL,l2_t1024_16384_tl_entry_optimized_lng,sel_80,10000,1,"(0,0.5]",0,empty_stratum,0,,0,0,0,0,0,0,0,0,0,0,0,0,0
LTL,l2_t1024_16384_tl_entry_optimized_lng,sel_80,10000,1,"(0.5,1]",18,complete,18,1.0,0,0,0,0,0,0,0,0,0,0,0,0,18
LTL,l2_t1024_16384_tl_entry_optimized_lng,sel_80,10000,1,"(1,5]",133,complete,133,0.9646616541353383,0,11,0,0,0,2,0,0,0,1,8,14,108
LTL,l2_t1024_16384_tl_entry_optimized_lng,sel_80,10000,1,"(5,10]",18,complete,18,0.7944444444444444,0,10,0,0,0,0,1,1,2,3,3,3,5
LTL,l2_t1024_16384_tl_entry_optimized_lng,sel_80,10000,1,"(10,30]",9,complete,9,0.5777777777777777,0,8,0,0,1,1,1,1,1,1,2,1,0
LTL,l2_t1024_16384_tl_entry_optimized_lng,sel_80,10000,1,"(30,60]",0,empty_stratum,0,,0,0,0,0,0,0,0,0,0,0,0,0,0
LTL,l2_t1024_16384_tl_entry_optimized_lng,sel_80,10000,1,"(60,80]",0,empty_stratum,0,,0,0,0,0,0,0,0,0,0,0,0,0,0
LTL,l2_t1024_16384_tl_entry_optimized_lng,sel_80,10000,1,"(80,95]",0,empty_stratum,0,,0,0,0,0,0,0,0,0,0,0,0,0,0
LTL,l2_t1024_16384_tl_entry_optimized_lng,sel_80,10000,1,"(95,100]",822,complete,822,0.9152068126520682,20,107,20,22,2,6,5,3,7,17,25,67,648
LTL,l2_t1024_16384_tl_entry_optimized_lng,sel_80,10000,2,"(0,0.5]",0,empty_stratum,0,,0,0,0,0,0,0,0,0,0,0,0,0,0
LTL,l2_t1024_16384_tl_entry_optimized_lng,sel_80,10000,2,"(0.5,1]",18,complete,18,1.0,0,0,0,0,0,0,0,0,0,0,0,0,18
LTL,l2_t1024_16384_tl_entry_optimized_lng,sel_80,10000,2,"(1,5]",133,complete,133,0.9646616541353383,0,11,0,0,0,2,0,0,0,1,8,14,108
LTL,l2_t1024_16384_tl_entry_optimized_lng,sel_80,10000,2,"(5,10]",18,complete,18,0.7944444444444444,0,10,0,0,0,0,1,1,2,3,3,3,5
LTL,l2_t1024_16384_tl_entry_optimized_lng,sel_80,10000,2,"(10,30]",9,complete,9,0.5777777777777777,0,8,0,0,1,1,1,1,1,1,2,1,0
LTL,l2_t1024_16384_tl_entry_optimized_lng,sel_80,10000,2,"(30,60]",0,empty_stratum,0,,0,0,0,0,0,0,0,0,0,0,0,0,0
LTL,l2_t1024_16384_tl_entry_optimized_lng,sel_80,10000,2,"(60,80]",0,empty_stratum,0,,0,0,0,0,0,0,0,0,0,0,0,0,0
LTL,l2_t1024_16384_tl_entry_optimized_lng,sel_80,10000,2,"(80,95]",0,empty_stratum,0,,0,0,0,0,0,0,0,0,0,0,0,0,0
LTL,l2_t1024_16384_tl_entry_optimized_lng,sel_80,10000,2,"(95,100]",822,complete,822,0.9152068126520682,20,107,20,22,2,6,5,3,7,17,25,67,648
LTT,l2_t1024_16384_tt_entry_optimized_lng,sel_80,10000,1,"(0,0.5]",0,empty_stratum,0,,0,0,0,0,0,0,0,0,0,0,0,0,0
LTT,l2_t1024_16384_tt_entry_optimized_lng,sel_80,10000,1,"(0.5,1]",18,complete,18,1.0,0,0,0,0,0,0,0,0,0,0,0,0,18
LTT,l2_t1024_16384_tt_entry_optimized_lng,sel_80,10000,1,"(1,5]",133,complete,133,0.9646616541353383,0,11,0,0,0,2,0,0,0,1,8,14,108
LTT,l2_t1024_16384_tt_entry_optimized_lng,sel_80,10000,1,"(5,10]",18,complete,18,0.7944444444444444,0,10,0,0,0,0,1,1,2,3,3,3,5
LTT,l2_t1024_16384_tt_entry_optimized_lng,sel_80,10000,1,"(10,30]",9,complete,9,0.4888888888888889,1,8,1,0,1,1,1,1,1,1,1,1,0
LTT,l2_t1024_16384_tt_entry_optimized_lng,sel_80,10000,1,"(30,60]",0,empty_stratum,0,,0,0,0,0,0,0,0,0,0,0,0,0,0
LTT,l2_t1024_16384_tt_entry_optimized_lng,sel_80,10000,1,"(60,80]",0,empty_stratum,0,,0,0,0,0,0,0,0,0,0,0,0,0,0
LTT,l2_t1024_16384_tt_entry_optimized_lng,sel_80,10000,1,"(80,95]",0,empty_stratum,0,,0,0,0,0,0,0,0,0,0,0,0,0,0
LTT,l2_t1024_16384_tt_entry_optimized_lng,sel_80,10000,1,"(95,100]",822,complete,822,0.9163017031630171,20,104,20,22,2,6,3,5,7,15,24,68,650
LTT,l2_t1024_16384_tt_entry_optimized_lng,sel_80,10000,2,"(0,0.5]",0,empty_stratum,0,,0,0,0,0,0,0,0,0,0,0,0,0,0
LTT,l2_t1024_16384_tt_entry_optimized_lng,sel_80,10000,2,"(0.5,1]",18,complete,18,1.0,0,0,0,0,0,0,0,0,0,0,0,0,18
LTT,l2_t1024_16384_tt_entry_optimized_lng,sel_80,10000,2,"(1,5]",133,complete,133,0.9646616541353383,0,11,0,0,0,2,0,0,0,1,8,14,108
LTT,l2_t1024_16384_tt_entry_optimized_lng,sel_80,10000,2,"(5,10]",18,complete,18,0.7944444444444444,0,10,0,0,0,0,1,1,2,3,3,3,5
LTT,l2_t1024_16384_tt_entry_optimized_lng,sel_80,10000,2,"(10,30]",9,complete,9,0.4888888888888889,1,8,1,0,1,1,1,1,1,1,1,1,0
LTT,l2_t1024_16384_tt_entry_optimized_lng,sel_80,10000,2,"(30,60]",0,empty_stratum,0,,0,0,0,0,0,0,0,0,0,0,0,0,0
LTT,l2_t1024_16384_tt_entry_optimized_lng,sel_80,10000,2,"(60,80]",0,empty_stratum,0,,0,0,0,0,0,0,0,0,0,0,0,0,0
LTT,l2_t1024_16384_tt_entry_optimized_lng,sel_80,10000,2,"(80,95]",0,empty_stratum,0,,0,0,0,0,0,0,0,0,0,0,0,0,0
LTT,l2_t1024_16384_tt_entry_optimized_lng,sel_80,10000,2,"(95,100]",822,complete,822,0.9163017031630171,20,104,20,22,2,6,3,5,7,15,24,68,650
TLL,l2_base_trie_t1024_16384_ll_entry_trie,sel_80,2500,1,"(0,0.5]",0,empty_stratum,0,,0,0,0,0,0,0,0,0,0,0,0,0,0
TLL,l2_base_trie_t1024_16384_ll_entry_trie,sel_80,2500,1,"(0.5,1]",18,complete,18,1.0,0,0,0,0,0,0,0,0,0,0,0,0,18
TLL,l2_base_trie_t1024_16384_ll_entry_trie,sel_80,2500,1,"(1,5]",133,complete,133,0.9864661654135338,0,5,0,0,0,0,0,0,0,1,4,7,121
TLL,l2_base_trie_t1024_16384_ll_entry_trie,sel_80,2500,1,"(5,10]",18,complete,18,0.9333333333333333,0,4,0,0,0,0,0,0,0,2,2,2,12
TLL,l2_base_trie_t1024_16384_ll_entry_trie,sel_80,2500,1,"(10,30]",9,complete,9,0.7666666666666667,0,5,0,0,1,0,0,0,1,1,2,2,2
TLL,l2_base_trie_t1024_16384_ll_entry_trie,sel_80,2500,1,"(30,60]",0,empty_stratum,0,,0,0,0,0,0,0,0,0,0,0,0,0,0
TLL,l2_base_trie_t1024_16384_ll_entry_trie,sel_80,2500,1,"(60,80]",0,empty_stratum,0,,0,0,0,0,0,0,0,0,0,0,0,0,0
TLL,l2_base_trie_t1024_16384_ll_entry_trie,sel_80,2500,1,"(80,95]",0,empty_stratum,0,,0,0,0,0,0,0,0,0,0,0,0,0,0
TLL,l2_base_trie_t1024_16384_ll_entry_trie,sel_80,2500,1,"(95,100]",822,complete,822,0.9037712895377129,27,122,27,17,2,6,7,4,6,22,31,96,604
TLL,l2_base_trie_t1024_16384_ll_entry_trie,sel_80,2500,2,"(0,0.5]",0,empty_stratum,0,,0,0,0,0,0,0,0,0,0,0,0,0,0
TLL,l2_base_trie_t1024_16384_ll_entry_trie,sel_80,2500,2,"(0.5,1]",18,complete,18,1.0,0,0,0,0,0,0,0,0,0,0,0,0,18
TLL,l2_base_trie_t1024_16384_ll_entry_trie,sel_80,2500,2,"(1,5]",133,complete,133,0.9864661654135338,0,5,0,0,0,0,0,0,0,1,4,7,121
TLL,l2_base_trie_t1024_16384_ll_entry_trie,sel_80,2500,2,"(5,10]",18,complete,18,0.9333333333333333,0,4,0,0,0,0,0,0,0,2,2,2,12
TLL,l2_base_trie_t1024_16384_ll_entry_trie,sel_80,2500,2,"(10,30]",9,complete,9,0.7666666666666667,0,5,0,0,1,0,0,0,1,1,2,2,2
TLL,l2_base_trie_t1024_16384_ll_entry_trie,sel_80,2500,2,"(30,60]",0,empty_stratum,0,,0,0,0,0,0,0,0,0,0,0,0,0,0
TLL,l2_base_trie_t1024_16384_ll_entry_trie,sel_80,2500,2,"(60,80]",0,empty_stratum,0,,0,0,0,0,0,0,0,0,0,0,0,0,0
TLL,l2_base_trie_t1024_16384_ll_entry_trie,sel_80,2500,2,"(80,95]",0,empty_stratum,0,,0,0,0,0,0,0,0,0,0,0,0,0,0
TLL,l2_base_trie_t1024_16384_ll_entry_trie,sel_80,2500,2,"(95,100]",822,complete,822,0.9037712895377129,27,122,27,17,2,6,7,4,6,22,31,96,604
TLT,l2_base_trie_t1024_16384_lt_entry_trie,sel_80,2500,1,"(0,0.5]",0,empty_stratum,0,,0,0,0,0,0,0,0,0,0,0,0,0,0
TLT,l2_base_trie_t1024_16384_lt_entry_trie,sel_80,2500,1,"(0.5,1]",18,complete,18,1.0,0,0,0,0,0,0,0,0,0,0,0,0,18
TLT,l2_base_trie_t1024_16384_lt_entry_trie,sel_80,2500,1,"(1,5]",133,complete,133,0.9864661654135338,0,5,0,0,0,0,0,0,0,1,4,7,121
TLT,l2_base_trie_t1024_16384_lt_entry_trie,sel_80,2500,1,"(5,10]",18,complete,18,0.9333333333333333,0,4,0,0,0,0,0,0,0,2,2,2,12
TLT,l2_base_trie_t1024_16384_lt_entry_trie,sel_80,2500,1,"(10,30]",9,complete,9,0.7666666666666667,0,5,0,0,1,0,0,0,1,1,2,2,2
TLT,l2_base_trie_t1024_16384_lt_entry_trie,sel_80,2500,1,"(30,60]",0,empty_stratum,0,,0,0,0,0,0,0,0,0,0,0,0,0,0
TLT,l2_base_trie_t1024_16384_lt_entry_trie,sel_80,2500,1,"(60,80]",0,empty_stratum,0,,0,0,0,0,0,0,0,0,0,0,0,0,0
TLT,l2_base_trie_t1024_16384_lt_entry_trie,sel_80,2500,1,"(80,95]",0,empty_stratum,0,,0,0,0,0,0,0,0,0,0,0,0,0,0
TLT,l2_base_trie_t1024_16384_lt_entry_trie,sel_80,2500,1,"(95,100]",822,complete,822,0.904014598540146,29,121,29,15,3,5,5,5,8,20,31,96,605
TLT,l2_base_trie_t1024_16384_lt_entry_trie,sel_80,2500,2,"(0,0.5]",0,empty_stratum,0,,0,0,0,0,0,0,0,0,0,0,0,0,0
TLT,l2_base_trie_t1024_16384_lt_entry_trie,sel_80,2500,2,"(0.5,1]",18,complete,18,1.0,0,0,0,0,0,0,0,0,0,0,0,0,18
TLT,l2_base_trie_t1024_16384_lt_entry_trie,sel_80,2500,2,"(1,5]",133,complete,133,0.9864661654135338,0,5,0,0,0,0,0,0,0,1,4,7,121
TLT,l2_base_trie_t1024_16384_lt_entry_trie,sel_80,2500,2,"(5,10]",18,complete,18,0.9333333333333333,0,4,0,0,0,0,0,0,0,2,2,2,12
TLT,l2_base_trie_t1024_16384_lt_entry_trie,sel_80,2500,2,"(10,30]",9,complete,9,0.7666666666666667,0,5,0,0,1,0,0,0,1,1,2,2,2
TLT,l2_base_trie_t1024_16384_lt_entry_trie,sel_80,2500,2,"(30,60]",0,empty_stratum,0,,0,0,0,0,0,0,0,0,0,0,0,0,0
TLT,l2_base_trie_t1024_16384_lt_entry_trie,sel_80,2500,2,"(60,80]",0,empty_stratum,0,,0,0,0,0,0,0,0,0,0,0,0,0,0
TLT,l2_base_trie_t1024_16384_lt_entry_trie,sel_80,2500,2,"(80,95]",0,empty_stratum,0,,0,0,0,0,0,0,0,0,0,0,0,0,0
TLT,l2_base_trie_t1024_16384_lt_entry_trie,sel_80,2500,2,"(95,100]",822,complete,822,0.904014598540146,29,121,29,15,3,5,5,5,8,20,31,96,605
TTL,l2_base_trie_t1024_16384_tl_entry_trie,sel_80,5000,1,"(0,0.5]",0,empty_stratum,0,,0,0,0,0,0,0,0,0,0,0,0,0,0
TTL,l2_base_trie_t1024_16384_tl_entry_trie,sel_80,5000,1,"(0.5,1]",18,complete,18,1.0,0,0,0,0,0,0,0,0,0,0,0,0,18
TTL,l2_base_trie_t1024_16384_tl_entry_trie,sel_80,5000,1,"(1,5]",133,complete,133,0.9887218045112782,0,5,0,0,0,0,0,0,0,0,5,5,123
TTL,l2_base_trie_t1024_16384_tl_entry_trie,sel_80,5000,1,"(5,10]",18,complete,18,0.95,0,3,0,0,0,0,0,0,0,1,2,2,13
TTL,l2_base_trie_t1024_16384_tl_entry_trie,sel_80,5000,1,"(10,30]",9,complete,9,0.8,0,5,0,0,1,0,0,0,0,1,3,1,3
TTL,l2_base_trie_t1024_16384_tl_entry_trie,sel_80,5000,1,"(30,60]",0,empty_stratum,0,,0,0,0,0,0,0,0,0,0,0,0,0,0
TTL,l2_base_trie_t1024_16384_tl_entry_trie,sel_80,5000,1,"(60,80]",0,empty_stratum,0,,0,0,0,0,0,0,0,0,0,0,0,0,0
TTL,l2_base_trie_t1024_16384_tl_entry_trie,sel_80,5000,1,"(80,95]",0,empty_stratum,0,,0,0,0,0,0,0,0,0,0,0,0,0,0
TTL,l2_base_trie_t1024_16384_tl_entry_trie,sel_80,5000,1,"(95,100]",822,complete,822,0.9029197080291971,26,127,26,19,2,7,5,7,10,14,37,81,614
TTL,l2_base_trie_t1024_16384_tl_entry_trie,sel_80,5000,2,"(0,0.5]",0,empty_stratum,0,,0,0,0,0,0,0,0,0,0,0,0,0,0
TTL,l2_base_trie_t1024_16384_tl_entry_trie,sel_80,5000,2,"(0.5,1]",18,complete,18,1.0,0,0,0,0,0,0,0,0,0,0,0,0,18
TTL,l2_base_trie_t1024_16384_tl_entry_trie,sel_80,5000,2,"(1,5]",133,complete,133,0.9887218045112782,0,5,0,0,0,0,0,0,0,0,5,5,123
TTL,l2_base_trie_t1024_16384_tl_entry_trie,sel_80,5000,2,"(5,10]",18,complete,18,0.95,0,3,0,0,0,0,0,0,0,1,2,2,13
TTL,l2_base_trie_t1024_16384_tl_entry_trie,sel_80,5000,2,"(10,30]",9,complete,9,0.8,0,5,0,0,1,0,0,0,0,1,3,1,3
TTL,l2_base_trie_t1024_16384_tl_entry_trie,sel_80,5000,2,"(30,60]",0,empty_stratum,0,,0,0,0,0,0,0,0,0,0,0,0,0,0
TTL,l2_base_trie_t1024_16384_tl_entry_trie,sel_80,5000,2,"(60,80]",0,empty_stratum,0,,0,0,0,0,0,0,0,0,0,0,0,0,0
TTL,l2_base_trie_t1024_16384_tl_entry_trie,sel_80,5000,2,"(80,95]",0,empty_stratum,0,,0,0,0,0,0,0,0,0,0,0,0,0,0
TTL,l2_base_trie_t1024_16384_tl_entry_trie,sel_80,5000,2,"(95,100]",822,complete,822,0.9029197080291971,26,127,26,19,2,7,5,7,10,14,37,81,614
TTT,l2_base_trie_t1024_16384_tt_entry_trie,sel_80,5000,1,"(0,0.5]",0,empty_stratum,0,,0,0,0,0,0,0,0,0,0,0,0,0,0
TTT,l2_base_trie_t1024_16384_tt_entry_trie,sel_80,5000,1,"(0.5,1]",18,complete,18,1.0,0,0,0,0,0,0,0,0,0,0,0,0,18
TTT,l2_base_trie_t1024_16384_tt_entry_trie,sel_80,5000,1,"(1,5]",133,complete,133,0.9887218045112782,0,5,0,0,0,0,0,0,0,0,5,5,123
TTT,l2_base_trie_t1024_16384_tt_entry_trie,sel_80,5000,1,"(5,10]",18,complete,18,0.95,0,3,0,0,0,0,0,0,0,1,2,2,13
TTT,l2_base_trie_t1024_16384_tt_entry_trie,sel_80,5000,1,"(10,30]",9,complete,9,0.8,0,5,0,0,1,0,0,0,0,1,3,1,3
TTT,l2_base_trie_t1024_16384_tt_entry_trie,sel_80,5000,1,"(30,60]",0,empty_stratum,0,,0,0,0,0,0,0,0,0,0,0,0,0,0
TTT,l2_base_trie_t1024_16384_tt_entry_trie,sel_80,5000,1,"(60,80]",0,empty_stratum,0,,0,0,0,0,0,0,0,0,0,0,0,0,0
TTT,l2_base_trie_t1024_16384_tt_entry_trie,sel_80,5000,1,"(80,95]",0,empty_stratum,0,,0,0,0,0,0,0,0,0,0,0,0,0,0
TTT,l2_base_trie_t1024_16384_tt_entry_trie,sel_80,5000,1,"(95,100]",822,complete,822,0.9010948905109489,27,125,27,19,2,7,6,8,10,14,32,85,612
TTT,l2_base_trie_t1024_16384_tt_entry_trie,sel_80,5000,2,"(0,0.5]",0,empty_stratum,0,,0,0,0,0,0,0,0,0,0,0,0,0,0
TTT,l2_base_trie_t1024_16384_tt_entry_trie,sel_80,5000,2,"(0.5,1]",18,complete,18,1.0,0,0,0,0,0,0,0,0,0,0,0,0,18
TTT,l2_base_trie_t1024_16384_tt_entry_trie,sel_80,5000,2,"(1,5]",133,complete,133,0.9887218045112782,0,5,0,0,0,0,0,0,0,0,5,5,123
TTT,l2_base_trie_t1024_16384_tt_entry_trie,sel_80,5000,2,"(5,10]",18,complete,18,0.95,0,3,0,0,0,0,0,0,0,1,2,2,13
TTT,l2_base_trie_t1024_16384_tt_entry_trie,sel_80,5000,2,"(10,30]",9,complete,9,0.8,0,5,0,0,1,0,0,0,0,1,3,1,3
TTT,l2_base_trie_t1024_16384_tt_entry_trie,sel_80,5000,2,"(30,60]",0,empty_stratum,0,,0,0,0,0,0,0,0,0,0,0,0,0,0
TTT,l2_base_trie_t1024_16384_tt_entry_trie,sel_80,5000,2,"(60,80]",0,empty_stratum,0,,0,0,0,0,0,0,0,0,0,0,0,0,0
TTT,l2_base_trie_t1024_16384_tt_entry_trie,sel_80,5000,2,"(80,95]",0,empty_stratum,0,,0,0,0,0,0,0,0,0,0,0,0,0,0
TTT,l2_base_trie_t1024_16384_tt_entry_trie,sel_80,5000,2,"(95,100]",822,complete,822,0.9010948905109489,27,125,27,19,2,7,6,8,10,14,32,85,612
L,l0_lng_entry_optimized_lng,sel_95,320000,1,"(0,0.5]",0,empty_stratum,0,,0,0,0,0,0,0,0,0,0,0,0,0,0
L,l0_lng_entry_optimized_lng,sel_95,320000,1,"(0.5,1]",1,complete,1,1.0,0,0,0,0,0,0,0,0,0,0,0,0,1
L,l0_lng_entry_optimized_lng,sel_95,320000,1,"(1,5]",13,complete,13,1.0,0,0,0,0,0,0,0,0,0,0,0,0,13
L,l0_lng_entry_optimized_lng,sel_95,320000,1,"(5,10]",2,complete,2,1.0,0,0,0,0,0,0,0,0,0,0,0,0,2
L,l0_lng_entry_optimized_lng,sel_95,320000,1,"(10,30]",2,complete,2,1.0,0,0,0,0,0,0,0,0,0,0,0,0,2
L,l0_lng_entry_optimized_lng,sel_95,320000,1,"(30,60]",0,empty_stratum,0,,0,0,0,0,0,0,0,0,0,0,0,0,0
L,l0_lng_entry_optimized_lng,sel_95,320000,1,"(60,80]",0,empty_stratum,0,,0,0,0,0,0,0,0,0,0,0,0,0,0
L,l0_lng_entry_optimized_lng,sel_95,320000,1,"(80,95]",0,empty_stratum,0,,0,0,0,0,0,0,0,0,0,0,0,0,0
L,l0_lng_entry_optimized_lng,sel_95,320000,1,"(95,100]",982,complete,982,0.9120162932790224,14,177,14,10,2,6,11,17,26,34,57,105,700
L,l0_lng_entry_optimized_lng,sel_95,320000,2,"(0,0.5]",0,empty_stratum,0,,0,0,0,0,0,0,0,0,0,0,0,0,0
L,l0_lng_entry_optimized_lng,sel_95,320000,2,"(0.5,1]",1,complete,1,1.0,0,0,0,0,0,0,0,0,0,0,0,0,1
L,l0_lng_entry_optimized_lng,sel_95,320000,2,"(1,5]",13,complete,13,1.0,0,0,0,0,0,0,0,0,0,0,0,0,13
L,l0_lng_entry_optimized_lng,sel_95,320000,2,"(5,10]",2,complete,2,1.0,0,0,0,0,0,0,0,0,0,0,0,0,2
L,l0_lng_entry_optimized_lng,sel_95,320000,2,"(10,30]",2,complete,2,1.0,0,0,0,0,0,0,0,0,0,0,0,0,2
L,l0_lng_entry_optimized_lng,sel_95,320000,2,"(30,60]",0,empty_stratum,0,,0,0,0,0,0,0,0,0,0,0,0,0,0
L,l0_lng_entry_optimized_lng,sel_95,320000,2,"(60,80]",0,empty_stratum,0,,0,0,0,0,0,0,0,0,0,0,0,0,0
L,l0_lng_entry_optimized_lng,sel_95,320000,2,"(80,95]",0,empty_stratum,0,,0,0,0,0,0,0,0,0,0,0,0,0,0
L,l0_lng_entry_optimized_lng,sel_95,320000,2,"(95,100]",982,complete,982,0.9118126272912424,14,179,14,10,2,6,12,18,24,36,57,98,705
T,l0_trie_entry_trie,sel_95,602453,1,"(0,0.5]",0,empty_stratum,0,,0,0,0,0,0,0,0,0,0,0,0,0,0
T,l0_trie_entry_trie,sel_95,602453,1,"(0.5,1]",1,complete,1,1.0,0,0,0,0,0,0,0,0,0,0,0,0,1
T,l0_trie_entry_trie,sel_95,602453,1,"(1,5]",13,complete,13,1.0,0,0,0,0,0,0,0,0,0,0,0,0,13
T,l0_trie_entry_trie,sel_95,602453,1,"(5,10]",2,complete,2,1.0,0,0,0,0,0,0,0,0,0,0,0,0,2
T,l0_trie_entry_trie,sel_95,602453,1,"(10,30]",2,complete,2,1.0,0,0,0,0,0,0,0,0,0,0,0,0,2
T,l0_trie_entry_trie,sel_95,602453,1,"(30,60]",0,empty_stratum,0,,0,0,0,0,0,0,0,0,0,0,0,0,0
T,l0_trie_entry_trie,sel_95,602453,1,"(60,80]",0,empty_stratum,0,,0,0,0,0,0,0,0,0,0,0,0,0,0
T,l0_trie_entry_trie,sel_95,602453,1,"(80,95]",0,empty_stratum,0,,0,0,0,0,0,0,0,0,0,0,0,0,0
T,l0_trie_entry_trie,sel_95,602453,1,"(95,100]",982,complete,982,0.9659877800407332,12,52,12,9,1,2,4,3,11,4,6,4,926
T,l0_trie_entry_trie,sel_95,602453,2,"(0,0.5]",0,empty_stratum,0,,0,0,0,0,0,0,0,0,0,0,0,0,0
T,l0_trie_entry_trie,sel_95,602453,2,"(0.5,1]",1,complete,1,1.0,0,0,0,0,0,0,0,0,0,0,0,0,1
T,l0_trie_entry_trie,sel_95,602453,2,"(1,5]",13,complete,13,1.0,0,0,0,0,0,0,0,0,0,0,0,0,13
T,l0_trie_entry_trie,sel_95,602453,2,"(5,10]",2,complete,2,1.0,0,0,0,0,0,0,0,0,0,0,0,0,2
T,l0_trie_entry_trie,sel_95,602453,2,"(10,30]",2,complete,2,1.0,0,0,0,0,0,0,0,0,0,0,0,0,2
T,l0_trie_entry_trie,sel_95,602453,2,"(30,60]",0,empty_stratum,0,,0,0,0,0,0,0,0,0,0,0,0,0,0
T,l0_trie_entry_trie,sel_95,602453,2,"(60,80]",0,empty_stratum,0,,0,0,0,0,0,0,0,0,0,0,0,0,0
T,l0_trie_entry_trie,sel_95,602453,2,"(80,95]",0,empty_stratum,0,,0,0,0,0,0,0,0,0,0,0,0,0,0
T,l0_trie_entry_trie,sel_95,602453,2,"(95,100]",982,complete,982,0.9659877800407332,12,52,12,9,1,2,4,3,11,4,6,4,926
LL,l1_t1024_lng_entry_optimized_lng,sel_95,2500,1,"(0,0.5]",0,empty_stratum,0,,0,0,0,0,0,0,0,0,0,0,0,0,0
LL,l1_t1024_lng_entry_optimized_lng,sel_95,2500,1,"(0.5,1]",1,complete,1,0.9,0,0,0,0,0,0,0,0,0,0,0,1,0
LL,l1_t1024_lng_entry_optimized_lng,sel_95,2500,1,"(1,5]",13,complete,13,0.7538461538461538,0,6,0,0,1,1,0,0,2,1,1,4,3
LL,l1_t1024_lng_entry_optimized_lng,sel_95,2500,1,"(5,10]",2,complete,2,0.6,0,2,0,0,0,0,1,0,0,0,1,0,0
LL,l1_t1024_lng_entry_optimized_lng,sel_95,2500,1,"(10,30]",2,complete,2,0.4,0,2,0,1,0,0,0,0,0,1,0,0,0
LL,l1_t1024_lng_entry_optimized_lng,sel_95,2500,1,"(30,60]",0,empty_stratum,0,,0,0,0,0,0,0,0,0,0,0,0,0,0
LL,l1_t1024_lng_entry_optimized_lng,sel_95,2500,1,"(60,80]",0,empty_stratum,0,,0,0,0,0,0,0,0,0,0,0,0,0,0
LL,l1_t1024_lng_entry_optimized_lng,sel_95,2500,1,"(80,95]",0,empty_stratum,0,,0,0,0,0,0,0,0,0,0,0,0,0,0
LL,l1_t1024_lng_entry_optimized_lng,sel_95,2500,1,"(95,100]",982,complete,982,0.9035641547861507,32,150,32,17,3,11,8,6,5,27,41,112,720
LL,l1_t1024_lng_entry_optimized_lng,sel_95,2500,2,"(0,0.5]",0,empty_stratum,0,,0,0,0,0,0,0,0,0,0,0,0,0,0
LL,l1_t1024_lng_entry_optimized_lng,sel_95,2500,2,"(0.5,1]",1,complete,1,0.9,0,0,0,0,0,0,0,0,0,0,0,1,0
LL,l1_t1024_lng_entry_optimized_lng,sel_95,2500,2,"(1,5]",13,complete,13,0.7538461538461538,0,6,0,0,1,1,0,0,2,1,1,4,3
LL,l1_t1024_lng_entry_optimized_lng,sel_95,2500,2,"(5,10]",2,complete,2,0.6,0,2,0,0,0,0,1,0,0,0,1,0,0
LL,l1_t1024_lng_entry_optimized_lng,sel_95,2500,2,"(10,30]",2,complete,2,0.4,0,2,0,1,0,0,0,0,0,1,0,0,0
LL,l1_t1024_lng_entry_optimized_lng,sel_95,2500,2,"(30,60]",0,empty_stratum,0,,0,0,0,0,0,0,0,0,0,0,0,0,0
LL,l1_t1024_lng_entry_optimized_lng,sel_95,2500,2,"(60,80]",0,empty_stratum,0,,0,0,0,0,0,0,0,0,0,0,0,0,0
LL,l1_t1024_lng_entry_optimized_lng,sel_95,2500,2,"(80,95]",0,empty_stratum,0,,0,0,0,0,0,0,0,0,0,0,0,0,0
LL,l1_t1024_lng_entry_optimized_lng,sel_95,2500,2,"(95,100]",982,complete,982,0.9035641547861507,32,150,32,17,3,11,8,6,5,27,41,112,720
LT,l1_t1024_trie_entry_optimized_lng,sel_95,5000,1,"(0,0.5]",0,empty_stratum,0,,0,0,0,0,0,0,0,0,0,0,0,0,0
LT,l1_t1024_trie_entry_optimized_lng,sel_95,5000,1,"(0.5,1]",1,complete,1,1.0,0,0,0,0,0,0,0,0,0,0,0,0,1
LT,l1_t1024_trie_entry_optimized_lng,sel_95,5000,1,"(1,5]",13,complete,13,0.9615384615384616,0,1,0,0,0,0,0,0,0,1,0,2,10
LT,l1_t1024_trie_entry_optimized_lng,sel_95,5000,1,"(5,10]",2,complete,2,0.65,0,1,0,0,0,0,1,0,0,0,0,1,0
LT,l1_t1024_trie_entry_optimized_lng,sel_95,5000,1,"(10,30]",2,complete,2,0.4,0,2,0,1,0,0,0,0,0,1,0,0,0
LT,l1_t1024_trie_entry_optimized_lng,sel_95,5000,1,"(30,60]",0,empty_stratum,0,,0,0,0,0,0,0,0,0,0,0,0,0,0
LT,l1_t1024_trie_entry_optimized_lng,sel_95,5000,1,"(60,80]",0,empty_stratum,0,,0,0,0,0,0,0,0,0,0,0,0,0,0
LT,l1_t1024_trie_entry_optimized_lng,sel_95,5000,1,"(80,95]",0,empty_stratum,0,,0,0,0,0,0,0,0,0,0,0,0,0,0
LT,l1_t1024_trie_entry_optimized_lng,sel_95,5000,1,"(95,100]",982,complete,982,0.9073319755600815,29,143,29,21,4,8,6,6,10,20,39,99,740
LT,l1_t1024_trie_entry_optimized_lng,sel_95,5000,2,"(0,0.5]",0,empty_stratum,0,,0,0,0,0,0,0,0,0,0,0,0,0,0
LT,l1_t1024_trie_entry_optimized_lng,sel_95,5000,2,"(0.5,1]",1,complete,1,1.0,0,0,0,0,0,0,0,0,0,0,0,0,1
LT,l1_t1024_trie_entry_optimized_lng,sel_95,5000,2,"(1,5]",13,complete,13,0.9615384615384616,0,1,0,0,0,0,0,0,0,1,0,2,10
LT,l1_t1024_trie_entry_optimized_lng,sel_95,5000,2,"(5,10]",2,complete,2,0.65,0,1,0,0,0,0,1,0,0,0,0,1,0
LT,l1_t1024_trie_entry_optimized_lng,sel_95,5000,2,"(10,30]",2,complete,2,0.4,0,2,0,1,0,0,0,0,0,1,0,0,0
LT,l1_t1024_trie_entry_optimized_lng,sel_95,5000,2,"(30,60]",0,empty_stratum,0,,0,0,0,0,0,0,0,0,0,0,0,0,0
LT,l1_t1024_trie_entry_optimized_lng,sel_95,5000,2,"(60,80]",0,empty_stratum,0,,0,0,0,0,0,0,0,0,0,0,0,0,0
LT,l1_t1024_trie_entry_optimized_lng,sel_95,5000,2,"(80,95]",0,empty_stratum,0,,0,0,0,0,0,0,0,0,0,0,0,0,0
LT,l1_t1024_trie_entry_optimized_lng,sel_95,5000,2,"(95,100]",982,complete,982,0.9073319755600815,29,143,29,21,4,8,6,6,10,20,39,99,740
TL,l1_base_trie_t1024_lng_entry_trie,sel_95,2500,1,"(0,0.5]",0,empty_stratum,0,,0,0,0,0,0,0,0,0,0,0,0,0,0
TL,l1_base_trie_t1024_lng_entry_trie,sel_95,2500,1,"(0.5,1]",1,complete,1,1.0,0,0,0,0,0,0,0,0,0,0,0,0,1
TL,l1_base_trie_t1024_lng_entry_trie,sel_95,2500,1,"(1,5]",13,complete,13,1.0,0,0,0,0,0,0,0,0,0,0,0,0,13
TL,l1_base_trie_t1024_lng_entry_trie,sel_95,2500,1,"(5,10]",2,complete,2,1.0,0,0,0,0,0,0,0,0,0,0,0,0,2
TL,l1_base_trie_t1024_lng_entry_trie,sel_95,2500,1,"(10,30]",2,complete,2,0.8,0,1,0,0,0,0,0,0,0,1,0,1,0
TL,l1_base_trie_t1024_lng_entry_trie,sel_95,2500,1,"(30,60]",0,empty_stratum,0,,0,0,0,0,0,0,0,0,0,0,0,0,0
TL,l1_base_trie_t1024_lng_entry_trie,sel_95,2500,1,"(60,80]",0,empty_stratum,0,,0,0,0,0,0,0,0,0,0,0,0,0,0
TL,l1_base_trie_t1024_lng_entry_trie,sel_95,2500,1,"(80,95]",0,empty_stratum,0,,0,0,0,0,0,0,0,0,0,0,0,0,0
TL,l1_base_trie_t1024_lng_entry_trie,sel_95,2500,1,"(95,100]",982,complete,982,0.9085539714867618,31,139,31,19,3,5,6,5,9,24,37,115,728
TL,l1_base_trie_t1024_lng_entry_trie,sel_95,2500,2,"(0,0.5]",0,empty_stratum,0,,0,0,0,0,0,0,0,0,0,0,0,0,0
TL,l1_base_trie_t1024_lng_entry_trie,sel_95,2500,2,"(0.5,1]",1,complete,1,1.0,0,0,0,0,0,0,0,0,0,0,0,0,1
TL,l1_base_trie_t1024_lng_entry_trie,sel_95,2500,2,"(1,5]",13,complete,13,1.0,0,0,0,0,0,0,0,0,0,0,0,0,13
TL,l1_base_trie_t1024_lng_entry_trie,sel_95,2500,2,"(5,10]",2,complete,2,1.0,0,0,0,0,0,0,0,0,0,0,0,0,2
TL,l1_base_trie_t1024_lng_entry_trie,sel_95,2500,2,"(10,30]",2,complete,2,0.8,0,1,0,0,0,0,0,0,0,1,0,1,0
TL,l1_base_trie_t1024_lng_entry_trie,sel_95,2500,2,"(30,60]",0,empty_stratum,0,,0,0,0,0,0,0,0,0,0,0,0,0,0
TL,l1_base_trie_t1024_lng_entry_trie,sel_95,2500,2,"(60,80]",0,empty_stratum,0,,0,0,0,0,0,0,0,0,0,0,0,0,0
TL,l1_base_trie_t1024_lng_entry_trie,sel_95,2500,2,"(80,95]",0,empty_stratum,0,,0,0,0,0,0,0,0,0,0,0,0,0,0
TL,l1_base_trie_t1024_lng_entry_trie,sel_95,2500,2,"(95,100]",982,complete,982,0.9085539714867618,31,139,31,19,3,5,6,5,9,24,37,115,728
TT,l1_base_trie_t1024_trie_entry_trie,sel_95,5000,1,"(0,0.5]",0,empty_stratum,0,,0,0,0,0,0,0,0,0,0,0,0,0,0
TT,l1_base_trie_t1024_trie_entry_trie,sel_95,5000,1,"(0.5,1]",1,complete,1,1.0,0,0,0,0,0,0,0,0,0,0,0,0,1
TT,l1_base_trie_t1024_trie_entry_trie,sel_95,5000,1,"(1,5]",13,complete,13,1.0,0,0,0,0,0,0,0,0,0,0,0,0,13
TT,l1_base_trie_t1024_trie_entry_trie,sel_95,5000,1,"(5,10]",2,complete,2,1.0,0,0,0,0,0,0,0,0,0,0,0,0,2
TT,l1_base_trie_t1024_trie_entry_trie,sel_95,5000,1,"(10,30]",2,complete,2,0.8,0,1,0,0,0,0,0,0,1,0,0,0,1
TT,l1_base_trie_t1024_trie_entry_trie,sel_95,5000,1,"(30,60]",0,empty_stratum,0,,0,0,0,0,0,0,0,0,0,0,0,0,0
TT,l1_base_trie_t1024_trie_entry_trie,sel_95,5000,1,"(60,80]",0,empty_stratum,0,,0,0,0,0,0,0,0,0,0,0,0,0,0
TT,l1_base_trie_t1024_trie_entry_trie,sel_95,5000,1,"(80,95]",0,empty_stratum,0,,0,0,0,0,0,0,0,0,0,0,0,0,0
TT,l1_base_trie_t1024_trie_entry_trie,sel_95,5000,1,"(95,100]",982,complete,982,0.9090631364562118,29,139,29,21,3,8,5,7,9,20,37,99,744
TT,l1_base_trie_t1024_trie_entry_trie,sel_95,5000,2,"(0,0.5]",0,empty_stratum,0,,0,0,0,0,0,0,0,0,0,0,0,0,0
TT,l1_base_trie_t1024_trie_entry_trie,sel_95,5000,2,"(0.5,1]",1,complete,1,1.0,0,0,0,0,0,0,0,0,0,0,0,0,1
TT,l1_base_trie_t1024_trie_entry_trie,sel_95,5000,2,"(1,5]",13,complete,13,1.0,0,0,0,0,0,0,0,0,0,0,0,0,13
TT,l1_base_trie_t1024_trie_entry_trie,sel_95,5000,2,"(5,10]",2,complete,2,1.0,0,0,0,0,0,0,0,0,0,0,0,0,2
TT,l1_base_trie_t1024_trie_entry_trie,sel_95,5000,2,"(10,30]",2,complete,2,0.8,0,1,0,0,0,0,0,0,1,0,0,0,1
TT,l1_base_trie_t1024_trie_entry_trie,sel_95,5000,2,"(30,60]",0,empty_stratum,0,,0,0,0,0,0,0,0,0,0,0,0,0,0
TT,l1_base_trie_t1024_trie_entry_trie,sel_95,5000,2,"(60,80]",0,empty_stratum,0,,0,0,0,0,0,0,0,0,0,0,0,0,0
TT,l1_base_trie_t1024_trie_entry_trie,sel_95,5000,2,"(80,95]",0,empty_stratum,0,,0,0,0,0,0,0,0,0,0,0,0,0,0
TT,l1_base_trie_t1024_trie_entry_trie,sel_95,5000,2,"(95,100]",982,complete,982,0.9090631364562118,29,139,29,21,3,8,5,7,9,20,37,99,744
LLL,l2_t1024_16384_ll_entry_optimized_lng,sel_95,2500,1,"(0,0.5]",0,empty_stratum,0,,0,0,0,0,0,0,0,0,0,0,0,0,0
LLL,l2_t1024_16384_ll_entry_optimized_lng,sel_95,2500,1,"(0.5,1]",1,complete,1,0.9,0,0,0,0,0,0,0,0,0,0,0,1,0
LLL,l2_t1024_16384_ll_entry_optimized_lng,sel_95,2500,1,"(1,5]",13,complete,13,0.7538461538461538,0,6,0,0,1,1,0,0,2,1,1,4,3
LLL,l2_t1024_16384_ll_entry_optimized_lng,sel_95,2500,1,"(5,10]",2,complete,2,0.6,0,2,0,0,0,0,1,0,0,0,1,0,0
LLL,l2_t1024_16384_ll_entry_optimized_lng,sel_95,2500,1,"(10,30]",2,complete,2,0.4,0,2,0,1,0,0,0,0,0,1,0,0,0
LLL,l2_t1024_16384_ll_entry_optimized_lng,sel_95,2500,1,"(30,60]",0,empty_stratum,0,,0,0,0,0,0,0,0,0,0,0,0,0,0
LLL,l2_t1024_16384_ll_entry_optimized_lng,sel_95,2500,1,"(60,80]",0,empty_stratum,0,,0,0,0,0,0,0,0,0,0,0,0,0,0
LLL,l2_t1024_16384_ll_entry_optimized_lng,sel_95,2500,1,"(80,95]",0,empty_stratum,0,,0,0,0,0,0,0,0,0,0,0,0,0,0
LLL,l2_t1024_16384_ll_entry_optimized_lng,sel_95,2500,1,"(95,100]",982,complete,982,0.9039714867617108,28,148,28,24,3,8,5,8,5,28,39,115,719
LLL,l2_t1024_16384_ll_entry_optimized_lng,sel_95,2500,2,"(0,0.5]",0,empty_stratum,0,,0,0,0,0,0,0,0,0,0,0,0,0,0
LLL,l2_t1024_16384_ll_entry_optimized_lng,sel_95,2500,2,"(0.5,1]",1,complete,1,0.9,0,0,0,0,0,0,0,0,0,0,0,1,0
LLL,l2_t1024_16384_ll_entry_optimized_lng,sel_95,2500,2,"(1,5]",13,complete,13,0.7538461538461538,0,6,0,0,1,1,0,0,2,1,1,4,3
LLL,l2_t1024_16384_ll_entry_optimized_lng,sel_95,2500,2,"(5,10]",2,complete,2,0.6,0,2,0,0,0,0,1,0,0,0,1,0,0
LLL,l2_t1024_16384_ll_entry_optimized_lng,sel_95,2500,2,"(10,30]",2,complete,2,0.4,0,2,0,1,0,0,0,0,0,1,0,0,0
LLL,l2_t1024_16384_ll_entry_optimized_lng,sel_95,2500,2,"(30,60]",0,empty_stratum,0,,0,0,0,0,0,0,0,0,0,0,0,0,0
LLL,l2_t1024_16384_ll_entry_optimized_lng,sel_95,2500,2,"(60,80]",0,empty_stratum,0,,0,0,0,0,0,0,0,0,0,0,0,0,0
LLL,l2_t1024_16384_ll_entry_optimized_lng,sel_95,2500,2,"(80,95]",0,empty_stratum,0,,0,0,0,0,0,0,0,0,0,0,0,0,0
LLL,l2_t1024_16384_ll_entry_optimized_lng,sel_95,2500,2,"(95,100]",982,complete,982,0.9039714867617108,28,148,28,24,3,8,5,8,5,28,39,115,719
LLT,l2_t1024_16384_lt_entry_optimized_lng,sel_95,2500,1,"(0,0.5]",0,empty_stratum,0,,0,0,0,0,0,0,0,0,0,0,0,0,0
LLT,l2_t1024_16384_lt_entry_optimized_lng,sel_95,2500,1,"(0.5,1]",1,complete,1,0.9,0,0,0,0,0,0,0,0,0,0,0,1,0
LLT,l2_t1024_16384_lt_entry_optimized_lng,sel_95,2500,1,"(1,5]",13,complete,13,0.7538461538461538,0,6,0,0,1,1,0,0,2,1,1,4,3
LLT,l2_t1024_16384_lt_entry_optimized_lng,sel_95,2500,1,"(5,10]",2,complete,2,0.6,0,2,0,0,0,0,1,0,0,0,1,0,0
LLT,l2_t1024_16384_lt_entry_optimized_lng,sel_95,2500,1,"(10,30]",2,complete,2,0.4,0,2,0,1,0,0,0,0,0,1,0,0,0
LLT,l2_t1024_16384_lt_entry_optimized_lng,sel_95,2500,1,"(30,60]",0,empty_stratum,0,,0,0,0,0,0,0,0,0,0,0,0,0,0
LLT,l2_t1024_16384_lt_entry_optimized_lng,sel_95,2500,1,"(60,80]",0,empty_stratum,0,,0,0,0,0,0,0,0,0,0,0,0,0,0
LLT,l2_t1024_16384_lt_entry_optimized_lng,sel_95,2500,1,"(80,95]",0,empty_stratum,0,,0,0,0,0,0,0,0,0,0,0,0,0,0
LLT,l2_t1024_16384_lt_entry_optimized_lng,sel_95,2500,1,"(95,100]",982,complete,982,0.9041751527494908,31,147,31,19,3,11,7,5,5,27,39,113,722
LLT,l2_t1024_16384_lt_entry_optimized_lng,sel_95,2500,2,"(0,0.5]",0,empty_stratum,0,,0,0,0,0,0,0,0,0,0,0,0,0,0
LLT,l2_t1024_16384_lt_entry_optimized_lng,sel_95,2500,2,"(0.5,1]",1,complete,1,0.9,0,0,0,0,0,0,0,0,0,0,0,1,0
LLT,l2_t1024_16384_lt_entry_optimized_lng,sel_95,2500,2,"(1,5]",13,complete,13,0.7538461538461538,0,6,0,0,1,1,0,0,2,1,1,4,3
LLT,l2_t1024_16384_lt_entry_optimized_lng,sel_95,2500,2,"(5,10]",2,complete,2,0.6,0,2,0,0,0,0,1,0,0,0,1,0,0
LLT,l2_t1024_16384_lt_entry_optimized_lng,sel_95,2500,2,"(10,30]",2,complete,2,0.4,0,2,0,1,0,0,0,0,0,1,0,0,0
LLT,l2_t1024_16384_lt_entry_optimized_lng,sel_95,2500,2,"(30,60]",0,empty_stratum,0,,0,0,0,0,0,0,0,0,0,0,0,0,0
LLT,l2_t1024_16384_lt_entry_optimized_lng,sel_95,2500,2,"(60,80]",0,empty_stratum,0,,0,0,0,0,0,0,0,0,0,0,0,0,0
LLT,l2_t1024_16384_lt_entry_optimized_lng,sel_95,2500,2,"(80,95]",0,empty_stratum,0,,0,0,0,0,0,0,0,0,0,0,0,0,0
LLT,l2_t1024_16384_lt_entry_optimized_lng,sel_95,2500,2,"(95,100]",982,complete,982,0.9041751527494908,31,147,31,19,3,11,7,5,5,27,39,113,722
LTL,l2_t1024_16384_tl_entry_optimized_lng,sel_95,5000,1,"(0,0.5]",0,empty_stratum,0,,0,0,0,0,0,0,0,0,0,0,0,0,0
LTL,l2_t1024_16384_tl_entry_optimized_lng,sel_95,5000,1,"(0.5,1]",1,complete,1,1.0,0,0,0,0,0,0,0,0,0,0,0,0,1
LTL,l2_t1024_16384_tl_entry_optimized_lng,sel_95,5000,1,"(1,5]",13,complete,13,0.9615384615384616,0,1,0,0,0,0,0,0,0,1,0,2,10
LTL,l2_t1024_16384_tl_entry_optimized_lng,sel_95,5000,1,"(5,10]",2,complete,2,0.65,0,1,0,0,0,0,1,0,0,0,0,1,0
LTL,l2_t1024_16384_tl_entry_optimized_lng,sel_95,5000,1,"(10,30]",2,complete,2,0.45,0,2,0,0,1,0,0,0,0,1,0,0,0
LTL,l2_t1024_16384_tl_entry_optimized_lng,sel_95,5000,1,"(30,60]",0,empty_stratum,0,,0,0,0,0,0,0,0,0,0,0,0,0,0
LTL,l2_t1024_16384_tl_entry_optimized_lng,sel_95,5000,1,"(60,80]",0,empty_stratum,0,,0,0,0,0,0,0,0,0,0,0,0,0,0
LTL,l2_t1024_16384_tl_entry_optimized_lng,sel_95,5000,1,"(80,95]",0,empty_stratum,0,,0,0,0,0,0,0,0,0,0,0,0,0,0
LTL,l2_t1024_16384_tl_entry_optimized_lng,sel_95,5000,1,"(95,100]",982,complete,982,0.9063136456211812,30,143,30,22,4,6,6,7,10,20,38,101,738
LTL,l2_t1024_16384_tl_entry_optimized_lng,sel_95,5000,2,"(0,0.5]",0,empty_stratum,0,,0,0,0,0,0,0,0,0,0,0,0,0,0
LTL,l2_t1024_16384_tl_entry_optimized_lng,sel_95,5000,2,"(0.5,1]",1,complete,1,1.0,0,0,0,0,0,0,0,0,0,0,0,0,1
LTL,l2_t1024_16384_tl_entry_optimized_lng,sel_95,5000,2,"(1,5]",13,complete,13,0.9615384615384616,0,1,0,0,0,0,0,0,0,1,0,2,10
LTL,l2_t1024_16384_tl_entry_optimized_lng,sel_95,5000,2,"(5,10]",2,complete,2,0.65,0,1,0,0,0,0,1,0,0,0,0,1,0
LTL,l2_t1024_16384_tl_entry_optimized_lng,sel_95,5000,2,"(10,30]",2,complete,2,0.45,0,2,0,0,1,0,0,0,0,1,0,0,0
LTL,l2_t1024_16384_tl_entry_optimized_lng,sel_95,5000,2,"(30,60]",0,empty_stratum,0,,0,0,0,0,0,0,0,0,0,0,0,0,0
LTL,l2_t1024_16384_tl_entry_optimized_lng,sel_95,5000,2,"(60,80]",0,empty_stratum,0,,0,0,0,0,0,0,0,0,0,0,0,0,0
LTL,l2_t1024_16384_tl_entry_optimized_lng,sel_95,5000,2,"(80,95]",0,empty_stratum,0,,0,0,0,0,0,0,0,0,0,0,0,0,0
LTL,l2_t1024_16384_tl_entry_optimized_lng,sel_95,5000,2,"(95,100]",982,complete,982,0.9063136456211812,30,143,30,22,4,6,6,7,10,20,38,101,738
LTT,l2_t1024_16384_tt_entry_optimized_lng,sel_95,5000,1,"(0,0.5]",0,empty_stratum,0,,0,0,0,0,0,0,0,0,0,0,0,0,0
LTT,l2_t1024_16384_tt_entry_optimized_lng,sel_95,5000,1,"(0.5,1]",1,complete,1,1.0,0,0,0,0,0,0,0,0,0,0,0,0,1
LTT,l2_t1024_16384_tt_entry_optimized_lng,sel_95,5000,1,"(1,5]",13,complete,13,0.9615384615384616,0,1,0,0,0,0,0,0,0,1,0,2,10
LTT,l2_t1024_16384_tt_entry_optimized_lng,sel_95,5000,1,"(5,10]",2,complete,2,0.65,0,1,0,0,0,0,1,0,0,0,0,1,0
LTT,l2_t1024_16384_tt_entry_optimized_lng,sel_95,5000,1,"(10,30]",2,complete,2,0.45,0,2,0,0,1,0,0,0,0,1,0,0,0
LTT,l2_t1024_16384_tt_entry_optimized_lng,sel_95,5000,1,"(30,60]",0,empty_stratum,0,,0,0,0,0,0,0,0,0,0,0,0,0,0
LTT,l2_t1024_16384_tt_entry_optimized_lng,sel_95,5000,1,"(60,80]",0,empty_stratum,0,,0,0,0,0,0,0,0,0,0,0,0,0,0
LTT,l2_t1024_16384_tt_entry_optimized_lng,sel_95,5000,1,"(80,95]",0,empty_stratum,0,,0,0,0,0,0,0,0,0,0,0,0,0,0
LTT,l2_t1024_16384_tt_entry_optimized_lng,sel_95,5000,1,"(95,100]",982,complete,982,0.9054989816700612,31,145,31,22,3,7,5,8,13,18,38,95,742
LTT,l2_t1024_16384_tt_entry_optimized_lng,sel_95,5000,2,"(0,0.5]",0,empty_stratum,0,,0,0,0,0,0,0,0,0,0,0,0,0,0
LTT,l2_t1024_16384_tt_entry_optimized_lng,sel_95,5000,2,"(0.5,1]",1,complete,1,1.0,0,0,0,0,0,0,0,0,0,0,0,0,1
LTT,l2_t1024_16384_tt_entry_optimized_lng,sel_95,5000,2,"(1,5]",13,complete,13,0.9615384615384616,0,1,0,0,0,0,0,0,0,1,0,2,10
LTT,l2_t1024_16384_tt_entry_optimized_lng,sel_95,5000,2,"(5,10]",2,complete,2,0.65,0,1,0,0,0,0,1,0,0,0,0,1,0
LTT,l2_t1024_16384_tt_entry_optimized_lng,sel_95,5000,2,"(10,30]",2,complete,2,0.45,0,2,0,0,1,0,0,0,0,1,0,0,0
LTT,l2_t1024_16384_tt_entry_optimized_lng,sel_95,5000,2,"(30,60]",0,empty_stratum,0,,0,0,0,0,0,0,0,0,0,0,0,0,0
LTT,l2_t1024_16384_tt_entry_optimized_lng,sel_95,5000,2,"(60,80]",0,empty_stratum,0,,0,0,0,0,0,0,0,0,0,0,0,0,0
LTT,l2_t1024_16384_tt_entry_optimized_lng,sel_95,5000,2,"(80,95]",0,empty_stratum,0,,0,0,0,0,0,0,0,0,0,0,0,0,0
LTT,l2_t1024_16384_tt_entry_optimized_lng,sel_95,5000,2,"(95,100]",982,complete,982,0.9054989816700612,31,145,31,22,3,7,5,8,13,18,38,95,742
TLL,l2_base_trie_t1024_16384_ll_entry_trie,sel_95,2500,1,"(0,0.5]",0,empty_stratum,0,,0,0,0,0,0,0,0,0,0,0,0,0,0
TLL,l2_base_trie_t1024_16384_ll_entry_trie,sel_95,2500,1,"(0.5,1]",1,complete,1,1.0,0,0,0,0,0,0,0,0,0,0,0,0,1
TLL,l2_base_trie_t1024_16384_ll_entry_trie,sel_95,2500,1,"(1,5]",13,complete,13,1.0,0,0,0,0,0,0,0,0,0,0,0,0,13
TLL,l2_base_trie_t1024_16384_ll_entry_trie,sel_95,2500,1,"(5,10]",2,complete,2,1.0,0,0,0,0,0,0,0,0,0,0,0,0,2
TLL,l2_base_trie_t1024_16384_ll_entry_trie,sel_95,2500,1,"(10,30]",2,complete,2,0.8,0,1,0,0,0,0,0,0,0,1,0,1,0
TLL,l2_base_trie_t1024_16384_ll_entry_trie,sel_95,2500,1,"(30,60]",0,empty_stratum,0,,0,0,0,0,0,0,0,0,0,0,0,0,0
TLL,l2_base_trie_t1024_16384_ll_entry_trie,sel_95,2500,1,"(60,80]",0,empty_stratum,0,,0,0,0,0,0,0,0,0,0,0,0,0,0
TLL,l2_base_trie_t1024_16384_ll_entry_trie,sel_95,2500,1,"(80,95]",0,empty_stratum,0,,0,0,0,0,0,0,0,0,0,0,0,0,0
TLL,l2_base_trie_t1024_16384_ll_entry_trie,sel_95,2500,1,"(95,100]",982,complete,982,0.9075356415478615,31,142,31,20,2,6,8,4,6,27,38,111,729
TLL,l2_base_trie_t1024_16384_ll_entry_trie,sel_95,2500,2,"(0,0.5]",0,empty_stratum,0,,0,0,0,0,0,0,0,0,0,0,0,0,0
TLL,l2_base_trie_t1024_16384_ll_entry_trie,sel_95,2500,2,"(0.5,1]",1,complete,1,1.0,0,0,0,0,0,0,0,0,0,0,0,0,1
TLL,l2_base_trie_t1024_16384_ll_entry_trie,sel_95,2500,2,"(1,5]",13,complete,13,1.0,0,0,0,0,0,0,0,0,0,0,0,0,13
TLL,l2_base_trie_t1024_16384_ll_entry_trie,sel_95,2500,2,"(5,10]",2,complete,2,1.0,0,0,0,0,0,0,0,0,0,0,0,0,2
TLL,l2_base_trie_t1024_16384_ll_entry_trie,sel_95,2500,2,"(10,30]",2,complete,2,0.8,0,1,0,0,0,0,0,0,0,1,0,1,0
TLL,l2_base_trie_t1024_16384_ll_entry_trie,sel_95,2500,2,"(30,60]",0,empty_stratum,0,,0,0,0,0,0,0,0,0,0,0,0,0,0
TLL,l2_base_trie_t1024_16384_ll_entry_trie,sel_95,2500,2,"(60,80]",0,empty_stratum,0,,0,0,0,0,0,0,0,0,0,0,0,0,0
TLL,l2_base_trie_t1024_16384_ll_entry_trie,sel_95,2500,2,"(80,95]",0,empty_stratum,0,,0,0,0,0,0,0,0,0,0,0,0,0,0
TLL,l2_base_trie_t1024_16384_ll_entry_trie,sel_95,2500,2,"(95,100]",982,complete,982,0.9075356415478615,31,142,31,20,2,6,8,4,6,27,38,111,729
TLT,l2_base_trie_t1024_16384_lt_entry_trie,sel_95,2500,1,"(0,0.5]",0,empty_stratum,0,,0,0,0,0,0,0,0,0,0,0,0,0,0
TLT,l2_base_trie_t1024_16384_lt_entry_trie,sel_95,2500,1,"(0.5,1]",1,complete,1,1.0,0,0,0,0,0,0,0,0,0,0,0,0,1
TLT,l2_base_trie_t1024_16384_lt_entry_trie,sel_95,2500,1,"(1,5]",13,complete,13,1.0,0,0,0,0,0,0,0,0,0,0,0,0,13
TLT,l2_base_trie_t1024_16384_lt_entry_trie,sel_95,2500,1,"(5,10]",2,complete,2,1.0,0,0,0,0,0,0,0,0,0,0,0,0,2
TLT,l2_base_trie_t1024_16384_lt_entry_trie,sel_95,2500,1,"(10,30]",2,complete,2,0.8,0,1,0,0,0,0,0,0,0,1,0,1,0
TLT,l2_base_trie_t1024_16384_lt_entry_trie,sel_95,2500,1,"(30,60]",0,empty_stratum,0,,0,0,0,0,0,0,0,0,0,0,0,0,0
TLT,l2_base_trie_t1024_16384_lt_entry_trie,sel_95,2500,1,"(60,80]",0,empty_stratum,0,,0,0,0,0,0,0,0,0,0,0,0,0,0
TLT,l2_base_trie_t1024_16384_lt_entry_trie,sel_95,2500,1,"(80,95]",0,empty_stratum,0,,0,0,0,0,0,0,0,0,0,0,0,0,0
TLT,l2_base_trie_t1024_16384_lt_entry_trie,sel_95,2500,1,"(95,100]",982,complete,982,0.9078411405295316,33,141,33,17,4,5,6,5,8,25,38,111,730
TLT,l2_base_trie_t1024_16384_lt_entry_trie,sel_95,2500,2,"(0,0.5]",0,empty_stratum,0,,0,0,0,0,0,0,0,0,0,0,0,0,0
TLT,l2_base_trie_t1024_16384_lt_entry_trie,sel_95,2500,2,"(0.5,1]",1,complete,1,1.0,0,0,0,0,0,0,0,0,0,0,0,0,1
TLT,l2_base_trie_t1024_16384_lt_entry_trie,sel_95,2500,2,"(1,5]",13,complete,13,1.0,0,0,0,0,0,0,0,0,0,0,0,0,13
TLT,l2_base_trie_t1024_16384_lt_entry_trie,sel_95,2500,2,"(5,10]",2,complete,2,1.0,0,0,0,0,0,0,0,0,0,0,0,0,2
TLT,l2_base_trie_t1024_16384_lt_entry_trie,sel_95,2500,2,"(10,30]",2,complete,2,0.8,0,1,0,0,0,0,0,0,0,1,0,1,0
TLT,l2_base_trie_t1024_16384_lt_entry_trie,sel_95,2500,2,"(30,60]",0,empty_stratum,0,,0,0,0,0,0,0,0,0,0,0,0,0,0
TLT,l2_base_trie_t1024_16384_lt_entry_trie,sel_95,2500,2,"(60,80]",0,empty_stratum,0,,0,0,0,0,0,0,0,0,0,0,0,0,0
TLT,l2_base_trie_t1024_16384_lt_entry_trie,sel_95,2500,2,"(80,95]",0,empty_stratum,0,,0,0,0,0,0,0,0,0,0,0,0,0,0
TLT,l2_base_trie_t1024_16384_lt_entry_trie,sel_95,2500,2,"(95,100]",982,complete,982,0.9078411405295316,33,141,33,17,4,5,6,5,8,25,38,111,730
TTL,l2_base_trie_t1024_16384_tl_entry_trie,sel_95,5000,1,"(0,0.5]",0,empty_stratum,0,,0,0,0,0,0,0,0,0,0,0,0,0,0
TTL,l2_base_trie_t1024_16384_tl_entry_trie,sel_95,5000,1,"(0.5,1]",1,complete,1,1.0,0,0,0,0,0,0,0,0,0,0,0,0,1
TTL,l2_base_trie_t1024_16384_tl_entry_trie,sel_95,5000,1,"(1,5]",13,complete,13,1.0,0,0,0,0,0,0,0,0,0,0,0,0,13
TTL,l2_base_trie_t1024_16384_tl_entry_trie,sel_95,5000,1,"(5,10]",2,complete,2,1.0,0,0,0,0,0,0,0,0,0,0,0,0,2
TTL,l2_base_trie_t1024_16384_tl_entry_trie,sel_95,5000,1,"(10,30]",2,complete,2,0.85,0,1,0,0,0,0,0,0,0,1,0,0,1
TTL,l2_base_trie_t1024_16384_tl_entry_trie,sel_95,5000,1,"(30,60]",0,empty_stratum,0,,0,0,0,0,0,0,0,0,0,0,0,0,0
TTL,l2_base_trie_t1024_16384_tl_entry_trie,sel_95,5000,1,"(60,80]",0,empty_stratum,0,,0,0,0,0,0,0,0,0,0,0,0,0,0
TTL,l2_base_trie_t1024_16384_tl_entry_trie,sel_95,5000,1,"(80,95]",0,empty_stratum,0,,0,0,0,0,0,0,0,0,0,0,0,0,0
TTL,l2_base_trie_t1024_16384_tl_entry_trie,sel_95,5000,1,"(95,100]",982,complete,982,0.9076374745417515,30,144,30,21,3,7,6,7,10,18,42,96,742
TTL,l2_base_trie_t1024_16384_tl_entry_trie,sel_95,5000,2,"(0,0.5]",0,empty_stratum,0,,0,0,0,0,0,0,0,0,0,0,0,0,0
TTL,l2_base_trie_t1024_16384_tl_entry_trie,sel_95,5000,2,"(0.5,1]",1,complete,1,1.0,0,0,0,0,0,0,0,0,0,0,0,0,1
TTL,l2_base_trie_t1024_16384_tl_entry_trie,sel_95,5000,2,"(1,5]",13,complete,13,1.0,0,0,0,0,0,0,0,0,0,0,0,0,13
TTL,l2_base_trie_t1024_16384_tl_entry_trie,sel_95,5000,2,"(5,10]",2,complete,2,1.0,0,0,0,0,0,0,0,0,0,0,0,0,2
TTL,l2_base_trie_t1024_16384_tl_entry_trie,sel_95,5000,2,"(10,30]",2,complete,2,0.85,0,1,0,0,0,0,0,0,0,1,0,0,1
TTL,l2_base_trie_t1024_16384_tl_entry_trie,sel_95,5000,2,"(30,60]",0,empty_stratum,0,,0,0,0,0,0,0,0,0,0,0,0,0,0
TTL,l2_base_trie_t1024_16384_tl_entry_trie,sel_95,5000,2,"(60,80]",0,empty_stratum,0,,0,0,0,0,0,0,0,0,0,0,0,0,0
TTL,l2_base_trie_t1024_16384_tl_entry_trie,sel_95,5000,2,"(80,95]",0,empty_stratum,0,,0,0,0,0,0,0,0,0,0,0,0,0,0
TTL,l2_base_trie_t1024_16384_tl_entry_trie,sel_95,5000,2,"(95,100]",982,complete,982,0.9076374745417515,30,144,30,21,3,7,6,7,10,18,42,96,742
TTT,l2_base_trie_t1024_16384_tt_entry_trie,sel_95,5000,1,"(0,0.5]",0,empty_stratum,0,,0,0,0,0,0,0,0,0,0,0,0,0,0
TTT,l2_base_trie_t1024_16384_tt_entry_trie,sel_95,5000,1,"(0.5,1]",1,complete,1,1.0,0,0,0,0,0,0,0,0,0,0,0,0,1
TTT,l2_base_trie_t1024_16384_tt_entry_trie,sel_95,5000,1,"(1,5]",13,complete,13,1.0,0,0,0,0,0,0,0,0,0,0,0,0,13
TTT,l2_base_trie_t1024_16384_tt_entry_trie,sel_95,5000,1,"(5,10]",2,complete,2,1.0,0,0,0,0,0,0,0,0,0,0,0,0,2
TTT,l2_base_trie_t1024_16384_tt_entry_trie,sel_95,5000,1,"(10,30]",2,complete,2,0.85,0,1,0,0,0,0,0,0,0,1,0,0,1
TTT,l2_base_trie_t1024_16384_tt_entry_trie,sel_95,5000,1,"(30,60]",0,empty_stratum,0,,0,0,0,0,0,0,0,0,0,0,0,0,0
TTT,l2_base_trie_t1024_16384_tt_entry_trie,sel_95,5000,1,"(60,80]",0,empty_stratum,0,,0,0,0,0,0,0,0,0,0,0,0,0,0
TTT,l2_base_trie_t1024_16384_tt_entry_trie,sel_95,5000,1,"(80,95]",0,empty_stratum,0,,0,0,0,0,0,0,0,0,0,0,0,0,0
TTT,l2_base_trie_t1024_16384_tt_entry_trie,sel_95,5000,1,"(95,100]",982,complete,982,0.9062118126272912,31,142,31,21,2,7,8,8,11,18,36,99,741
TTT,l2_base_trie_t1024_16384_tt_entry_trie,sel_95,5000,2,"(0,0.5]",0,empty_stratum,0,,0,0,0,0,0,0,0,0,0,0,0,0,0
TTT,l2_base_trie_t1024_16384_tt_entry_trie,sel_95,5000,2,"(0.5,1]",1,complete,1,1.0,0,0,0,0,0,0,0,0,0,0,0,0,1
TTT,l2_base_trie_t1024_16384_tt_entry_trie,sel_95,5000,2,"(1,5]",13,complete,13,1.0,0,0,0,0,0,0,0,0,0,0,0,0,13
TTT,l2_base_trie_t1024_16384_tt_entry_trie,sel_95,5000,2,"(5,10]",2,complete,2,1.0,0,0,0,0,0,0,0,0,0,0,0,0,2
TTT,l2_base_trie_t1024_16384_tt_entry_trie,sel_95,5000,2,"(10,30]",2,complete,2,0.85,0,1,0,0,0,0,0,0,0,1,0,0,1
TTT,l2_base_trie_t1024_16384_tt_entry_trie,sel_95,5000,2,"(30,60]",0,empty_stratum,0,,0,0,0,0,0,0,0,0,0,0,0,0,0
TTT,l2_base_trie_t1024_16384_tt_entry_trie,sel_95,5000,2,"(60,80]",0,empty_stratum,0,,0,0,0,0,0,0,0,0,0,0,0,0,0
TTT,l2_base_trie_t1024_16384_tt_entry_trie,sel_95,5000,2,"(80,95]",0,empty_stratum,0,,0,0,0,0,0,0,0,0,0,0,0,0,0
TTT,l2_base_trie_t1024_16384_tt_entry_trie,sel_95,5000,2,"(95,100]",982,complete,982,0.9062118126272912,31,142,31,21,2,7,8,8,11,18,36,99,741
L,l0_lng_entry_optimized_lng,sel_99,400000,1,"(0,0.5]",0,empty_stratum,0,,0,0,0,0,0,0,0,0,0,0,0,0,0
L,l0_lng_entry_optimized_lng,sel_99,400000,1,"(0.5,1]",0,empty_stratum,0,,0,0,0,0,0,0,0,0,0,0,0,0,0
L,l0_lng_entry_optimized_lng,sel_99,400000,1,"(1,5]",0,empty_stratum,0,,0,0,0,0,0,0,0,0,0,0,0,0,0
L,l0_lng_entry_optimized_lng,sel_99,400000,1,"(5,10]",0,empty_stratum,0,,0,0,0,0,0,0,0,0,0,0,0,0,0
L,l0_lng_entry_optimized_lng,sel_99,400000,1,"(10,30]",0,empty_stratum,0,,0,0,0,0,0,0,0,0,0,0,0,0,0
L,l0_lng_entry_optimized_lng,sel_99,400000,1,"(30,60]",0,empty_stratum,0,,0,0,0,0,0,0,0,0,0,0,0,0,0
L,l0_lng_entry_optimized_lng,sel_99,400000,1,"(60,80]",0,empty_stratum,0,,0,0,0,0,0,0,0,0,0,0,0,0,0
L,l0_lng_entry_optimized_lng,sel_99,400000,1,"(80,95]",0,empty_stratum,0,,0,0,0,0,0,0,0,0,0,0,0,0,0
L,l0_lng_entry_optimized_lng,sel_99,400000,1,"(95,100]",1000,complete,1000,0.9408,12,111,12,9,2,5,6,6,15,22,34,80,809
L,l0_lng_entry_optimized_lng,sel_99,400000,2,"(0,0.5]",0,empty_stratum,0,,0,0,0,0,0,0,0,0,0,0,0,0,0
L,l0_lng_entry_optimized_lng,sel_99,400000,2,"(0.5,1]",0,empty_stratum,0,,0,0,0,0,0,0,0,0,0,0,0,0,0
L,l0_lng_entry_optimized_lng,sel_99,400000,2,"(1,5]",0,empty_stratum,0,,0,0,0,0,0,0,0,0,0,0,0,0,0
L,l0_lng_entry_optimized_lng,sel_99,400000,2,"(5,10]",0,empty_stratum,0,,0,0,0,0,0,0,0,0,0,0,0,0,0
L,l0_lng_entry_optimized_lng,sel_99,400000,2,"(10,30]",0,empty_stratum,0,,0,0,0,0,0,0,0,0,0,0,0,0,0
L,l0_lng_entry_optimized_lng,sel_99,400000,2,"(30,60]",0,empty_stratum,0,,0,0,0,0,0,0,0,0,0,0,0,0,0
L,l0_lng_entry_optimized_lng,sel_99,400000,2,"(60,80]",0,empty_stratum,0,,0,0,0,0,0,0,0,0,0,0,0,0,0
L,l0_lng_entry_optimized_lng,sel_99,400000,2,"(80,95]",0,empty_stratum,0,,0,0,0,0,0,0,0,0,0,0,0,0,0
L,l0_lng_entry_optimized_lng,sel_99,400000,2,"(95,100]",1000,complete,1000,0.9408,12,112,12,9,2,4,6,7,15,23,34,79,809
T,l0_trie_entry_trie,sel_99,602453,1,"(0,0.5]",0,empty_stratum,0,,0,0,0,0,0,0,0,0,0,0,0,0,0
T,l0_trie_entry_trie,sel_99,602453,1,"(0.5,1]",0,empty_stratum,0,,0,0,0,0,0,0,0,0,0,0,0,0,0
T,l0_trie_entry_trie,sel_99,602453,1,"(1,5]",0,empty_stratum,0,,0,0,0,0,0,0,0,0,0,0,0,0,0
T,l0_trie_entry_trie,sel_99,602453,1,"(5,10]",0,empty_stratum,0,,0,0,0,0,0,0,0,0,0,0,0,0,0
T,l0_trie_entry_trie,sel_99,602453,1,"(10,30]",0,empty_stratum,0,,0,0,0,0,0,0,0,0,0,0,0,0,0
T,l0_trie_entry_trie,sel_99,602453,1,"(30,60]",0,empty_stratum,0,,0,0,0,0,0,0,0,0,0,0,0,0,0
T,l0_trie_entry_trie,sel_99,602453,1,"(60,80]",0,empty_stratum,0,,0,0,0,0,0,0,0,0,0,0,0,0,0
T,l0_trie_entry_trie,sel_99,602453,1,"(80,95]",0,empty_stratum,0,,0,0,0,0,0,0,0,0,0,0,0,0,0
T,l0_trie_entry_trie,sel_99,602453,1,"(95,100]",1000,complete,1000,0.9656,12,53,12,9,1,3,4,3,11,5,5,6,941
T,l0_trie_entry_trie,sel_99,602453,2,"(0,0.5]",0,empty_stratum,0,,0,0,0,0,0,0,0,0,0,0,0,0,0
T,l0_trie_entry_trie,sel_99,602453,2,"(0.5,1]",0,empty_stratum,0,,0,0,0,0,0,0,0,0,0,0,0,0,0
T,l0_trie_entry_trie,sel_99,602453,2,"(1,5]",0,empty_stratum,0,,0,0,0,0,0,0,0,0,0,0,0,0,0
T,l0_trie_entry_trie,sel_99,602453,2,"(5,10]",0,empty_stratum,0,,0,0,0,0,0,0,0,0,0,0,0,0,0
T,l0_trie_entry_trie,sel_99,602453,2,"(10,30]",0,empty_stratum,0,,0,0,0,0,0,0,0,0,0,0,0,0,0
T,l0_trie_entry_trie,sel_99,602453,2,"(30,60]",0,empty_stratum,0,,0,0,0,0,0,0,0,0,0,0,0,0,0
T,l0_trie_entry_trie,sel_99,602453,2,"(60,80]",0,empty_stratum,0,,0,0,0,0,0,0,0,0,0,0,0,0,0
T,l0_trie_entry_trie,sel_99,602453,2,"(80,95]",0,empty_stratum,0,,0,0,0,0,0,0,0,0,0,0,0,0,0
T,l0_trie_entry_trie,sel_99,602453,2,"(95,100]",1000,complete,1000,0.9656,12,53,12,9,1,3,4,3,11,5,5,6,941
LL,l1_t1024_lng_entry_optimized_lng,sel_99,2500,1,"(0,0.5]",0,empty_stratum,0,,0,0,0,0,0,0,0,0,0,0,0,0,0
LL,l1_t1024_lng_entry_optimized_lng,sel_99,2500,1,"(0.5,1]",0,empty_stratum,0,,0,0,0,0,0,0,0,0,0,0,0,0,0
LL,l1_t1024_lng_entry_optimized_lng,sel_99,2500,1,"(1,5]",0,empty_stratum,0,,0,0,0,0,0,0,0,0,0,0,0,0,0
LL,l1_t1024_lng_entry_optimized_lng,sel_99,2500,1,"(5,10]",0,empty_stratum,0,,0,0,0,0,0,0,0,0,0,0,0,0,0
LL,l1_t1024_lng_entry_optimized_lng,sel_99,2500,1,"(10,30]",0,empty_stratum,0,,0,0,0,0,0,0,0,0,0,0,0,0,0
LL,l1_t1024_lng_entry_optimized_lng,sel_99,2500,1,"(30,60]",0,empty_stratum,0,,0,0,0,0,0,0,0,0,0,0,0,0,0
LL,l1_t1024_lng_entry_optimized_lng,sel_99,2500,1,"(60,80]",0,empty_stratum,0,,0,0,0,0,0,0,0,0,0,0,0,0,0
LL,l1_t1024_lng_entry_optimized_lng,sel_99,2500,1,"(80,95]",0,empty_stratum,0,,0,0,0,0,0,0,0,0,0,0,0,0,0
LL,l1_t1024_lng_entry_optimized_lng,sel_99,2500,1,"(95,100]",1000,complete,1000,0.9063,31,148,31,17,3,11,7,5,5,29,40,119,733
LL,l1_t1024_lng_entry_optimized_lng,sel_99,2500,2,"(0,0.5]",0,empty_stratum,0,,0,0,0,0,0,0,0,0,0,0,0,0,0
LL,l1_t1024_lng_entry_optimized_lng,sel_99,2500,2,"(0.5,1]",0,empty_stratum,0,,0,0,0,0,0,0,0,0,0,0,0,0,0
LL,l1_t1024_lng_entry_optimized_lng,sel_99,2500,2,"(1,5]",0,empty_stratum,0,,0,0,0,0,0,0,0,0,0,0,0,0,0
LL,l1_t1024_lng_entry_optimized_lng,sel_99,2500,2,"(5,10]",0,empty_stratum,0,,0,0,0,0,0,0,0,0,0,0,0,0,0
LL,l1_t1024_lng_entry_optimized_lng,sel_99,2500,2,"(10,30]",0,empty_stratum,0,,0,0,0,0,0,0,0,0,0,0,0,0,0
LL,l1_t1024_lng_entry_optimized_lng,sel_99,2500,2,"(30,60]",0,empty_stratum,0,,0,0,0,0,0,0,0,0,0,0,0,0,0
LL,l1_t1024_lng_entry_optimized_lng,sel_99,2500,2,"(60,80]",0,empty_stratum,0,,0,0,0,0,0,0,0,0,0,0,0,0,0
LL,l1_t1024_lng_entry_optimized_lng,sel_99,2500,2,"(80,95]",0,empty_stratum,0,,0,0,0,0,0,0,0,0,0,0,0,0,0
LL,l1_t1024_lng_entry_optimized_lng,sel_99,2500,2,"(95,100]",1000,complete,1000,0.9063,31,148,31,17,3,11,7,5,5,29,40,119,733
LT,l1_t1024_trie_entry_optimized_lng,sel_99,5000,1,"(0,0.5]",0,empty_stratum,0,,0,0,0,0,0,0,0,0,0,0,0,0,0
LT,l1_t1024_trie_entry_optimized_lng,sel_99,5000,1,"(0.5,1]",0,empty_stratum,0,,0,0,0,0,0,0,0,0,0,0,0,0,0
LT,l1_t1024_trie_entry_optimized_lng,sel_99,5000,1,"(1,5]",0,empty_stratum,0,,0,0,0,0,0,0,0,0,0,0,0,0,0
LT,l1_t1024_trie_entry_optimized_lng,sel_99,5000,1,"(5,10]",0,empty_stratum,0,,0,0,0,0,0,0,0,0,0,0,0,0,0
LT,l1_t1024_trie_entry_optimized_lng,sel_99,5000,1,"(10,30]",0,empty_stratum,0,,0,0,0,0,0,0,0,0,0,0,0,0,0
LT,l1_t1024_trie_entry_optimized_lng,sel_99,5000,1,"(30,60]",0,empty_stratum,0,,0,0,0,0,0,0,0,0,0,0,0,0,0
LT,l1_t1024_trie_entry_optimized_lng,sel_99,5000,1,"(60,80]",0,empty_stratum,0,,0,0,0,0,0,0,0,0,0,0,0,0,0
LT,l1_t1024_trie_entry_optimized_lng,sel_99,5000,1,"(80,95]",0,empty_stratum,0,,0,0,0,0,0,0,0,0,0,0,0,0,0
LT,l1_t1024_trie_entry_optimized_lng,sel_99,5000,1,"(95,100]",1000,complete,1000,0.9092,29,143,29,20,4,8,5,7,11,22,37,101,756
LT,l1_t1024_trie_entry_optimized_lng,sel_99,5000,2,"(0,0.5]",0,empty_stratum,0,,0,0,0,0,0,0,0,0,0,0,0,0,0
LT,l1_t1024_trie_entry_optimized_lng,sel_99,5000,2,"(0.5,1]",0,empty_stratum,0,,0,0,0,0,0,0,0,0,0,0,0,0,0
LT,l1_t1024_trie_entry_optimized_lng,sel_99,5000,2,"(1,5]",0,empty_stratum,0,,0,0,0,0,0,0,0,0,0,0,0,0,0
LT,l1_t1024_trie_entry_optimized_lng,sel_99,5000,2,"(5,10]",0,empty_stratum,0,,0,0,0,0,0,0,0,0,0,0,0,0,0
LT,l1_t1024_trie_entry_optimized_lng,sel_99,5000,2,"(10,30]",0,empty_stratum,0,,0,0,0,0,0,0,0,0,0,0,0,0,0
LT,l1_t1024_trie_entry_optimized_lng,sel_99,5000,2,"(30,60]",0,empty_stratum,0,,0,0,0,0,0,0,0,0,0,0,0,0,0
LT,l1_t1024_trie_entry_optimized_lng,sel_99,5000,2,"(60,80]",0,empty_stratum,0,,0,0,0,0,0,0,0,0,0,0,0,0,0
LT,l1_t1024_trie_entry_optimized_lng,sel_99,5000,2,"(80,95]",0,empty_stratum,0,,0,0,0,0,0,0,0,0,0,0,0,0,0
LT,l1_t1024_trie_entry_optimized_lng,sel_99,5000,2,"(95,100]",1000,complete,1000,0.9092,29,143,29,20,4,8,5,7,11,22,37,101,756
TL,l1_base_trie_t1024_lng_entry_trie,sel_99,5000,1,"(0,0.5]",0,empty_stratum,0,,0,0,0,0,0,0,0,0,0,0,0,0,0
TL,l1_base_trie_t1024_lng_entry_trie,sel_99,5000,1,"(0.5,1]",0,empty_stratum,0,,0,0,0,0,0,0,0,0,0,0,0,0,0
TL,l1_base_trie_t1024_lng_entry_trie,sel_99,5000,1,"(1,5]",0,empty_stratum,0,,0,0,0,0,0,0,0,0,0,0,0,0,0
TL,l1_base_trie_t1024_lng_entry_trie,sel_99,5000,1,"(5,10]",0,empty_stratum,0,,0,0,0,0,0,0,0,0,0,0,0,0,0
TL,l1_base_trie_t1024_lng_entry_trie,sel_99,5000,1,"(10,30]",0,empty_stratum,0,,0,0,0,0,0,0,0,0,0,0,0,0,0
TL,l1_base_trie_t1024_lng_entry_trie,sel_99,5000,1,"(30,60]",0,empty_stratum,0,,0,0,0,0,0,0,0,0,0,0,0,0,0
TL,l1_base_trie_t1024_lng_entry_trie,sel_99,5000,1,"(60,80]",0,empty_stratum,0,,0,0,0,0,0,0,0,0,0,0,0,0,0
TL,l1_base_trie_t1024_lng_entry_trie,sel_99,5000,1,"(80,95]",0,empty_stratum,0,,0,0,0,0,0,0,0,0,0,0,0,0,0
TL,l1_base_trie_t1024_lng_entry_trie,sel_99,5000,1,"(95,100]",1000,complete,1000,0.9224,28,119,28,16,3,7,4,5,4,23,29,87,794
TL,l1_base_trie_t1024_lng_entry_trie,sel_99,5000,2,"(0,0.5]",0,empty_stratum,0,,0,0,0,0,0,0,0,0,0,0,0,0,0
TL,l1_base_trie_t1024_lng_entry_trie,sel_99,5000,2,"(0.5,1]",0,empty_stratum,0,,0,0,0,0,0,0,0,0,0,0,0,0,0
TL,l1_base_trie_t1024_lng_entry_trie,sel_99,5000,2,"(1,5]",0,empty_stratum,0,,0,0,0,0,0,0,0,0,0,0,0,0,0
TL,l1_base_trie_t1024_lng_entry_trie,sel_99,5000,2,"(5,10]",0,empty_stratum,0,,0,0,0,0,0,0,0,0,0,0,0,0,0
TL,l1_base_trie_t1024_lng_entry_trie,sel_99,5000,2,"(10,30]",0,empty_stratum,0,,0,0,0,0,0,0,0,0,0,0,0,0,0
TL,l1_base_trie_t1024_lng_entry_trie,sel_99,5000,2,"(30,60]",0,empty_stratum,0,,0,0,0,0,0,0,0,0,0,0,0,0,0
TL,l1_base_trie_t1024_lng_entry_trie,sel_99,5000,2,"(60,80]",0,empty_stratum,0,,0,0,0,0,0,0,0,0,0,0,0,0,0
TL,l1_base_trie_t1024_lng_entry_trie,sel_99,5000,2,"(80,95]",0,empty_stratum,0,,0,0,0,0,0,0,0,0,0,0,0,0,0
TL,l1_base_trie_t1024_lng_entry_trie,sel_99,5000,2,"(95,100]",1000,complete,1000,0.9224,28,119,28,16,3,7,4,5,4,23,29,87,794
TT,l1_base_trie_t1024_trie_entry_trie,sel_99,5000,1,"(0,0.5]",0,empty_stratum,0,,0,0,0,0,0,0,0,0,0,0,0,0,0
TT,l1_base_trie_t1024_trie_entry_trie,sel_99,5000,1,"(0.5,1]",0,empty_stratum,0,,0,0,0,0,0,0,0,0,0,0,0,0,0
TT,l1_base_trie_t1024_trie_entry_trie,sel_99,5000,1,"(1,5]",0,empty_stratum,0,,0,0,0,0,0,0,0,0,0,0,0,0,0
TT,l1_base_trie_t1024_trie_entry_trie,sel_99,5000,1,"(5,10]",0,empty_stratum,0,,0,0,0,0,0,0,0,0,0,0,0,0,0
TT,l1_base_trie_t1024_trie_entry_trie,sel_99,5000,1,"(10,30]",0,empty_stratum,0,,0,0,0,0,0,0,0,0,0,0,0,0,0
TT,l1_base_trie_t1024_trie_entry_trie,sel_99,5000,1,"(30,60]",0,empty_stratum,0,,0,0,0,0,0,0,0,0,0,0,0,0,0
TT,l1_base_trie_t1024_trie_entry_trie,sel_99,5000,1,"(60,80]",0,empty_stratum,0,,0,0,0,0,0,0,0,0,0,0,0,0,0
TT,l1_base_trie_t1024_trie_entry_trie,sel_99,5000,1,"(80,95]",0,empty_stratum,0,,0,0,0,0,0,0,0,0,0,0,0,0,0
TT,l1_base_trie_t1024_trie_entry_trie,sel_99,5000,1,"(95,100]",1000,complete,1000,0.9096,30,140,30,21,2,8,5,7,11,20,36,102,758
TT,l1_base_trie_t1024_trie_entry_trie,sel_99,5000,2,"(0,0.5]",0,empty_stratum,0,,0,0,0,0,0,0,0,0,0,0,0,0,0
TT,l1_base_trie_t1024_trie_entry_trie,sel_99,5000,2,"(0.5,1]",0,empty_stratum,0,,0,0,0,0,0,0,0,0,0,0,0,0,0
TT,l1_base_trie_t1024_trie_entry_trie,sel_99,5000,2,"(1,5]",0,empty_stratum,0,,0,0,0,0,0,0,0,0,0,0,0,0,0
TT,l1_base_trie_t1024_trie_entry_trie,sel_99,5000,2,"(5,10]",0,empty_stratum,0,,0,0,0,0,0,0,0,0,0,0,0,0,0
TT,l1_base_trie_t1024_trie_entry_trie,sel_99,5000,2,"(10,30]",0,empty_stratum,0,,0,0,0,0,0,0,0,0,0,0,0,0,0
TT,l1_base_trie_t1024_trie_entry_trie,sel_99,5000,2,"(30,60]",0,empty_stratum,0,,0,0,0,0,0,0,0,0,0,0,0,0,0
TT,l1_base_trie_t1024_trie_entry_trie,sel_99,5000,2,"(60,80]",0,empty_stratum,0,,0,0,0,0,0,0,0,0,0,0,0,0,0
TT,l1_base_trie_t1024_trie_entry_trie,sel_99,5000,2,"(80,95]",0,empty_stratum,0,,0,0,0,0,0,0,0,0,0,0,0,0,0
TT,l1_base_trie_t1024_trie_entry_trie,sel_99,5000,2,"(95,100]",1000,complete,1000,0.9096,30,140,30,21,2,8,5,7,11,20,36,102,758
LLL,l2_t1024_16384_ll_entry_optimized_lng,sel_99,2500,1,"(0,0.5]",0,empty_stratum,0,,0,0,0,0,0,0,0,0,0,0,0,0,0
LLL,l2_t1024_16384_ll_entry_optimized_lng,sel_99,2500,1,"(0.5,1]",0,empty_stratum,0,,0,0,0,0,0,0,0,0,0,0,0,0,0
LLL,l2_t1024_16384_ll_entry_optimized_lng,sel_99,2500,1,"(1,5]",0,empty_stratum,0,,0,0,0,0,0,0,0,0,0,0,0,0,0
LLL,l2_t1024_16384_ll_entry_optimized_lng,sel_99,2500,1,"(5,10]",0,empty_stratum,0,,0,0,0,0,0,0,0,0,0,0,0,0,0
LLL,l2_t1024_16384_ll_entry_optimized_lng,sel_99,2500,1,"(10,30]",0,empty_stratum,0,,0,0,0,0,0,0,0,0,0,0,0,0,0
LLL,l2_t1024_16384_ll_entry_optimized_lng,sel_99,2500,1,"(30,60]",0,empty_stratum,0,,0,0,0,0,0,0,0,0,0,0,0,0,0
LLL,l2_t1024_16384_ll_entry_optimized_lng,sel_99,2500,1,"(60,80]",0,empty_stratum,0,,0,0,0,0,0,0,0,0,0,0,0,0,0
LLL,l2_t1024_16384_ll_entry_optimized_lng,sel_99,2500,1,"(80,95]",0,empty_stratum,0,,0,0,0,0,0,0,0,0,0,0,0,0,0
LLL,l2_t1024_16384_ll_entry_optimized_lng,sel_99,2500,1,"(95,100]",1000,complete,1000,0.9064,27,148,27,23,3,8,5,8,5,31,38,120,732
LLL,l2_t1024_16384_ll_entry_optimized_lng,sel_99,2500,2,"(0,0.5]",0,empty_stratum,0,,0,0,0,0,0,0,0,0,0,0,0,0,0
LLL,l2_t1024_16384_ll_entry_optimized_lng,sel_99,2500,2,"(0.5,1]",0,empty_stratum,0,,0,0,0,0,0,0,0,0,0,0,0,0,0
LLL,l2_t1024_16384_ll_entry_optimized_lng,sel_99,2500,2,"(1,5]",0,empty_stratum,0,,0,0,0,0,0,0,0,0,0,0,0,0,0
LLL,l2_t1024_16384_ll_entry_optimized_lng,sel_99,2500,2,"(5,10]",0,empty_stratum,0,,0,0,0,0,0,0,0,0,0,0,0,0,0
LLL,l2_t1024_16384_ll_entry_optimized_lng,sel_99,2500,2,"(10,30]",0,empty_stratum,0,,0,0,0,0,0,0,0,0,0,0,0,0,0
LLL,l2_t1024_16384_ll_entry_optimized_lng,sel_99,2500,2,"(30,60]",0,empty_stratum,0,,0,0,0,0,0,0,0,0,0,0,0,0,0
LLL,l2_t1024_16384_ll_entry_optimized_lng,sel_99,2500,2,"(60,80]",0,empty_stratum,0,,0,0,0,0,0,0,0,0,0,0,0,0,0
LLL,l2_t1024_16384_ll_entry_optimized_lng,sel_99,2500,2,"(80,95]",0,empty_stratum,0,,0,0,0,0,0,0,0,0,0,0,0,0,0
LLL,l2_t1024_16384_ll_entry_optimized_lng,sel_99,2500,2,"(95,100]",1000,complete,1000,0.9064,27,148,27,23,3,8,5,8,5,31,38,120,732
LLT,l2_t1024_16384_lt_entry_optimized_lng,sel_99,2500,1,"(0,0.5]",0,empty_stratum,0,,0,0,0,0,0,0,0,0,0,0,0,0,0
LLT,l2_t1024_16384_lt_entry_optimized_lng,sel_99,2500,1,"(0.5,1]",0,empty_stratum,0,,0,0,0,0,0,0,0,0,0,0,0,0,0
LLT,l2_t1024_16384_lt_entry_optimized_lng,sel_99,2500,1,"(1,5]",0,empty_stratum,0,,0,0,0,0,0,0,0,0,0,0,0,0,0
LLT,l2_t1024_16384_lt_entry_optimized_lng,sel_99,2500,1,"(5,10]",0,empty_stratum,0,,0,0,0,0,0,0,0,0,0,0,0,0,0
LLT,l2_t1024_16384_lt_entry_optimized_lng,sel_99,2500,1,"(10,30]",0,empty_stratum,0,,0,0,0,0,0,0,0,0,0,0,0,0,0
LLT,l2_t1024_16384_lt_entry_optimized_lng,sel_99,2500,1,"(30,60]",0,empty_stratum,0,,0,0,0,0,0,0,0,0,0,0,0,0,0
LLT,l2_t1024_16384_lt_entry_optimized_lng,sel_99,2500,1,"(60,80]",0,empty_stratum,0,,0,0,0,0,0,0,0,0,0,0,0,0,0
LLT,l2_t1024_16384_lt_entry_optimized_lng,sel_99,2500,1,"(80,95]",0,empty_stratum,0,,0,0,0,0,0,0,0,0,0,0,0,0,0
LLT,l2_t1024_16384_lt_entry_optimized_lng,sel_99,2500,1,"(95,100]",1000,complete,1000,0.9072,30,145,30,18,3,11,6,5,7,27,38,119,736
LLT,l2_t1024_16384_lt_entry_optimized_lng,sel_99,2500,2,"(0,0.5]",0,empty_stratum,0,,0,0,0,0,0,0,0,0,0,0,0,0,0
LLT,l2_t1024_16384_lt_entry_optimized_lng,sel_99,2500,2,"(0.5,1]",0,empty_stratum,0,,0,0,0,0,0,0,0,0,0,0,0,0,0
LLT,l2_t1024_16384_lt_entry_optimized_lng,sel_99,2500,2,"(1,5]",0,empty_stratum,0,,0,0,0,0,0,0,0,0,0,0,0,0,0
LLT,l2_t1024_16384_lt_entry_optimized_lng,sel_99,2500,2,"(5,10]",0,empty_stratum,0,,0,0,0,0,0,0,0,0,0,0,0,0,0
LLT,l2_t1024_16384_lt_entry_optimized_lng,sel_99,2500,2,"(10,30]",0,empty_stratum,0,,0,0,0,0,0,0,0,0,0,0,0,0,0
LLT,l2_t1024_16384_lt_entry_optimized_lng,sel_99,2500,2,"(30,60]",0,empty_stratum,0,,0,0,0,0,0,0,0,0,0,0,0,0,0
LLT,l2_t1024_16384_lt_entry_optimized_lng,sel_99,2500,2,"(60,80]",0,empty_stratum,0,,0,0,0,0,0,0,0,0,0,0,0,0,0
LLT,l2_t1024_16384_lt_entry_optimized_lng,sel_99,2500,2,"(80,95]",0,empty_stratum,0,,0,0,0,0,0,0,0,0,0,0,0,0,0
LLT,l2_t1024_16384_lt_entry_optimized_lng,sel_99,2500,2,"(95,100]",1000,complete,1000,0.9072,30,145,30,18,3,11,6,5,7,27,38,119,736
LTL,l2_t1024_16384_tl_entry_optimized_lng,sel_99,5000,1,"(0,0.5]",0,empty_stratum,0,,0,0,0,0,0,0,0,0,0,0,0,0,0
LTL,l2_t1024_16384_tl_entry_optimized_lng,sel_99,5000,1,"(0.5,1]",0,empty_stratum,0,,0,0,0,0,0,0,0,0,0,0,0,0,0
LTL,l2_t1024_16384_tl_entry_optimized_lng,sel_99,5000,1,"(1,5]",0,empty_stratum,0,,0,0,0,0,0,0,0,0,0,0,0,0,0
LTL,l2_t1024_16384_tl_entry_optimized_lng,sel_99,5000,1,"(5,10]",0,empty_stratum,0,,0,0,0,0,0,0,0,0,0,0,0,0,0
LTL,l2_t1024_16384_tl_entry_optimized_lng,sel_99,5000,1,"(10,30]",0,empty_stratum,0,,0,0,0,0,0,0,0,0,0,0,0,0,0
LTL,l2_t1024_16384_tl_entry_optimized_lng,sel_99,5000,1,"(30,60]",0,empty_stratum,0,,0,0,0,0,0,0,0,0,0,0,0,0,0
LTL,l2_t1024_16384_tl_entry_optimized_lng,sel_99,5000,1,"(60,80]",0,empty_stratum,0,,0,0,0,0,0,0,0,0,0,0,0,0,0
LTL,l2_t1024_16384_tl_entry_optimized_lng,sel_99,5000,1,"(80,95]",0,empty_stratum,0,,0,0,0,0,0,0,0,0,0,0,0,0,0
LTL,l2_t1024_16384_tl_entry_optimized_lng,sel_99,5000,1,"(95,100]",1000,complete,1000,0.9089,29,142,29,21,4,6,5,9,10,21,37,106,752
LTL,l2_t1024_16384_tl_entry_optimized_lng,sel_99,5000,2,"(0,0.5]",0,empty_stratum,0,,0,0,0,0,0,0,0,0,0,0,0,0,0
LTL,l2_t1024_16384_tl_entry_optimized_lng,sel_99,5000,2,"(0.5,1]",0,empty_stratum,0,,0,0,0,0,0,0,0,0,0,0,0,0,0
LTL,l2_t1024_16384_tl_entry_optimized_lng,sel_99,5000,2,"(1,5]",0,empty_stratum,0,,0,0,0,0,0,0,0,0,0,0,0,0,0
LTL,l2_t1024_16384_tl_entry_optimized_lng,sel_99,5000,2,"(5,10]",0,empty_stratum,0,,0,0,0,0,0,0,0,0,0,0,0,0,0
LTL,l2_t1024_16384_tl_entry_optimized_lng,sel_99,5000,2,"(10,30]",0,empty_stratum,0,,0,0,0,0,0,0,0,0,0,0,0,0,0
LTL,l2_t1024_16384_tl_entry_optimized_lng,sel_99,5000,2,"(30,60]",0,empty_stratum,0,,0,0,0,0,0,0,0,0,0,0,0,0,0
LTL,l2_t1024_16384_tl_entry_optimized_lng,sel_99,5000,2,"(60,80]",0,empty_stratum,0,,0,0,0,0,0,0,0,0,0,0,0,0,0
LTL,l2_t1024_16384_tl_entry_optimized_lng,sel_99,5000,2,"(80,95]",0,empty_stratum,0,,0,0,0,0,0,0,0,0,0,0,0,0,0
LTL,l2_t1024_16384_tl_entry_optimized_lng,sel_99,5000,2,"(95,100]",1000,complete,1000,0.9089,29,142,29,21,4,6,5,9,10,21,37,106,752
LTT,l2_t1024_16384_tt_entry_optimized_lng,sel_99,5000,1,"(0,0.5]",0,empty_stratum,0,,0,0,0,0,0,0,0,0,0,0,0,0,0
LTT,l2_t1024_16384_tt_entry_optimized_lng,sel_99,5000,1,"(0.5,1]",0,empty_stratum,0,,0,0,0,0,0,0,0,0,0,0,0,0,0
LTT,l2_t1024_16384_tt_entry_optimized_lng,sel_99,5000,1,"(1,5]",0,empty_stratum,0,,0,0,0,0,0,0,0,0,0,0,0,0,0
LTT,l2_t1024_16384_tt_entry_optimized_lng,sel_99,5000,1,"(5,10]",0,empty_stratum,0,,0,0,0,0,0,0,0,0,0,0,0,0,0
LTT,l2_t1024_16384_tt_entry_optimized_lng,sel_99,5000,1,"(10,30]",0,empty_stratum,0,,0,0,0,0,0,0,0,0,0,0,0,0,0
LTT,l2_t1024_16384_tt_entry_optimized_lng,sel_99,5000,1,"(30,60]",0,empty_stratum,0,,0,0,0,0,0,0,0,0,0,0,0,0,0
LTT,l2_t1024_16384_tt_entry_optimized_lng,sel_99,5000,1,"(60,80]",0,empty_stratum,0,,0,0,0,0,0,0,0,0,0,0,0,0,0
LTT,l2_t1024_16384_tt_entry_optimized_lng,sel_99,5000,1,"(80,95]",0,empty_stratum,0,,0,0,0,0,0,0,0,0,0,0,0,0,0
LTT,l2_t1024_16384_tt_entry_optimized_lng,sel_99,5000,1,"(95,100]",1000,complete,1000,0.9084,30,144,30,21,3,7,4,9,13,20,37,99,757
LTT,l2_t1024_16384_tt_entry_optimized_lng,sel_99,5000,2,"(0,0.5]",0,empty_stratum,0,,0,0,0,0,0,0,0,0,0,0,0,0,0
LTT,l2_t1024_16384_tt_entry_optimized_lng,sel_99,5000,2,"(0.5,1]",0,empty_stratum,0,,0,0,0,0,0,0,0,0,0,0,0,0,0
LTT,l2_t1024_16384_tt_entry_optimized_lng,sel_99,5000,2,"(1,5]",0,empty_stratum,0,,0,0,0,0,0,0,0,0,0,0,0,0,0
LTT,l2_t1024_16384_tt_entry_optimized_lng,sel_99,5000,2,"(5,10]",0,empty_stratum,0,,0,0,0,0,0,0,0,0,0,0,0,0,0
LTT,l2_t1024_16384_tt_entry_optimized_lng,sel_99,5000,2,"(10,30]",0,empty_stratum,0,,0,0,0,0,0,0,0,0,0,0,0,0,0
LTT,l2_t1024_16384_tt_entry_optimized_lng,sel_99,5000,2,"(30,60]",0,empty_stratum,0,,0,0,0,0,0,0,0,0,0,0,0,0,0
LTT,l2_t1024_16384_tt_entry_optimized_lng,sel_99,5000,2,"(60,80]",0,empty_stratum,0,,0,0,0,0,0,0,0,0,0,0,0,0,0
LTT,l2_t1024_16384_tt_entry_optimized_lng,sel_99,5000,2,"(80,95]",0,empty_stratum,0,,0,0,0,0,0,0,0,0,0,0,0,0,0
LTT,l2_t1024_16384_tt_entry_optimized_lng,sel_99,5000,2,"(95,100]",1000,complete,1000,0.9084,30,144,30,21,3,7,4,9,13,20,37,99,757
TLL,l2_base_trie_t1024_16384_ll_entry_trie,sel_99,5000,1,"(0,0.5]",0,empty_stratum,0,,0,0,0,0,0,0,0,0,0,0,0,0,0
TLL,l2_base_trie_t1024_16384_ll_entry_trie,sel_99,5000,1,"(0.5,1]",0,empty_stratum,0,,0,0,0,0,0,0,0,0,0,0,0,0,0
TLL,l2_base_trie_t1024_16384_ll_entry_trie,sel_99,5000,1,"(1,5]",0,empty_stratum,0,,0,0,0,0,0,0,0,0,0,0,0,0,0
TLL,l2_base_trie_t1024_16384_ll_entry_trie,sel_99,5000,1,"(5,10]",0,empty_stratum,0,,0,0,0,0,0,0,0,0,0,0,0,0,0
TLL,l2_base_trie_t1024_16384_ll_entry_trie,sel_99,5000,1,"(10,30]",0,empty_stratum,0,,0,0,0,0,0,0,0,0,0,0,0,0,0
TLL,l2_base_trie_t1024_16384_ll_entry_trie,sel_99,5000,1,"(30,60]",0,empty_stratum,0,,0,0,0,0,0,0,0,0,0,0,0,0,0
TLL,l2_base_trie_t1024_16384_ll_entry_trie,sel_99,5000,1,"(60,80]",0,empty_stratum,0,,0,0,0,0,0,0,0,0,0,0,0,0,0
TLL,l2_base_trie_t1024_16384_ll_entry_trie,sel_99,5000,1,"(80,95]",0,empty_stratum,0,,0,0,0,0,0,0,0,0,0,0,0,0,0
TLL,l2_base_trie_t1024_16384_ll_entry_trie,sel_99,5000,1,"(95,100]",1000,complete,1000,0.9219,28,121,28,17,2,7,5,7,2,22,31,82,797
TLL,l2_base_trie_t1024_16384_ll_entry_trie,sel_99,5000,2,"(0,0.5]",0,empty_stratum,0,,0,0,0,0,0,0,0,0,0,0,0,0,0
TLL,l2_base_trie_t1024_16384_ll_entry_trie,sel_99,5000,2,"(0.5,1]",0,empty_stratum,0,,0,0,0,0,0,0,0,0,0,0,0,0,0
TLL,l2_base_trie_t1024_16384_ll_entry_trie,sel_99,5000,2,"(1,5]",0,empty_stratum,0,,0,0,0,0,0,0,0,0,0,0,0,0,0
TLL,l2_base_trie_t1024_16384_ll_entry_trie,sel_99,5000,2,"(5,10]",0,empty_stratum,0,,0,0,0,0,0,0,0,0,0,0,0,0,0
TLL,l2_base_trie_t1024_16384_ll_entry_trie,sel_99,5000,2,"(10,30]",0,empty_stratum,0,,0,0,0,0,0,0,0,0,0,0,0,0,0
TLL,l2_base_trie_t1024_16384_ll_entry_trie,sel_99,5000,2,"(30,60]",0,empty_stratum,0,,0,0,0,0,0,0,0,0,0,0,0,0,0
TLL,l2_base_trie_t1024_16384_ll_entry_trie,sel_99,5000,2,"(60,80]",0,empty_stratum,0,,0,0,0,0,0,0,0,0,0,0,0,0,0
TLL,l2_base_trie_t1024_16384_ll_entry_trie,sel_99,5000,2,"(80,95]",0,empty_stratum,0,,0,0,0,0,0,0,0,0,0,0,0,0,0
TLL,l2_base_trie_t1024_16384_ll_entry_trie,sel_99,5000,2,"(95,100]",1000,complete,1000,0.9219,28,121,28,17,2,7,5,7,2,22,31,82,797
TLT,l2_base_trie_t1024_16384_lt_entry_trie,sel_99,5000,1,"(0,0.5]",0,empty_stratum,0,,0,0,0,0,0,0,0,0,0,0,0,0,0
TLT,l2_base_trie_t1024_16384_lt_entry_trie,sel_99,5000,1,"(0.5,1]",0,empty_stratum,0,,0,0,0,0,0,0,0,0,0,0,0,0,0
TLT,l2_base_trie_t1024_16384_lt_entry_trie,sel_99,5000,1,"(1,5]",0,empty_stratum,0,,0,0,0,0,0,0,0,0,0,0,0,0,0
TLT,l2_base_trie_t1024_16384_lt_entry_trie,sel_99,5000,1,"(5,10]",0,empty_stratum,0,,0,0,0,0,0,0,0,0,0,0,0,0,0
TLT,l2_base_trie_t1024_16384_lt_entry_trie,sel_99,5000,1,"(10,30]",0,empty_stratum,0,,0,0,0,0,0,0,0,0,0,0,0,0,0
TLT,l2_base_trie_t1024_16384_lt_entry_trie,sel_99,5000,1,"(30,60]",0,empty_stratum,0,,0,0,0,0,0,0,0,0,0,0,0,0,0
TLT,l2_base_trie_t1024_16384_lt_entry_trie,sel_99,5000,1,"(60,80]",0,empty_stratum,0,,0,0,0,0,0,0,0,0,0,0,0,0,0
TLT,l2_base_trie_t1024_16384_lt_entry_trie,sel_99,5000,1,"(80,95]",0,empty_stratum,0,,0,0,0,0,0,0,0,0,0,0,0,0,0
TLT,l2_base_trie_t1024_16384_lt_entry_trie,sel_99,5000,1,"(95,100]",1000,complete,1000,0.9215,29,120,29,16,3,7,4,6,4,22,29,84,796
TLT,l2_base_trie_t1024_16384_lt_entry_trie,sel_99,5000,2,"(0,0.5]",0,empty_stratum,0,,0,0,0,0,0,0,0,0,0,0,0,0,0
TLT,l2_base_trie_t1024_16384_lt_entry_trie,sel_99,5000,2,"(0.5,1]",0,empty_stratum,0,,0,0,0,0,0,0,0,0,0,0,0,0,0
TLT,l2_base_trie_t1024_16384_lt_entry_trie,sel_99,5000,2,"(1,5]",0,empty_stratum,0,,0,0,0,0,0,0,0,0,0,0,0,0,0
TLT,l2_base_trie_t1024_16384_lt_entry_trie,sel_99,5000,2,"(5,10]",0,empty_stratum,0,,0,0,0,0,0,0,0,0,0,0,0,0,0
TLT,l2_base_trie_t1024_16384_lt_entry_trie,sel_99,5000,2,"(10,30]",0,empty_stratum,0,,0,0,0,0,0,0,0,0,0,0,0,0,0
TLT,l2_base_trie_t1024_16384_lt_entry_trie,sel_99,5000,2,"(30,60]",0,empty_stratum,0,,0,0,0,0,0,0,0,0,0,0,0,0,0
TLT,l2_base_trie_t1024_16384_lt_entry_trie,sel_99,5000,2,"(60,80]",0,empty_stratum,0,,0,0,0,0,0,0,0,0,0,0,0,0,0
TLT,l2_base_trie_t1024_16384_lt_entry_trie,sel_99,5000,2,"(80,95]",0,empty_stratum,0,,0,0,0,0,0,0,0,0,0,0,0,0,0
TLT,l2_base_trie_t1024_16384_lt_entry_trie,sel_99,5000,2,"(95,100]",1000,complete,1000,0.9215,29,120,29,16,3,7,4,6,4,22,29,84,796
TTL,l2_base_trie_t1024_16384_tl_entry_trie,sel_99,5000,1,"(0,0.5]",0,empty_stratum,0,,0,0,0,0,0,0,0,0,0,0,0,0,0
TTL,l2_base_trie_t1024_16384_tl_entry_trie,sel_99,5000,1,"(0.5,1]",0,empty_stratum,0,,0,0,0,0,0,0,0,0,0,0,0,0,0
TTL,l2_base_trie_t1024_16384_tl_entry_trie,sel_99,5000,1,"(1,5]",0,empty_stratum,0,,0,0,0,0,0,0,0,0,0,0,0,0,0
TTL,l2_base_trie_t1024_16384_tl_entry_trie,sel_99,5000,1,"(5,10]",0,empty_stratum,0,,0,0,0,0,0,0,0,0,0,0,0,0,0
TTL,l2_base_trie_t1024_16384_tl_entry_trie,sel_99,5000,1,"(10,30]",0,empty_stratum,0,,0,0,0,0,0,0,0,0,0,0,0,0,0
TTL,l2_base_trie_t1024_16384_tl_entry_trie,sel_99,5000,1,"(30,60]",0,empty_stratum,0,,0,0,0,0,0,0,0,0,0,0,0,0,0
TTL,l2_base_trie_t1024_16384_tl_entry_trie,sel_99,5000,1,"(60,80]",0,empty_stratum,0,,0,0,0,0,0,0,0,0,0,0,0,0,0
TTL,l2_base_trie_t1024_16384_tl_entry_trie,sel_99,5000,1,"(80,95]",0,empty_stratum,0,,0,0,0,0,0,0,0,0,0,0,0,0,0
TTL,l2_base_trie_t1024_16384_tl_entry_trie,sel_99,5000,1,"(95,100]",1000,complete,1000,0.9085,30,146,30,20,3,7,6,10,9,18,43,100,754
TTL,l2_base_trie_t1024_16384_tl_entry_trie,sel_99,5000,2,"(0,0.5]",0,empty_stratum,0,,0,0,0,0,0,0,0,0,0,0,0,0,0
TTL,l2_base_trie_t1024_16384_tl_entry_trie,sel_99,5000,2,"(0.5,1]",0,empty_stratum,0,,0,0,0,0,0,0,0,0,0,0,0,0,0
TTL,l2_base_trie_t1024_16384_tl_entry_trie,sel_99,5000,2,"(1,5]",0,empty_stratum,0,,0,0,0,0,0,0,0,0,0,0,0,0,0
TTL,l2_base_trie_t1024_16384_tl_entry_trie,sel_99,5000,2,"(5,10]",0,empty_stratum,0,,0,0,0,0,0,0,0,0,0,0,0,0,0
TTL,l2_base_trie_t1024_16384_tl_entry_trie,sel_99,5000,2,"(10,30]",0,empty_stratum,0,,0,0,0,0,0,0,0,0,0,0,0,0,0
TTL,l2_base_trie_t1024_16384_tl_entry_trie,sel_99,5000,2,"(30,60]",0,empty_stratum,0,,0,0,0,0,0,0,0,0,0,0,0,0,0
TTL,l2_base_trie_t1024_16384_tl_entry_trie,sel_99,5000,2,"(60,80]",0,empty_stratum,0,,0,0,0,0,0,0,0,0,0,0,0,0,0
TTL,l2_base_trie_t1024_16384_tl_entry_trie,sel_99,5000,2,"(80,95]",0,empty_stratum,0,,0,0,0,0,0,0,0,0,0,0,0,0,0
TTL,l2_base_trie_t1024_16384_tl_entry_trie,sel_99,5000,2,"(95,100]",1000,complete,1000,0.9085,30,146,30,20,3,7,6,10,9,18,43,100,754
TTT,l2_base_trie_t1024_16384_tt_entry_trie,sel_99,5000,1,"(0,0.5]",0,empty_stratum,0,,0,0,0,0,0,0,0,0,0,0,0,0,0
TTT,l2_base_trie_t1024_16384_tt_entry_trie,sel_99,5000,1,"(0.5,1]",0,empty_stratum,0,,0,0,0,0,0,0,0,0,0,0,0,0,0
TTT,l2_base_trie_t1024_16384_tt_entry_trie,sel_99,5000,1,"(1,5]",0,empty_stratum,0,,0,0,0,0,0,0,0,0,0,0,0,0,0
TTT,l2_base_trie_t1024_16384_tt_entry_trie,sel_99,5000,1,"(5,10]",0,empty_stratum,0,,0,0,0,0,0,0,0,0,0,0,0,0,0
TTT,l2_base_trie_t1024_16384_tt_entry_trie,sel_99,5000,1,"(10,30]",0,empty_stratum,0,,0,0,0,0,0,0,0,0,0,0,0,0,0
TTT,l2_base_trie_t1024_16384_tt_entry_trie,sel_99,5000,1,"(30,60]",0,empty_stratum,0,,0,0,0,0,0,0,0,0,0,0,0,0,0
TTT,l2_base_trie_t1024_16384_tt_entry_trie,sel_99,5000,1,"(60,80]",0,empty_stratum,0,,0,0,0,0,0,0,0,0,0,0,0,0,0
TTT,l2_base_trie_t1024_16384_tt_entry_trie,sel_99,5000,1,"(80,95]",0,empty_stratum,0,,0,0,0,0,0,0,0,0,0,0,0,0,0
TTT,l2_base_trie_t1024_16384_tt_entry_trie,sel_99,5000,1,"(95,100]",1000,complete,1000,0.908,31,143,31,20,2,7,8,8,11,19,37,102,755
TTT,l2_base_trie_t1024_16384_tt_entry_trie,sel_99,5000,2,"(0,0.5]",0,empty_stratum,0,,0,0,0,0,0,0,0,0,0,0,0,0,0
TTT,l2_base_trie_t1024_16384_tt_entry_trie,sel_99,5000,2,"(0.5,1]",0,empty_stratum,0,,0,0,0,0,0,0,0,0,0,0,0,0,0
TTT,l2_base_trie_t1024_16384_tt_entry_trie,sel_99,5000,2,"(1,5]",0,empty_stratum,0,,0,0,0,0,0,0,0,0,0,0,0,0,0
TTT,l2_base_trie_t1024_16384_tt_entry_trie,sel_99,5000,2,"(5,10]",0,empty_stratum,0,,0,0,0,0,0,0,0,0,0,0,0,0,0
TTT,l2_base_trie_t1024_16384_tt_entry_trie,sel_99,5000,2,"(10,30]",0,empty_stratum,0,,0,0,0,0,0,0,0,0,0,0,0,0,0
TTT,l2_base_trie_t1024_16384_tt_entry_trie,sel_99,5000,2,"(30,60]",0,empty_stratum,0,,0,0,0,0,0,0,0,0,0,0,0,0,0
TTT,l2_base_trie_t1024_16384_tt_entry_trie,sel_99,5000,2,"(60,80]",0,empty_stratum,0,,0,0,0,0,0,0,0,0,0,0,0,0,0
TTT,l2_base_trie_t1024_16384_tt_entry_trie,sel_99,5000,2,"(80,95]",0,empty_stratum,0,,0,0,0,0,0,0,0,0,0,0,0,0,0
TTT,l2_base_trie_t1024_16384_tt_entry_trie,sel_99,5000,2,"(95,100]",1000,complete,1000,0.908,31,143,31,20,2,7,8,8,11,19,37,102,755
