workload,query_dir,mean_selectivity,method,layer_count,t1,t2,lsearch,recall,batch_ms_all,batch_ms_warm,batch_ms_warm_median,batch_ms_warm_cv,batch_ms_min,batch_ms_max,recall_min,recall_max,query_total_ms_warm_median,els_ms_warm_median,entry_ms_warm_median,block_authorization_ms_warm_median,graph_ms_warm_median,residual_ms_warm_median,query_total_ms_at_batch_median,els_ms_at_batch_median,entry_ms_at_batch_median,block_authorization_ms_at_batch_median,graph_ms_at_batch_median,residual_ms_at_batch_median,stage_closure_ms_at_batch_median,closure_error_ms_max_abs,summary_path
sel_100,query_empty_full100pct,1.0,layer0_plain,0,,,250000,0.868072,336684.0,335605.5,335709.5,0.0035931879901473854,334071.0,343154.0,0.8678,0.8683,32276.7,9.480005,167.28199999999998,0.0,32098.1,1.21668,32255.1,9.39836,167.1495,0.0,32077.35,1.2085249999999998,-2.4214349999999997e-11,6.33299e-11,/home/sunyahui/worktrees/FilterVectorCode_multilevel_special/runs/high_selectivity_formal_amazon_x1/layer0_plain/sel_100/search_time_summary.csv
sel_100,query_empty_full100pct,1.0,layer0_plain,0,,,256250,0.872786,356973.0,355797.1666666667,356311.0,0.004724620349131156,353263.0,364031.0,0.8722,0.8732,34238.3,9.333395,167.7375,0.0,34059.7,1.235395,34219.100000000006,9.504249999999999,168.1335,0.0,34040.2,1.22828,-2.980231e-11,8.19564e-11,/home/sunyahui/worktrees/FilterVectorCode_multilevel_special/runs/high_selectivity_formal_amazon_x1/layer0_plain/sel_100/search_time_summary.csv
sel_100,query_empty_full100pct,1.0,layer0_plain,0,,,262500,0.876872,378487.0,377559.6666666667,377385.0,0.0068608181416835775,374822.0,384051.0,0.8766,0.8775,36245.65,9.354185000000001,168.80700000000002,0.0,36065.850000000006,1.24973,36245.65,9.260919999999999,169.31,0.0,36065.850000000006,1.24596,1.490116e-11,7.45058e-11,/home/sunyahui/worktrees/FilterVectorCode_multilevel_special/runs/high_selectivity_formal_amazon_x1/layer0_plain/sel_100/search_time_summary.csv
sel_100,query_empty_full100pct,1.0,layer0_plain,0,,,268750,0.879543,401021.0,400436.8333333333,399680.5,0.007490614097745437,397523.0,405854.0,0.8791,0.8803,38505.8,9.312435,168.661,0.0,38327.0,1.288945,38505.8,9.297730000000001,168.2955,0.0,38327.0,1.25413,7.4506e-12,8.19564e-11,/home/sunyahui/worktrees/FilterVectorCode_multilevel_special/runs/high_selectivity_formal_amazon_x1/layer0_plain/sel_100/search_time_summary.csv
sel_100,query_empty_full100pct,1.0,layer0_plain,0,,,275000,0.883614,419921.0,419063.8333333333,418325.5,0.005609192171811724,416657.0,425063.0,0.8831,0.884,40391.4,9.34373,169.336,0.0,40211.65,1.28122,40287.95,9.38369,167.9225,0.0,40109.35,1.30404,-2.980234e-11,1.11759e-10,/home/sunyahui/worktrees/FilterVectorCode_multilevel_special/runs/high_selectivity_formal_amazon_x1/layer0_plain/sel_100/search_time_summary.csv
sel_100,query_empty_full100pct,1.0,layer0_plain,0,,,300000,0.897657,519721.0,518743.6666666667,517493.0,0.014466204899619235,510972.0,529198.0,0.8972,0.8983,50023.55,9.38551,170.508,0.0,49843.15,1.3683100000000001,50023.55,9.374904999999998,169.65550000000002,0.0,49843.15,1.36213,1.490115e-11,4.47035e-11,/home/sunyahui/worktrees/FilterVectorCode_multilevel_special/runs/high_selectivity_formal_amazon_x1/layer0_plain/sel_100/search_time_summary.csv
sel_80,query_minlen1_nested_avgsel80pct,0.8002369928,layer0_plain,0,,,110000,0.863943,47764.0,47199.4,47561.8,0.02486041787741811,45470.6,51151.2,0.8637,0.8642,4486.07,12.5505,50.328050000000005,0.0,4415.665000000001,0.992135,4491.395,18.5431,50.53475,0.0,4421.175,1.137924,-7.916255e-12,1.11759e-11,/home/sunyahui/worktrees/FilterVectorCode_multilevel_special/runs/high_selectivity_formal_amazon_x1/layer0_plain/sel_80/search_time_summary.csv
sel_80,query_minlen1_nested_avgsel80pct,0.8002369928,layer0_plain,0,,,113750,0.867086,50938.5,50644.15,51112.350000000006,0.02577347268122216,48907.6,52704.6,0.8669,0.8673,4824.9349999999995,12.394400000000001,50.269149999999996,0.0,4754.835,1.0131445000000001,4827.475,12.34445,50.1879,0.0,4763.85,1.0889449999999998,-1.1641515e-11,1.39698e-11,/home/sunyahui/worktrees/FilterVectorCode_multilevel_special/runs/high_selectivity_formal_amazon_x1/layer0_plain/sel_80/search_time_summary.csv
sel_80,query_minlen1_nested_avgsel80pct,0.8002369928,layer0_plain,0,,,117500,0.869414,54206.5,53875.26666666667,54278.4,0.031103226150331863,51833.9,56194.1,0.8692,0.8698,5138.889999999999,12.3617,49.9764,0.0,5075.555,1.0426389999999999,5138.889999999999,12.3199,49.9764,0.0,5075.555,1.0426389999999999,-9.313240000000001e-12,1.11759e-11,/home/sunyahui/worktrees/FilterVectorCode_multilevel_special/runs/high_selectivity_formal_amazon_x1/layer0_plain/sel_80/search_time_summary.csv
sel_80,query_minlen1_nested_avgsel80pct,0.8002369928,layer0_plain,0,,,121250,0.872829,58006.8,57735.566666666666,58192.9,0.03287589678907935,55502.9,59702.8,0.8726,0.8732,5500.235000000001,12.40495,49.960350000000005,0.0,5430.745,1.062805,5500.235000000001,18.25225,50.12175,0.0,5430.745,1.1113300000000002,-6.51926e-12,1.30385e-11,/home/sunyahui/worktrees/FilterVectorCode_multilevel_special/runs/high_selectivity_formal_amazon_x1/layer0_plain/sel_80/search_time_summary.csv
sel_80,query_minlen1_nested_avgsel80pct,0.8002369928,layer0_plain,0,,,125000,0.875071,62238.5,61955.566666666666,62367.65,0.03857516759032349,59042.3,64434.3,0.8748,0.8753,5915.245000000001,12.35515,49.49425,0.0,5850.280000000001,1.11672,5915.245000000001,14.16675,49.63365,0.0,5850.280000000001,1.1669800000000001,-9.312999999999995e-13,1.58325e-11,/home/sunyahui/worktrees/FilterVectorCode_multilevel_special/runs/high_selectivity_formal_amazon_x1/layer0_plain/sel_80/search_time_summary.csv
sel_80,query_minlen1_nested_avgsel80pct,0.8002369928,layer0_plain,0,,,156250,0.890543,108456.0,107914.5,107966.5,0.024671171989453605,105025.0,111704.0,0.8903,0.8909,10272.05,12.12285,49.015699999999995,0.0,10209.849999999999,1.07643,10272.05,12.10655,49.0143,0.0,10209.849999999999,1.07643,3.7253e-12,1.86265e-11,/home/sunyahui/worktrees/FilterVectorCode_multilevel_special/runs/high_selectivity_formal_amazon_x1/layer0_plain/sel_80/search_time_summary.csv
sel_85,query_minlen1_nested_avgsel85pct,0.8496712723,layer0_plain,0,,,130000,0.869771,70732.1,69667.81666666667,68549.70000000001,0.03356599345783851,67945.5,77117.7,0.8694,0.8703,6521.875,13.00015,52.07385,0.0,6456.305,0.754562,6521.875,12.864899999999999,51.97,0.0,6456.305,0.735007,4.19095e-12,1.39698e-11,/home/sunyahui/worktrees/FilterVectorCode_multilevel_special/runs/high_selectivity_formal_amazon_x1/layer0_plain/sel_85/search_time_summary.csv
sel_85,query_minlen1_nested_avgsel85pct,0.8496712723,layer0_plain,0,,,131250,0.871229,72208.4,71368.41666666667,70540.05,0.03022145960323656,69861.0,77248.0,0.8708,0.8718,6703.219999999999,12.9042,52.217299999999994,0.0,6637.635,0.735581,6703.219999999999,12.87325,52.0455,0.0,6637.635,0.667206,4.6566114999999995e-12,9.31323e-12,/home/sunyahui/worktrees/FilterVectorCode_multilevel_special/runs/high_selectivity_formal_amazon_x1/layer0_plain/sel_85/search_time_summary.csv
sel_85,query_minlen1_nested_avgsel85pct,0.8496712723,layer0_plain,0,,,132500,0.871429,73455.5,72702.18333333333,71922.3,0.0317755577817313,71142.1,77975.6,0.8708,0.8718,6829.585,12.76285,51.8643,0.0,6764.225,0.704906,6826.715,12.67155,51.58795,0.0,6761.754999999999,0.6972285,-3.2596249999999995e-12,1.39698e-11,/home/sunyahui/worktrees/FilterVectorCode_multilevel_special/runs/high_selectivity_formal_amazon_x1/layer0_plain/sel_85/search_time_summary.csv
sel_85,query_minlen1_nested_avgsel85pct,0.8496712723,layer0_plain,0,,,133750,0.871843,75047.2,74316.15,73532.0,0.025351926051008566,73076.7,79433.4,0.8715,0.8721,6991.945,12.80135,51.8803,0.0,6926.525,0.714488,6985.345,12.68605,51.2415,0.0,6920.735000000001,0.677181,5.587935e-12,1.30385e-11,/home/sunyahui/worktrees/FilterVectorCode_multilevel_special/runs/high_selectivity_formal_amazon_x1/layer0_plain/sel_85/search_time_summary.csv
sel_85,query_minlen1_nested_avgsel85pct,0.8496712723,layer0_plain,0,,,135000,0.872172,77156.1,76331.31666666667,75610.3,0.0294477307756811,74600.5,82105.0,0.8719,0.8726,7180.01,12.702300000000001,51.72655,0.0,7114.745000000001,0.7217635,7203.355,12.68815,51.4763,0.0,7138.47,0.7217635,6.98492e-12,2.04891e-11,/home/sunyahui/worktrees/FilterVectorCode_multilevel_special/runs/high_selectivity_formal_amazon_x1/layer0_plain/sel_85/search_time_summary.csv
sel_85,query_minlen1_nested_avgsel85pct,0.8496712723,layer0_plain,0,,,168750,0.892514,136247.0,135304.66666666666,134682.5,0.014965996018700587,133408.0,141904.0,0.8924,0.8928,12850.400000000001,12.461200000000002,51.24035,0.0,12786.05,0.748668,12850.400000000001,12.47755,51.18355,0.0,12786.05,0.6616055000000001,0.0,1.49012e-11,/home/sunyahui/worktrees/FilterVectorCode_multilevel_special/runs/high_selectivity_formal_amazon_x1/layer0_plain/sel_85/search_time_summary.csv
sel_90,query_minlen1_nested_avgsel90pct,0.9004633639,layer0_plain,0,,,140000,0.867171,89709.8,89020.35,87204.85,0.03423263537475641,86883.6,93846.1,0.8667,0.8674,8307.89,13.6202,54.29925,0.0,8239.325,0.8643890000000001,8307.89,13.5136,54.2452,0.0,8239.325,0.8098605,-6.984935e-12,1.30385e-11,/home/sunyahui/worktrees/FilterVectorCode_multilevel_special/runs/high_selectivity_formal_amazon_x1/layer0_plain/sel_90/search_time_summary.csv
sel_90,query_minlen1_nested_avgsel90pct,0.9004633639,layer0_plain,0,,,143750,0.8691,95655.8,94824.53333333333,93310.45000000001,0.033030486628236135,92286.9,100643.0,0.8687,0.8694,8867.2,13.97245,54.6813,0.0,8797.064999999999,0.898823,8867.02,14.6342,54.773849999999996,0.0,8796.81,0.7994030000000001,8.381924999999999e-12,1.49012e-11,/home/sunyahui/worktrees/FilterVectorCode_multilevel_special/runs/high_selectivity_formal_amazon_x1/layer0_plain/sel_90/search_time_summary.csv
sel_90,query_minlen1_nested_avgsel90pct,0.9004633639,layer0_plain,0,,,147500,0.870914,102238.0,101497.33333333333,99820.95,0.029453674489807034,99213.9,106685.0,0.8707,0.8711,9558.595,14.09845,54.3733,0.0,9490.425,0.869363,9558.595,13.26415,54.15215,0.0,9490.425,0.7480875,-2.79397e-12,1.30385e-11,/home/sunyahui/worktrees/FilterVectorCode_multilevel_special/runs/high_selectivity_formal_amazon_x1/layer0_plain/sel_90/search_time_summary.csv
sel_90,query_minlen1_nested_avgsel90pct,0.9004633639,layer0_plain,0,,,151250,0.873786,109211.0,108458.0,107035.0,0.023996900159047572,106662.0,113733.0,0.8736,0.8739,10254.1,13.405000000000001,54.281099999999995,0.0,10184.95,0.8636835,10254.1,14.048300000000001,54.34505,0.0,10184.95,0.777814,2.793985e-12,2.04891e-11,/home/sunyahui/worktrees/FilterVectorCode_multilevel_special/runs/high_selectivity_formal_amazon_x1/layer0_plain/sel_90/search_time_summary.csv
sel_90,query_minlen1_nested_avgsel90pct,0.9004633639,layer0_plain,0,,,155000,0.875543,116129.0,115417.0,114092.0,0.02384296696737555,113458.0,120591.0,0.8751,0.876,10927.85,13.38345,53.7986,0.0,10860.3,0.8404845000000001,10922.1,13.352699999999999,53.981899999999996,0.0,10853.9,0.8404845000000001,8.381920000000001e-12,1.30385e-11,/home/sunyahui/worktrees/FilterVectorCode_multilevel_special/runs/high_selectivity_formal_amazon_x1/layer0_plain/sel_90/search_time_summary.csv
sel_90,query_minlen1_nested_avgsel90pct,0.9004633639,layer0_plain,0,,,193750,0.899329,199758.0,199434.0,198910.5,0.009535005415744318,197792.0,203130.0,0.8991,0.8998,19094.5,13.708649999999999,54.28465,0.0,19025.199999999997,0.8674094999999999,19086.15,13.708649999999999,54.8157,0.0,19016.55,1.0605805,7.450549999999998e-12,3.35276e-11,/home/sunyahui/worktrees/FilterVectorCode_multilevel_special/runs/high_selectivity_formal_amazon_x1/layer0_plain/sel_90/search_time_summary.csv
sel_95,query_minlen1_nested_avgsel95pct,0.9501978063,layer0_plain,0,,,145000,0.863386,102220.0,101255.83333333333,100229.35,0.025817697231288142,99542.6,108002.0,0.8632,0.8636,9602.54,14.1304,57.105999999999995,0.0,9530.66,0.927631,9602.54,14.04865,56.998149999999995,0.0,9530.66,0.8276334999999999,6.519235000000001e-12,2.23517e-11,/home/sunyahui/worktrees/FilterVectorCode_multilevel_special/runs/high_selectivity_formal_amazon_x1/layer0_plain/sel_95/search_time_summary.csv
sel_95,query_minlen1_nested_avgsel95pct,0.9501978063,layer0_plain,0,,,150000,0.866143,111842.0,111199.16666666667,110631.5,0.01819813010124366,109688.0,115704.0,0.8659,0.8664,10578.65,14.0964,56.7515,0.0,10506.8,0.9486570000000001,10578.65,14.0714,56.8762,0.0,10506.8,0.906691,7.450575e-12,1.30385e-11,/home/sunyahui/worktrees/FilterVectorCode_multilevel_special/runs/high_selectivity_formal_amazon_x1/layer0_plain/sel_95/search_time_summary.csv
sel_95,query_minlen1_nested_avgsel95pct,0.9501978063,layer0_plain,0,,,155000,0.869386,121444.0,120616.83333333333,119976.5,0.012862849091584224,119471.0,126407.0,0.8692,0.8696,11521.55,13.97455,56.49185,0.0,11450.2,0.927683,11511.8,13.95345,56.553650000000005,0.0,11440.35,0.9200005,1.5832495e-11,2.79397e-11,/home/sunyahui/worktrees/FilterVectorCode_multilevel_special/runs/high_selectivity_formal_amazon_x1/layer0_plain/sel_95/search_time_summary.csv
sel_95,query_minlen1_nested_avgsel95pct,0.9501978063,layer0_plain,0,,,160000,0.872629,131443.0,130516.83333333333,130241.5,0.00723163481879039,129529.0,137001.0,0.8724,0.8728,12545.5,14.01155,56.712900000000005,0.0,12473.9,0.9988995,12545.5,13.9322,56.67885,0.0,12473.9,0.9988995,9.313250000000002e-13,3.72529e-11,/home/sunyahui/worktrees/FilterVectorCode_multilevel_special/runs/high_selectivity_formal_amazon_x1/layer0_plain/sel_95/search_time_summary.csv
sel_95,query_minlen1_nested_avgsel95pct,0.9501978063,layer0_plain,0,,,165000,0.876057,142356.0,141513.33333333334,141533.0,0.004506316733630742,140534.0,147414.0,0.8755,0.8763,13615.150000000001,13.9636,56.775999999999996,0.0,13543.65,0.9718255,13623.75,13.9484,56.8679,0.0,13551.75,1.1840845,1.49012e-11,2.42144e-11,/home/sunyahui/worktrees/FilterVectorCode_multilevel_special/runs/high_selectivity_formal_amazon_x1/layer0_plain/sel_95/search_time_summary.csv
sel_95,query_minlen1_nested_avgsel95pct,0.9501978063,layer0_plain,0,,,206250,0.899171,239682.0,239091.66666666666,238736.5,0.005642090194171658,237906.0,243225.0,0.8987,0.8996,23015.800000000003,14.12145,57.6239,0.0,22943.45,0.9939914999999999,23029.0,14.20215,57.7307,0.0,22956.05,1.0424665,1.11759e-11,5.21541e-11,/home/sunyahui/worktrees/FilterVectorCode_multilevel_special/runs/high_selectivity_formal_amazon_x1/layer0_plain/sel_95/search_time_summary.csv
sel_967,query_minlen1_label1_sel967pct,0.9670165142,layer0_plain,0,,,150000,0.863614,113042.0,112117.0,111759.5,0.01002986034443596,111080.0,118591.0,0.8635,0.8637,10730.650000000001,14.495650000000001,58.2663,0.0,10656.95,0.931165,10734.85,14.5479,58.36875,0.0,10660.95,0.9262925,-9.31323e-12,1.86265e-11,/home/sunyahui/worktrees/FilterVectorCode_multilevel_special/runs/high_selectivity_formal_amazon_x1/layer0_plain/sel_967/search_time_summary.csv
sel_967,query_minlen1_label1_sel967pct,0.9670165142,layer0_plain,0,,,156250,0.867629,125592.0,124210.33333333333,124104.0,0.0091423442674332,122961.0,133879.0,0.8674,0.8681,11888.4,14.31935,58.0663,0.0,11815.099999999999,0.922516,11888.4,14.28355,58.05985,0.0,11815.099999999999,0.9151389999999999,1.6763805e-11,3.72529e-11,/home/sunyahui/worktrees/FilterVectorCode_multilevel_special/runs/high_selectivity_formal_amazon_x1/layer0_plain/sel_967/search_time_summary.csv
sel_967,query_minlen1_label1_sel967pct,0.9670165142,layer0_plain,0,,,162500,0.872457,138984.0,138149.5,138067.0,0.0027337475532253925,137701.0,143992.0,0.8722,0.8726,13255.05,14.2258,57.70685,0.0,13182.15,0.9528955,13236.349999999999,14.277149999999999,57.4867,0.0,13163.599999999999,1.0199555,0.0,9.31323e-12,/home/sunyahui/worktrees/FilterVectorCode_multilevel_special/runs/high_selectivity_formal_amazon_x1/layer0_plain/sel_967/search_time_summary.csv
sel_967,query_minlen1_label1_sel967pct,0.9670165142,layer0_plain,0,,,168750,0.877114,153872.0,153083.66666666666,153321.5,0.004613220155908222,151662.0,158606.0,0.877,0.8773,14729.3,14.1862,57.4047,0.0,14656.4,0.9344475,14732.35,14.282499999999999,57.784,0.0,14659.3,0.9986915000000001,4.6566099999999995e-12,4.47035e-11,/home/sunyahui/worktrees/FilterVectorCode_multilevel_special/runs/high_selectivity_formal_amazon_x1/layer0_plain/sel_967/search_time_summary.csv
sel_967,query_minlen1_label1_sel967pct,0.9670165142,layer0_plain,0,,,175000,0.880286,167761.0,166929.0,166892.5,0.0026962706875616116,166435.0,172754.0,0.8799,0.8806,16043.599999999999,14.1494,57.07615,0.0,15971.400000000001,1.0173625,16057.7,14.1156,57.36995,0.0,15985.150000000001,1.0603349999999998,3.72531e-12,3.1665e-11,/home/sunyahui/worktrees/FilterVectorCode_multilevel_special/runs/high_selectivity_formal_amazon_x1/layer0_plain/sel_967/search_time_summary.csv
sel_967,query_minlen1_label1_sel967pct,0.9670165142,layer0_plain,0,,,218750,0.902729,276091.0,275643.3333333333,275519.0,0.008674576190293272,271692.0,278778.0,0.9025,0.9032,26596.25,14.481449999999999,59.286500000000004,0.0,26521.05,1.016575,26571.25,14.45035,59.380700000000004,0.0,26496.35,1.043425,-2.98023e-11,7.07805e-11,/home/sunyahui/worktrees/FilterVectorCode_multilevel_special/runs/high_selectivity_formal_amazon_x1/layer0_plain/sel_967/search_time_summary.csv
sel_100,query_empty_full100pct,1.0,layer1_t1_128000,1,128000,,100,0.8685,435.872,420.1453333333333,421.72349999999994,0.014111565251012672,410.294,530.233,0.8685,0.8685,40.30525,9.908954999999999,26.780549999999998,0.00322598,3.4749499999999998,0.04816595,40.30525,9.935345,26.780549999999998,0.00322317,3.54271,0.0434635,-1.818988e-14,4.36557e-14,/home/sunyahui/worktrees/FilterVectorCode_multilevel_special/runs/high_selectivity_formal_amazon_x1/layer1_t1_128000/sel_100/search_time_summary.csv
sel_100,query_empty_full100pct,1.0,layer1_t1_128000,1,128000,,125,0.8729,433.464,435.4295,438.012,0.019851817360612194,421.671,443.563,0.8729,0.8729,42.0133,10.026185,27.8575,0.00332614,4.189945,0.0555893,42.3779,9.951295,28.15035,0.0033767800000000002,4.21288,0.060031100000000004,-2.5465849999999997e-14,7.27596e-14,/home/sunyahui/worktrees/FilterVectorCode_multilevel_special/runs/high_selectivity_formal_amazon_x1/layer1_t1_128000/sel_100/search_time_summary.csv
sel_100,query_empty_full100pct,1.0,layer1_t1_128000,1,128000,,150,0.8792,446.507,448.03433333333334,449.3805,0.008534933721345176,437.345,450.648,0.8792,0.8792,43.0274,9.86721,28.300649999999997,0.00339437,4.7956900000000005,0.05739105,43.0452,9.813749999999999,28.357799999999997,0.003481175,4.82536,0.04477265,2.546585e-14,6.54836e-14,/home/sunyahui/worktrees/FilterVectorCode_multilevel_special/runs/high_selectivity_formal_amazon_x1/layer1_t1_128000/sel_100/search_time_summary.csv
sel_100,query_empty_full100pct,1.0,layer1_t1_128000,1,128000,,175,0.8826,461.965,461.71316666666667,461.238,0.011170386689687152,455.67,469.834,0.8826,0.8826,44.2268,9.891575,28.7847,0.0035028150000000003,5.529085,0.05363095,44.2268,9.88063,28.7847,0.0035948,5.49907,0.058766650000000004,-2.91038e-14,8.00355e-14,/home/sunyahui/worktrees/FilterVectorCode_multilevel_special/runs/high_selectivity_formal_amazon_x1/layer1_t1_128000/sel_100/search_time_summary.csv
sel_100,query_empty_full100pct,1.0,layer1_t1_128000,1,128000,,200,0.8845,466.286,469.04333333333335,467.3505,0.014124122788069654,449.738,478.265,0.8845,0.8845,44.831450000000004,9.826509999999999,28.82745,0.0036254449999999997,6.03254,0.05825695,44.8192,9.77844,28.94585,0.003613265,6.03254,0.058714,-2.18279e-14,9.45874e-14,/home/sunyahui/worktrees/FilterVectorCode_multilevel_special/runs/high_selectivity_formal_amazon_x1/layer1_t1_128000/sel_100/search_time_summary.csv
sel_100,query_empty_full100pct,1.0,layer1_t1_128000,1,128000,,400,0.9035,547.264,547.3648333333333,547.0015000000001,0.008714962111671738,539.423,553.349,0.9035,0.9035,52.75205,9.87456,31.14005,0.0040620299999999995,11.5428,0.0666149,52.71365,9.860955,31.267699999999998,0.00410477,11.514050000000001,0.06689400000000001,-8.003550000000001e-14,9.45874e-14,/home/sunyahui/worktrees/FilterVectorCode_multilevel_special/runs/high_selectivity_formal_amazon_x1/layer1_t1_128000/sel_100/search_time_summary.csv
sel_80,query_minlen1_nested_avgsel80pct,0.8002369928,layer1_t1_128000,1,128000,,500,0.8646,1213.22,367.4885,367.762,0.012421475387259408,360.944,6287.63,0.8646,0.8646,34.9095,12.1748,12.5767,0.003773705,10.097750000000001,0.07055159999999999,34.9095,12.1684,12.625,0.0037567649999999996,10.048079999999999,0.06422855,3.6379800000000003e-14,5.09317e-14,/home/sunyahui/worktrees/FilterVectorCode_multilevel_special/runs/high_selectivity_formal_amazon_x1/layer1_t1_128000/sel_80/search_time_summary.csv
sel_80,query_minlen1_nested_avgsel80pct,0.8002369928,layer1_t1_128000,1,128000,,562,0.8695,410.004,410.32283333333334,384.6255,0.15749453122596163,381.01,542.166,0.8695,0.8695,36.35315,12.4161,12.47565,0.003799165,11.4043,0.06690415,36.2179,12.313,12.47245,0.00381185,11.36085,0.06782315,3.6379999999999996e-15,5.09317e-14,/home/sunyahui/worktrees/FilterVectorCode_multilevel_special/runs/high_selectivity_formal_amazon_x1/layer1_t1_128000/sel_80/search_time_summary.csv
sel_80,query_minlen1_nested_avgsel80pct,0.8002369928,layer1_t1_128000,1,128000,,625,0.8701,407.923,405.03766666666667,404.6335,0.00855793651971423,401.023,425.236,0.8701,0.8701,38.23775,12.3743,13.0759,0.00389925,12.78265,0.07769665,38.23775,12.2532,13.09295,0.003987945,12.819500000000001,0.06805934999999999,-3.27418e-14,6.54836e-14,/home/sunyahui/worktrees/FilterVectorCode_multilevel_special/runs/high_selectivity_formal_amazon_x1/layer1_t1_128000/sel_80/search_time_summary.csv
sel_80,query_minlen1_nested_avgsel80pct,0.8002369928,layer1_t1_128000,1,128000,,688,0.8735,422.985,421.5541666666667,421.7825,0.014394144794716636,411.609,431.572,0.8735,0.8735,39.83435,12.318950000000001,13.277650000000001,0.003932425,14.2401,0.07308205000000001,40.02235,12.15345,13.43445,0.00391031,14.3551,0.07543285,-1.81899e-14,7.27596e-14,/home/sunyahui/worktrees/FilterVectorCode_multilevel_special/runs/high_selectivity_formal_amazon_x1/layer1_t1_128000/sel_80/search_time_summary.csv
sel_80,query_minlen1_nested_avgsel80pct,0.8002369928,layer1_t1_128000,1,128000,,750,0.8796,439.038,437.35900000000004,436.81100000000004,0.009268718979585555,432.165,449.11,0.8796,0.8796,41.290099999999995,12.2492,13.4011,0.004060735,15.47295,0.0708368,41.13365,12.3026,13.4011,0.004069635,15.355049999999999,0.0708368,-2.91038e-14,5.82077e-14,/home/sunyahui/worktrees/FilterVectorCode_multilevel_special/runs/high_selectivity_formal_amazon_x1/layer1_t1_128000/sel_80/search_time_summary.csv
sel_80,query_minlen1_nested_avgsel80pct,0.8002369928,layer1_t1_128000,1,128000,,1000,0.8835,505.185,503.7543333333333,502.61,0.011481787408342591,497.571,513.77,0.8835,0.8835,47.561,12.4238,13.78665,0.004236335,21.21255,0.0783639,47.561,12.390699999999999,13.78665,0.00420736,21.3046,0.07489165,5.456948e-14,1.01863e-13,/home/sunyahui/worktrees/FilterVectorCode_multilevel_special/runs/high_selectivity_formal_amazon_x1/layer1_t1_128000/sel_80/search_time_summary.csv
sel_85,query_minlen1_nested_avgsel85pct,0.8496712723,layer1_t1_128000,1,128000,,250,0.8593,911.965,344.13366666666667,345.846,0.010953005067518744,338.289,4318.95,0.8593,0.8593,32.717349999999996,13.0261,13.4675,0.00361633,6.08408,0.04753755,32.72565,13.0154,13.5192,0.003608485,6.139885,0.04753755,5.457e-15,2.18279e-14,/home/sunyahui/worktrees/FilterVectorCode_multilevel_special/runs/high_selectivity_formal_amazon_x1/layer1_t1_128000/sel_85/search_time_summary.csv
sel_85,query_minlen1_nested_avgsel85pct,0.8496712723,layer1_t1_128000,1,128000,,312,0.871,368.003,366.523,365.249,0.009564196583931477,362.45,376.88,0.871,0.871,34.8592,13.238399999999999,14.01515,0.003696925,7.50277,0.0528111,34.8592,13.238399999999999,14.0634,0.00370733,7.4872250000000005,0.06646105,-1.45519e-14,6.54836e-14,/home/sunyahui/worktrees/FilterVectorCode_multilevel_special/runs/high_selectivity_formal_amazon_x1/layer1_t1_128000/sel_85/search_time_summary.csv
sel_85,query_minlen1_nested_avgsel85pct,0.8496712723,layer1_t1_128000,1,128000,,375,0.8773,386.665,386.88283333333334,387.28650000000005,0.006424485927837053,382.356,389.225,0.8773,0.8773,36.859049999999996,13.26885,14.491399999999999,0.00381248,8.997595,0.06645435,36.62435,13.224,14.30395,0.00389032,9.026029999999999,0.06645435,-3.27418e-14,6.54836e-14,/home/sunyahui/worktrees/FilterVectorCode_multilevel_special/runs/high_selectivity_formal_amazon_x1/layer1_t1_128000/sel_85/search_time_summary.csv
sel_85,query_minlen1_nested_avgsel85pct,0.8496712723,layer1_t1_128000,1,128000,,438,0.8805,407.645,405.8068333333333,405.544,0.005403392684020167,403.099,418.673,0.8805,0.8805,38.32525,13.1475,14.81305,0.0039391800000000005,10.35895,0.0652633,38.31705,13.1943,14.69555,0.00400832,10.356100000000001,0.06705195,-4.3655749999999996e-14,6.54836e-14,/home/sunyahui/worktrees/FilterVectorCode_multilevel_special/runs/high_selectivity_formal_amazon_x1/layer1_t1_128000/sel_85/search_time_summary.csv
sel_85,query_minlen1_nested_avgsel85pct,0.8496712723,layer1_t1_128000,1,128000,,500,0.8847,430.075,427.71433333333334,424.82500000000005,0.017549825331598944,424.246,444.236,0.8847,0.8847,40.44665,13.25175,15.1797,0.00404653,11.9575,0.056188550000000004,40.455799999999996,13.34085,15.0982,0.0039938149999999995,11.9575,0.05521265,-2.91038e-14,1.09139e-13,/home/sunyahui/worktrees/FilterVectorCode_multilevel_special/runs/high_selectivity_formal_amazon_x1/layer1_t1_128000/sel_85/search_time_summary.csv
sel_85,query_minlen1_nested_avgsel85pct,0.8496712723,layer1_t1_128000,1,128000,,750,0.8981,509.134,506.64583333333337,508.737,0.014076410481274892,496.688,524.061,0.8981,0.8981,48.39815,13.457049999999999,16.26395,0.00440342,18.24555,0.06965705,48.39815,13.57775,16.36485,0.00440342,18.387999999999998,0.06310525,1.455192e-14,3.63798e-14,/home/sunyahui/worktrees/FilterVectorCode_multilevel_special/runs/high_selectivity_formal_amazon_x1/layer1_t1_128000/sel_85/search_time_summary.csv
sel_90,query_minlen1_nested_avgsel90pct,0.9004633639,layer1_t1_128000,1,128000,,125,0.854,774.248,302.38233333333335,301.685,0.01927822834362492,293.497,3605.44,0.854,0.854,28.7793,13.8714,11.1967,0.00324122,3.24678,0.045023099999999996,28.78895,13.6912,11.794799999999999,0.003292875,3.2572099999999997,0.04252435,5.45695e-15,4.36557e-14,/home/sunyahui/worktrees/FilterVectorCode_multilevel_special/runs/high_selectivity_formal_boundary_extension_amazon_x1/layer1_t1_128000/sel_90/search_time_summary.csv
sel_90,query_minlen1_nested_avgsel90pct,0.9004633639,layer1_t1_128000,1,128000,,156,0.8629,320.603,316.7198333333333,314.7425,0.015854080458084344,313.188,343.9,0.8629,0.8629,29.89515,13.92625,11.74385,0.0033285149999999998,3.975565,0.05405065,29.89515,13.773499999999999,12.12295,0.003394335,3.93606,0.05922675,3.45608e-14,4.36557e-14,/home/sunyahui/worktrees/FilterVectorCode_multilevel_special/runs/high_selectivity_formal_boundary_extension_amazon_x1/layer1_t1_128000/sel_90/search_time_summary.csv
sel_90,query_minlen1_nested_avgsel90pct,0.9004633639,layer1_t1_128000,1,128000,,188,0.8678,359.752,360.0995,328.94000000000005,0.20764095053112352,323.622,512.079,0.8678,0.8678,31.1684,14.322600000000001,12.35655,0.0034402699999999996,4.629519999999999,0.051752049999999994,31.1684,14.2787,12.218900000000001,0.0033195,4.613569999999999,0.053927699999999995,2.72848e-14,8.73115e-14,/home/sunyahui/worktrees/FilterVectorCode_multilevel_special/runs/high_selectivity_formal_boundary_extension_amazon_x1/layer1_t1_128000/sel_90/search_time_summary.csv
sel_90,query_minlen1_nested_avgsel90pct,0.9004633639,layer1_t1_128000,1,128000,,219,0.8746,340.678,336.5878333333333,335.249,0.01343874863686687,330.632,365.217,0.8746,0.8746,31.8294,13.847999999999999,12.583400000000001,0.003515335,5.34791,0.04984845,31.8294,14.267800000000001,12.196750000000002,0.00344888,5.309435000000001,0.051983049999999996,2.7284850000000002e-14,3.63798e-14,/home/sunyahui/worktrees/FilterVectorCode_multilevel_special/runs/high_selectivity_formal_boundary_extension_amazon_x1/layer1_t1_128000/sel_90/search_time_summary.csv
sel_90,query_minlen1_nested_avgsel90pct,0.9004633639,layer1_t1_128000,1,128000,,250,0.8798,702.467,357.152,356.3105,0.016348809906817762,350.086,2774.36,0.8798,0.8798,33.7276,13.42695,13.727599999999999,0.003697275,6.39827,0.058205999999999994,33.80435,13.4102,13.98885,0.00369548,6.33644,0.0651941,-1.4551899999999997e-14,1.09139e-13,/home/sunyahui/worktrees/FilterVectorCode_multilevel_special/runs/high_selectivity_formal_amazon_x1/layer1_t1_128000/sel_90/search_time_summary.csv
sel_90,query_minlen1_nested_avgsel90pct,0.9004633639,layer1_t1_128000,1,128000,,312,0.8924,378.555,377.2395,376.9475,0.013049886268911143,372.21,386.448,0.8924,0.8924,35.67785,13.5966,14.28655,0.003791575,7.805194999999999,0.05969845,35.7802,13.562100000000001,14.4067,0.00386176,7.74979,0.057730699999999996,-2.5465829999999998e-14,4.36557e-14,/home/sunyahui/worktrees/FilterVectorCode_multilevel_special/runs/high_selectivity_formal_amazon_x1/layer1_t1_128000/sel_90/search_time_summary.csv
sel_90,query_minlen1_nested_avgsel90pct,0.9004633639,layer1_t1_128000,1,128000,,375,0.8985,401.368,398.7393333333333,397.149,0.010922695640527813,394.88,417.137,0.8985,0.8985,37.90065,13.699300000000001,14.8691,0.003936469999999999,9.305565,0.0504032,37.891400000000004,13.564350000000001,14.91775,0.003949495,9.348345,0.056923,-1.45519e-14,8.73115e-14,/home/sunyahui/worktrees/FilterVectorCode_multilevel_special/runs/high_selectivity_formal_amazon_x1/layer1_t1_128000/sel_90/search_time_summary.csv
sel_90,query_minlen1_nested_avgsel90pct,0.9004633639,layer1_t1_128000,1,128000,,438,0.9008,420.06,418.4798333333333,418.0005,0.011307965076384765,412.398,429.542,0.9008,0.9008,39.700199999999995,13.626149999999999,15.079699999999999,0.00405803,10.8067,0.05801855,39.7217,13.6045,15.1618,0.00402006,10.868400000000001,0.0830397,-2.546585e-14,5.09317e-14,/home/sunyahui/worktrees/FilterVectorCode_multilevel_special/runs/high_selectivity_formal_amazon_x1/layer1_t1_128000/sel_90/search_time_summary.csv
sel_90,query_minlen1_nested_avgsel90pct,0.9004633639,layer1_t1_128000,1,128000,,500,0.905,439.52,438.9841666666667,438.9845,0.0076003777634285575,433.856,443.28,0.905,0.905,41.92285,13.56165,15.68905,0.004184445,12.48265,0.06253015,41.8056,13.722249999999999,15.6863,0.00424946,12.332799999999999,0.059997350000000005,7.275949999999999e-15,7.27596e-14,/home/sunyahui/worktrees/FilterVectorCode_multilevel_special/runs/high_selectivity_formal_amazon_x1/layer1_t1_128000/sel_90/search_time_summary.csv
sel_90,query_minlen1_nested_avgsel90pct,0.9004633639,layer1_t1_128000,1,128000,,750,0.9171,522.774,520.2361666666667,517.781,0.011299862974871911,515.305,538.002,0.9171,0.9171,49.52745,13.60295,17.00405,0.004621725,18.85595,0.06912435,49.52745,13.63735,16.9663,0.00463929,18.85595,0.0631692,1.45519e-14,5.09317e-14,/home/sunyahui/worktrees/FilterVectorCode_multilevel_special/runs/high_selectivity_formal_amazon_x1/layer1_t1_128000/sel_90/search_time_summary.csv
sel_95,query_minlen1_nested_avgsel95pct,0.9501978063,layer1_t1_128000,1,128000,,10,0.5223,438.084,267.4171666666667,267.3695,0.02613095405118345,259.131,1462.08,0.5223,0.5223,25.40115,14.2683,10.251185,0.0029031350000000003,0.480448,0.04940325,25.41865,14.58705,10.29853,0.002735045,0.480896,0.049470349999999996,-9.09495e-15,4.72937e-14,/home/sunyahui/worktrees/FilterVectorCode_multilevel_special/runs/high_selectivity_formal_boundary_extension_amazon_x1/layer1_t1_128000/sel_95/search_time_summary.csv
sel_95,query_minlen1_nested_avgsel95pct,0.9501978063,layer1_t1_128000,1,128000,,25,0.7352,276.877,275.40383333333335,273.716,0.020150838355567486,269.563,285.718,0.7352,0.7352,25.9696,13.972249999999999,10.83295,0.003024765,1.12024,0.05354375,26.0612,13.906199999999998,10.9567,0.00315845,1.1330149999999999,0.06214735,9.094950000000001e-15,2.91038e-14,/home/sunyahui/worktrees/FilterVectorCode_multilevel_special/runs/high_selectivity_formal_boundary_extension_amazon_x1/layer1_t1_128000/sel_95/search_time_summary.csv
sel_95,query_minlen1_nested_avgsel95pct,0.9501978063,layer1_t1_128000,1,128000,,50,0.828,287.837,286.1445,287.571,0.020883658181734353,276.336,297.988,0.828,0.828,27.070700000000002,14.0678,11.3064,0.0030567650000000003,1.841495,0.0481485,27.322000000000003,14.0588,11.33255,0.003110405,1.871405,0.056150950000000005,-1.455192e-14,3.63798e-14,/home/sunyahui/worktrees/FilterVectorCode_multilevel_special/runs/high_selectivity_formal_boundary_extension_amazon_x1/layer1_t1_128000/sel_95/search_time_summary.csv
sel_95,query_minlen1_nested_avgsel95pct,0.9501978063,layer1_t1_128000,1,128000,,75,0.8558,299.702,299.68016666666665,299.2605,0.019201967307563822,291.323,309.144,0.8558,0.8558,28.5098,14.22455,11.90305,0.0032109449999999998,2.432265,0.0499863,28.37975,14.585,11.3718,0.003145345,2.3653649999999997,0.054492,1.637093e-14,2.54659e-14,/home/sunyahui/worktrees/FilterVectorCode_multilevel_special/runs/high_selectivity_formal_boundary_extension_amazon_x1/layer1_t1_128000/sel_95/search_time_summary.csv
sel_95,query_minlen1_nested_avgsel95pct,0.9501978063,layer1_t1_128000,1,128000,,100,0.8696,308.139,306.2658333333334,306.6625,0.014176872985150923,299.357,319.38,0.8696,0.8696,29.082,14.0578,11.636099999999999,0.00320899,2.94179,0.050657499999999994,29.1797,14.1479,12.03505,0.00327385,2.94035,0.0531175,1.091395e-14,8.36735e-14,/home/sunyahui/worktrees/FilterVectorCode_multilevel_special/runs/high_selectivity_formal_boundary_extension_amazon_x1/layer1_t1_128000/sel_95/search_time_summary.csv
sel_95,query_minlen1_nested_avgsel95pct,0.9501978063,layer1_t1_128000,1,128000,,125,0.874,319.176,317.84883333333335,318.2795,0.011091647974829942,311.379,327.138,0.874,0.874,30.23375,14.129750000000001,12.37565,0.003358565,3.492745,0.05107475,30.19485,14.100100000000001,12.5484,0.003306845,3.492745,0.05031095,-3.45608e-14,5.82077e-14,/home/sunyahui/worktrees/FilterVectorCode_multilevel_special/runs/high_selectivity_formal_boundary_extension_amazon_x1/layer1_t1_128000/sel_95/search_time_summary.csv
sel_95,query_minlen1_nested_avgsel95pct,0.9501978063,layer1_t1_128000,1,128000,,156,0.8822,359.078,362.401,331.1055,0.2187436902536241,319.59,523.61,0.8822,0.8822,31.34355,14.46785,12.60365,0.0034883049999999997,4.144164999999999,0.04962455,31.34355,14.6229,12.561350000000001,0.00338929,4.10627,0.04962455,-3.45608e-14,1.30967e-13,/home/sunyahui/worktrees/FilterVectorCode_multilevel_special/runs/high_selectivity_formal_boundary_extension_amazon_x1/layer1_t1_128000/sel_95/search_time_summary.csv
sel_95,query_minlen1_nested_avgsel95pct,0.9501978063,layer1_t1_128000,1,128000,,188,0.8857,344.262,343.0423333333333,344.2835,0.015115014722751298,335.375,351.58,0.8857,0.8857,32.7232,14.4698,13.049150000000001,0.0034919,4.84587,0.044594850000000005,32.7458,14.81005,13.05235,0.003458755,4.84587,0.0340226,-1.8189699999999997e-15,5.45697e-14,/home/sunyahui/worktrees/FilterVectorCode_multilevel_special/runs/high_selectivity_formal_boundary_extension_amazon_x1/layer1_t1_128000/sel_95/search_time_summary.csv
sel_95,query_minlen1_nested_avgsel95pct,0.9501978063,layer1_t1_128000,1,128000,,219,0.8935,351.076,347.908,348.299,0.003426801700917368,346.156,370.086,0.8935,0.8935,33.169,14.37955,13.2269,0.00356962,5.49039,0.0460719,33.249449999999996,14.440349999999999,13.2986,0.003638225,5.46416,0.0426885,1.0913949999999998e-14,3.63798e-14,/home/sunyahui/worktrees/FilterVectorCode_multilevel_special/runs/high_selectivity_formal_boundary_extension_amazon_x1/layer1_t1_128000/sel_95/search_time_summary.csv
sel_95,query_minlen1_nested_avgsel95pct,0.9501978063,layer1_t1_128000,1,128000,,250,0.8983,472.072,372.999,373.00149999999996,0.004768340947256429,370.607,1066.51,0.8983,0.8983,35.4133,14.71575,14.00395,0.0034711,6.633335,0.07087194999999999,35.45735,14.88455,13.766950000000001,0.0034429350000000003,6.716225,0.0861932,-3.63798e-15,5.82077e-14,/home/sunyahui/worktrees/FilterVectorCode_multilevel_special/runs/high_selectivity_formal_amazon_x1/layer1_t1_128000/sel_95/search_time_summary.csv
sel_95,query_minlen1_nested_avgsel95pct,0.9501978063,layer1_t1_128000,1,128000,,312,0.9109,401.402,395.2393333333333,395.269,0.0052875109575938545,392.387,438.381,0.9109,0.9109,37.56735,14.90475,14.5427,0.003607405,8.112110000000001,0.061756950000000005,37.60575,14.7607,14.6689,0.00362908,8.112110000000001,0.060358350000000005,1.4551899999999997e-14,4.36557e-14,/home/sunyahui/worktrees/FilterVectorCode_multilevel_special/runs/high_selectivity_formal_amazon_x1/layer1_t1_128000/sel_95/search_time_summary.csv
sel_95,query_minlen1_nested_avgsel95pct,0.9501978063,layer1_t1_128000,1,128000,,375,0.9165,415.451,414.40366666666665,415.302,0.009993553626926808,409.376,421.734,0.9165,0.9165,39.741550000000004,15.0264,14.843599999999999,0.0036706,9.688925000000001,0.05730885,39.741550000000004,15.149000000000001,14.843599999999999,0.003710275,9.688925000000001,0.05637885,-3.6379769999999996e-14,9.45874e-14,/home/sunyahui/worktrees/FilterVectorCode_multilevel_special/runs/high_selectivity_formal_amazon_x1/layer1_t1_128000/sel_95/search_time_summary.csv
sel_95,query_minlen1_nested_avgsel95pct,0.9501978063,layer1_t1_128000,1,128000,,438,0.9183,441.608,442.25966666666665,442.927,0.00951106611394062,434.83,446.45,0.9183,0.9183,42.256299999999996,15.14725,15.64885,0.0037279799999999997,11.36985,0.05762185,42.19625,15.11105,15.733450000000001,0.00377278,11.287099999999999,0.060844550000000004,-2.5465869999999997e-14,5.82077e-14,/home/sunyahui/worktrees/FilterVectorCode_multilevel_special/runs/high_selectivity_formal_amazon_x1/layer1_t1_128000/sel_95/search_time_summary.csv
sel_95,query_minlen1_nested_avgsel95pct,0.9501978063,layer1_t1_128000,1,128000,,500,0.921,466.299,465.40166666666664,464.35900000000004,0.013474431146521743,458.914,474.278,0.921,0.921,44.17885,15.23325,15.9346,0.00385914,12.97755,0.0687493,44.17885,15.267900000000001,15.794149999999998,0.003848565,13.0442,0.0687493,4.3655749999999996e-14,5.09317e-14,/home/sunyahui/worktrees/FilterVectorCode_multilevel_special/runs/high_selectivity_formal_amazon_x1/layer1_t1_128000/sel_95/search_time_summary.csv
sel_95,query_minlen1_nested_avgsel95pct,0.9501978063,layer1_t1_128000,1,128000,,750,0.9311,555.627,554.5811666666666,552.3,0.010225535547045944,548.247,563.279,0.9311,0.9311,52.6485,15.51435,17.166,0.00407666,19.9302,0.07589835,52.56529999999999,15.46455,17.1188,0.004036575000000001,19.8904,0.08746799999999999,4.7293699999999996e-14,9.45874e-14,/home/sunyahui/worktrees/FilterVectorCode_multilevel_special/runs/high_selectivity_formal_amazon_x1/layer1_t1_128000/sel_95/search_time_summary.csv
sel_967,query_minlen1_label1_sel967pct,0.9670165142,layer1_t1_128000,1,128000,,10,0.5268,335.739,278.41949999999997,281.7655,0.040753670382035576,262.171,679.655,0.5268,0.5268,26.54105,14.5591,11.413599999999999,0.002722805,0.48376399999999997,0.04713505,26.71765,14.726949999999999,11.46105,0.002737525,0.4800265,0.0468562,5.456965e-14,8.00355e-14,/home/sunyahui/worktrees/FilterVectorCode_multilevel_special/runs/high_selectivity_formal_boundary_extension_amazon_x1/layer1_t1_128000/sel_967/search_time_summary.csv
sel_967,query_minlen1_label1_sel967pct,0.9670165142,layer1_t1_128000,1,128000,,25,0.7439,287.572,284.40999999999997,281.5815,0.0458513395485016,270.575,306.547,0.7439,0.7439,26.63165,14.42365,10.94575,0.00284961,1.181385,0.05174455,26.63165,14.449950000000001,10.94575,0.002837465,1.181395,0.05174455,1.63709e-14,4.00178e-14,/home/sunyahui/worktrees/FilterVectorCode_multilevel_special/runs/high_selectivity_formal_boundary_extension_amazon_x1/layer1_t1_128000/sel_967/search_time_summary.csv
sel_967,query_minlen1_label1_sel967pct,0.9670165142,layer1_t1_128000,1,128000,,50,0.8362,296.258,293.603,289.4175,0.033965982865551574,284.111,312.186,0.8362,0.8362,27.79755,14.2377,11.65075,0.00295132,1.941875,0.04946585,27.3741,14.444199999999999,11.00085,0.0028516699999999997,1.872265,0.05394685,1.63709e-14,6.54836e-14,/home/sunyahui/worktrees/FilterVectorCode_multilevel_special/runs/high_selectivity_formal_boundary_extension_amazon_x1/layer1_t1_128000/sel_967/search_time_summary.csv
sel_967,query_minlen1_label1_sel967pct,0.9670165142,layer1_t1_128000,1,128000,,75,0.863,303.703,302.60633333333334,301.1305,0.022590154054577427,293.258,311.585,0.863,0.863,28.67295,14.18815,12.06775,0.00307408,2.550085,0.04913365,28.42535,14.5489,11.37865,0.00299103,2.451005,0.0437658,2.54659e-14,2.54659e-14,/home/sunyahui/worktrees/FilterVectorCode_multilevel_special/runs/high_selectivity_formal_boundary_extension_amazon_x1/layer1_t1_128000/sel_967/search_time_summary.csv
sel_967,query_minlen1_label1_sel967pct,0.9670165142,layer1_t1_128000,1,128000,,100,0.8767,316.392,316.221,315.044,0.008747007373408083,313.858,320.727,0.8767,0.8767,29.9311,14.5243,12.3442,0.0031917350000000002,3.07762,0.039490399999999995,29.9311,14.6344,12.17495,0.003095885,3.07865,0.039977799999999994,2.1827879999999997e-14,1.01863e-13,/home/sunyahui/worktrees/FilterVectorCode_multilevel_special/runs/high_selectivity_formal_boundary_extension_amazon_x1/layer1_t1_128000/sel_967/search_time_summary.csv
sel_967,query_minlen1_label1_sel967pct,0.9670165142,layer1_t1_128000,1,128000,,125,0.8809,328.08,328.23283333333336,328.4035,0.021929234543776932,319.08,336.749,0.8809,0.8809,31.0419,14.5811,12.8173,0.0032921749999999996,3.6717,0.05729765,31.0765,14.506599999999999,12.8173,0.00333944,3.6929,0.056358149999999996,-2.9103799999999995e-14,8.73115e-14,/home/sunyahui/worktrees/FilterVectorCode_multilevel_special/runs/high_selectivity_formal_boundary_extension_amazon_x1/layer1_t1_128000/sel_967/search_time_summary.csv
sel_967,query_minlen1_label1_sel967pct,0.9670165142,layer1_t1_128000,1,128000,,156,0.8889,338.879,338.131,338.131,0.00697341308699829,334.192,343.367,0.8889,0.8889,32.223600000000005,14.6161,13.1127,0.00331094,4.29214,0.0562094,32.299099999999996,14.6493,13.35905,0.00331094,4.242595,0.04485955,1.091395e-14,7.27596e-14,/home/sunyahui/worktrees/FilterVectorCode_multilevel_special/runs/high_selectivity_formal_boundary_extension_amazon_x1/layer1_t1_128000/sel_967/search_time_summary.csv
sel_967,query_minlen1_label1_sel967pct,0.9670165142,layer1_t1_128000,1,128000,,188,0.8921,350.807,350.4696666666667,351.4115,0.011257240176094948,345.522,354.29,0.8921,0.8921,33.420249999999996,14.85845,13.46815,0.0033582300000000002,4.994175,0.0524743,33.5182,14.889299999999999,13.56475,0.0033369899999999997,5.006965,0.05382935,-2.18279e-14,5.09317e-14,/home/sunyahui/worktrees/FilterVectorCode_multilevel_special/runs/high_selectivity_formal_boundary_extension_amazon_x1/layer1_t1_128000/sel_967/search_time_summary.csv
sel_967,query_minlen1_label1_sel967pct,0.9670165142,layer1_t1_128000,1,128000,,219,0.8998,359.553,359.77366666666666,360.7045,0.012365399606998336,352.763,364.323,0.8998,0.8998,34.366150000000005,14.76435,13.783000000000001,0.0033936799999999996,5.7278400000000005,0.0578009,34.366150000000005,14.793949999999999,13.783000000000001,0.003529235,5.7278400000000005,0.0578009,-3.63798e-14,7.27596e-14,/home/sunyahui/worktrees/FilterVectorCode_multilevel_special/runs/high_selectivity_formal_boundary_extension_amazon_x1/layer1_t1_128000/sel_967/search_time_summary.csv
sel_967,query_minlen1_label1_sel967pct,0.9670165142,layer1_t1_128000,1,128000,,250,0.9038,417.444,379.4526666666667,377.4145,0.012447928578856852,375.802,645.389,0.9038,0.9038,35.93235,14.988949999999999,14.2898,0.003393355,6.5639199999999995,0.04287365,35.823750000000004,15.23085,13.988199999999999,0.003456235,6.533435,0.06781115,-2.91038e-14,5.82077e-14,/home/sunyahui/worktrees/FilterVectorCode_multilevel_special/runs/high_selectivity_formal_amazon_x1/layer1_t1_128000/sel_967/search_time_summary.csv
sel_967,query_minlen1_label1_sel967pct,0.9670165142,layer1_t1_128000,1,128000,,312,0.9155,399.85,398.3496666666667,397.712,0.009191668655711407,393.033,408.855,0.9155,0.9155,37.939949999999996,15.2147,14.4358,0.003529515,8.054685,0.05468265,37.94714999999999,15.385200000000001,14.4912,0.00340816,8.02075,0.0465505,-2.910383e-14,5.09317e-14,/home/sunyahui/worktrees/FilterVectorCode_multilevel_special/runs/high_selectivity_formal_amazon_x1/layer1_t1_128000/sel_967/search_time_summary.csv
sel_967,query_minlen1_label1_sel967pct,0.9670165142,layer1_t1_128000,1,128000,,375,0.9206,466.508,424.3925,419.133,0.025655522491514704,417.82,719.202,0.9206,0.9206,40.047650000000004,15.29675,14.8766,0.00355635,9.635985,0.06284435,39.95715,15.29675,14.8766,0.003586485,9.716294999999999,0.0639382,0.0,4.36557e-14,/home/sunyahui/worktrees/FilterVectorCode_multilevel_special/runs/high_selectivity_formal_amazon_x1/layer1_t1_128000/sel_967/search_time_summary.csv
sel_967,query_minlen1_label1_sel967pct,0.9670165142,layer1_t1_128000,1,128000,,438,0.9215,440.801,439.63616666666667,438.554,0.011625707026164759,433.794,449.139,0.9215,0.9215,41.990399999999994,15.17095,15.435849999999999,0.0036984749999999997,11.261099999999999,0.06519725,41.9784,15.1557,15.4343,0.00371429,11.319199999999999,0.06551075,-1.81899e-14,9.45874e-14,/home/sunyahui/worktrees/FilterVectorCode_multilevel_special/runs/high_selectivity_formal_amazon_x1/layer1_t1_128000/sel_967/search_time_summary.csv
sel_967,query_minlen1_label1_sel967pct,0.9670165142,layer1_t1_128000,1,128000,,500,0.9231,464.666,463.7345,463.0195,0.00657803842122113,460.896,470.256,0.9231,0.9231,44.2682,15.2817,15.9958,0.0037297249999999997,12.91845,0.059690900000000005,44.2357,15.204699999999999,16.00595,0.0036385999999999996,12.96635,0.05506005,3.6379800000000003e-14,7.27596e-14,/home/sunyahui/worktrees/FilterVectorCode_multilevel_special/runs/high_selectivity_formal_amazon_x1/layer1_t1_128000/sel_967/search_time_summary.csv
sel_967,query_minlen1_label1_sel967pct,0.9670165142,layer1_t1_128000,1,128000,,750,0.9332,555.397,555.1298333333333,554.336,0.010004690833227739,550.006,565.447,0.9332,0.9332,52.8875,15.65925,17.10675,0.00412739,20.0154,0.08153885,52.8875,15.65925,17.1469,0.004111385,19.99565,0.08153885,-2.910385e-14,7.27596e-14,/home/sunyahui/worktrees/FilterVectorCode_multilevel_special/runs/high_selectivity_formal_amazon_x1/layer1_t1_128000/sel_967/search_time_summary.csv
sel_100,query_empty_full100pct,1.0,layer1_t1_256000,1,256000,,50,0.8207,403.818,378.3233333333333,381.114,0.028962894174697416,362.822,556.784,0.8207,0.8207,36.52305,9.853705,24.7271,0.002990985,2.055275,0.0292853,36.52305,9.664495,24.7271,0.002990985,2.098945,0.02955285,-2.546585e-14,5.09317e-14,/home/sunyahui/worktrees/FilterVectorCode_multilevel_special/runs/high_selectivity_formal_amazon_x1/layer1_t1_256000/sel_100/search_time_summary.csv
sel_100,query_empty_full100pct,1.0,layer1_t1_256000,1,256000,,62,0.8417,386.597,388.56916666666666,387.0175,0.022198799579575813,374.763,399.699,0.8417,0.8417,37.025099999999995,9.7635,24.872700000000002,0.003074075,2.40189,0.037168099999999996,36.91175,9.869815,24.6203,0.00314488,2.387135,0.03133365,2.1827879999999997e-14,8.73115e-14,/home/sunyahui/worktrees/FilterVectorCode_multilevel_special/runs/high_selectivity_formal_amazon_x1/layer1_t1_256000/sel_100/search_time_summary.csv
sel_100,query_empty_full100pct,1.0,layer1_t1_256000,1,256000,,75,0.853,394.839,396.4796666666667,393.8725,0.028042658149482237,384.994,417.193,0.853,0.853,37.71825,9.775835,24.9317,0.003175075,2.7998950000000002,0.031632900000000005,37.71825,9.69593,25.24905,0.0032423649999999997,2.73939,0.03063135,-1.8189900000000002e-14,5.82077e-14,/home/sunyahui/worktrees/FilterVectorCode_multilevel_special/runs/high_selectivity_formal_amazon_x1/layer1_t1_256000/sel_100/search_time_summary.csv
sel_100,query_empty_full100pct,1.0,layer1_t1_256000,1,256000,,88,0.8607,416.906,414.1111666666667,405.6315,0.056911207736748196,399.91,461.966,0.8607,0.8607,38.5784,10.034165000000002,25.5803,0.003188865,3.04786,0.0302458,38.516549999999995,10.032065,25.4433,0.00314537,3.007225,0.03083095,-1.45519e-14,8.73115e-14,/home/sunyahui/worktrees/FilterVectorCode_multilevel_special/runs/high_selectivity_formal_amazon_x1/layer1_t1_256000/sel_100/search_time_summary.csv
sel_100,query_empty_full100pct,1.0,layer1_t1_256000,1,256000,,100,0.8702,400.338,402.944,402.089,0.015547975796515939,384.701,413.171,0.8702,0.8702,38.272499999999994,9.95471,25.022100000000002,0.00306463,3.36916,0.02760675,38.272499999999994,10.105945,24.765549999999998,0.00300928,3.37043,0.02761425,5.456965e-14,8.00355e-14,/home/sunyahui/worktrees/FilterVectorCode_multilevel_special/runs/high_selectivity_formal_amazon_x1/layer1_t1_256000/sel_100/search_time_summary.csv
sel_100,query_empty_full100pct,1.0,layer1_t1_256000,1,256000,,200,0.8867,458.94,459.5713333333333,460.0665,0.011103063401626308,451.698,465.271,0.8867,0.8867,44.1959,9.856884999999998,28.1337,0.00349725,6.03722,0.0366346,44.314350000000005,10.055145,28.1337,0.00353435,6.08503,0.03694375,2.546585e-14,8.00355e-14,/home/sunyahui/worktrees/FilterVectorCode_multilevel_special/runs/high_selectivity_formal_amazon_x1/layer1_t1_256000/sel_100/search_time_summary.csv
sel_80,query_minlen1_nested_avgsel80pct,0.8002369928,layer1_t1_256000,1,256000,,500,0.8601,1257.2,380.83566666666667,381.655,0.005278843732812387,377.385,6515.41,0.8601,0.8601,35.995,12.42325,13.07135,0.003733835,10.353100000000001,0.072301,36.062799999999996,12.42325,13.177800000000001,0.003706065,10.3871,0.0709509,3.27418e-14,6.54836e-14,/home/sunyahui/worktrees/FilterVectorCode_multilevel_special/runs/high_selectivity_formal_amazon_x1/layer1_t1_256000/sel_80/search_time_summary.csv
sel_80,query_minlen1_nested_avgsel80pct,0.8002369928,layer1_t1_256000,1,256000,,562,0.8639,406.252,398.5635,398.108,0.007252072609007995,395.202,452.38,0.8639,0.8639,37.5246,12.5491,13.28045,0.003739165,11.6526,0.07391025000000001,37.548249999999996,12.4055,13.405750000000001,0.003739805,11.65745,0.07584940000000001,-4.3655749999999996e-14,5.82077e-14,/home/sunyahui/worktrees/FilterVectorCode_multilevel_special/runs/high_selectivity_formal_amazon_x1/layer1_t1_256000/sel_80/search_time_summary.csv
sel_80,query_minlen1_nested_avgsel80pct,0.8002369928,layer1_t1_256000,1,256000,,625,0.8658,442.743,441.5275,418.48699999999997,0.13216218427131543,412.502,560.342,0.8658,0.8658,39.519149999999996,12.634450000000001,13.57055,0.003809175,13.1141,0.06645619999999999,39.519149999999996,12.852250000000002,13.58015,0.003809175,13.022549999999999,0.06041225,-2.546585e-14,2.91038e-14,/home/sunyahui/worktrees/FilterVectorCode_multilevel_special/runs/high_selectivity_formal_amazon_x1/layer1_t1_256000/sel_80/search_time_summary.csv
sel_80,query_minlen1_nested_avgsel80pct,0.8002369928,layer1_t1_256000,1,256000,,688,0.8706,437.987,432.88933333333335,431.8135,0.01092674881170077,428.25,468.571,0.8706,0.8706,40.927499999999995,12.54495,13.944700000000001,0.003841085,14.40935,0.07856675,41.077749999999995,12.5933,13.93815,0.003874095,14.4835,0.05897675,3.6379999999999996e-15,6.54836e-14,/home/sunyahui/worktrees/FilterVectorCode_multilevel_special/runs/high_selectivity_formal_amazon_x1/layer1_t1_256000/sel_80/search_time_summary.csv
sel_80,query_minlen1_nested_avgsel80pct,0.8002369928,layer1_t1_256000,1,256000,,750,0.8746,455.719,453.25233333333335,453.4045,0.006338382852790424,449.963,470.519,0.8746,0.8746,42.712900000000005,12.6244,14.05165,0.00388899,15.811250000000001,0.0762829,42.5693,12.5774,13.982700000000001,0.00393301,15.9178,0.08747695,2.546585e-14,5.82077e-14,/home/sunyahui/worktrees/FilterVectorCode_multilevel_special/runs/high_selectivity_formal_amazon_x1/layer1_t1_256000/sel_80/search_time_summary.csv
sel_80,query_minlen1_nested_avgsel80pct,0.8002369928,layer1_t1_256000,1,256000,,1000,0.8787,523.127,520.1683333333333,520.0609999999999,0.008241449207341349,515.08,540.878,0.8787,0.8787,49.2729,12.703,14.81915,0.0041088800000000005,21.80055,0.07590855,49.3639,12.67605,14.848,0.004129995,21.759749999999997,0.07590855,2.91038e-14,1.01863e-13,/home/sunyahui/worktrees/FilterVectorCode_multilevel_special/runs/high_selectivity_formal_amazon_x1/layer1_t1_256000/sel_80/search_time_summary.csv
sel_85,query_minlen1_nested_avgsel85pct,0.8496712723,layer1_t1_256000,1,256000,,250,0.8555,929.859,354.939,354.89,0.01425528820793496,346.973,4379.38,0.8555,0.8555,33.7795,13.498149999999999,13.89955,0.00364621,6.38824,0.06256255,33.80095,13.34515,13.99405,0.003725145,6.395155,0.06287535,-2.5465829999999998e-14,8.00355e-14,/home/sunyahui/worktrees/FilterVectorCode_multilevel_special/runs/high_selectivity_formal_amazon_x1/layer1_t1_256000/sel_85/search_time_summary.csv
sel_85,query_minlen1_nested_avgsel85pct,0.8496712723,layer1_t1_256000,1,256000,,312,0.8662,383.443,377.37149999999997,373.405,0.02628933954758087,369.282,419.873,0.8662,0.8662,35.533199999999994,13.6207,14.0107,0.003788265,7.6908449999999995,0.045437149999999996,35.533199999999994,13.4674,14.325800000000001,0.003773765,7.6908449999999995,0.045437149999999996,-7.275949999999999e-15,3.63798e-14,/home/sunyahui/worktrees/FilterVectorCode_multilevel_special/runs/high_selectivity_formal_amazon_x1/layer1_t1_256000/sel_85/search_time_summary.csv
sel_85,query_minlen1_nested_avgsel85pct,0.8496712723,layer1_t1_256000,1,256000,,375,0.8711,403.7,398.741,395.164,0.01873894818413478,391.683,433.458,0.8711,0.8711,37.7588,13.894449999999999,14.692499999999999,0.0038705500000000004,9.183005000000001,0.06178065,37.7588,13.894449999999999,14.6738,0.003797885,9.128309999999999,0.0584443,-3.63797e-15,3.63798e-14,/home/sunyahui/worktrees/FilterVectorCode_multilevel_special/runs/high_selectivity_formal_amazon_x1/layer1_t1_256000/sel_85/search_time_summary.csv
sel_85,query_minlen1_nested_avgsel85pct,0.8496712723,layer1_t1_256000,1,256000,,438,0.8774,419.828,418.7875,420.655,0.011818889643855073,411.21,426.072,0.8774,0.8774,40.1114,13.90245,15.2604,0.003948805,10.7353,0.0525191,40.14445,13.90245,15.3518,0.003927524999999999,10.82985,0.05646605,-1.091395e-14,5.82077e-14,/home/sunyahui/worktrees/FilterVectorCode_multilevel_special/runs/high_selectivity_formal_amazon_x1/layer1_t1_256000/sel_85/search_time_summary.csv
sel_85,query_minlen1_nested_avgsel85pct,0.8496712723,layer1_t1_256000,1,256000,,500,0.8812,441.145,439.91183333333333,440.10249999999996,0.012767716393650694,430.744,448.542,0.8812,0.8812,41.74135,13.8442,15.63515,0.004023084999999999,12.29595,0.0721678,41.94155,13.836400000000001,15.6736,0.004092625000000001,12.3535,0.0739417,-2.546585e-14,5.09317e-14,/home/sunyahui/worktrees/FilterVectorCode_multilevel_special/runs/high_selectivity_formal_amazon_x1/layer1_t1_256000/sel_85/search_time_summary.csv
sel_85,query_minlen1_nested_avgsel85pct,0.8496712723,layer1_t1_256000,1,256000,,750,0.894,525.983,524.7828333333333,524.489,0.015764843940411864,513.825,535.044,0.894,0.894,49.75705,14.06005,16.7469,0.004380729999999999,18.83325,0.07134165,49.75705,14.10935,16.7469,0.00429377,18.83325,0.06330635000000001,-5.09317e-14,8.00355e-14,/home/sunyahui/worktrees/FilterVectorCode_multilevel_special/runs/high_selectivity_formal_amazon_x1/layer1_t1_256000/sel_85/search_time_summary.csv
sel_90,query_minlen1_nested_avgsel90pct,0.9004633639,layer1_t1_256000,1,256000,,250,0.8758,695.34,356.1855,355.3985,0.009250996598712442,352.182,2730.27,0.8758,0.8758,33.8114,14.032900000000001,13.459399999999999,0.00360162,6.3135650000000005,0.0512983,33.8114,13.909749999999999,13.541,0.003659285,6.3135650000000005,0.0434429,-1.45519e-14,6.54836e-14,/home/sunyahui/worktrees/FilterVectorCode_multilevel_special/runs/high_selectivity_formal_amazon_x1/layer1_t1_256000/sel_90/search_time_summary.csv
sel_90,query_minlen1_nested_avgsel90pct,0.9004633639,layer1_t1_256000,1,256000,,312,0.8875,382.134,379.6723333333333,380.442,0.012462437331050347,373.247,396.905,0.8875,0.8875,36.11995,13.909600000000001,14.08535,0.003751415,7.79831,0.06035905,36.11995,13.908850000000001,14.38995,0.0037600050000000003,7.75319,0.06417529999999999,-7.27595e-15,4.36557e-14,/home/sunyahui/worktrees/FilterVectorCode_multilevel_special/runs/high_selectivity_formal_amazon_x1/layer1_t1_256000/sel_90/search_time_summary.csv
sel_90,query_minlen1_nested_avgsel90pct,0.9004633639,layer1_t1_256000,1,256000,,375,0.8923,406.673,404.7273333333333,403.481,0.018546101932171537,396.164,418.348,0.8923,0.8923,38.35825,14.0228,14.954550000000001,0.00393299,9.339045,0.0558087,38.35825,13.9937,14.96245,0.003919985,9.339045,0.059121950000000006,3.637999999999998e-15,7.27596e-14,/home/sunyahui/worktrees/FilterVectorCode_multilevel_special/runs/high_selectivity_formal_amazon_x1/layer1_t1_256000/sel_90/search_time_summary.csv
sel_90,query_minlen1_nested_avgsel90pct,0.9004633639,layer1_t1_256000,1,256000,,438,0.8978,424.832,422.1691666666667,421.4585,0.01097332559049096,416.376,440.811,0.8978,0.8978,40.2527,14.225000000000001,15.07145,0.0039632750000000005,10.889800000000001,0.0628577,40.2527,14.235700000000001,15.0518,0.0039621,10.903400000000001,0.057909,-3.6379999999999996e-15,4.36557e-14,/home/sunyahui/worktrees/FilterVectorCode_multilevel_special/runs/high_selectivity_formal_amazon_x1/layer1_t1_256000/sel_90/search_time_summary.csv
sel_90,query_minlen1_nested_avgsel90pct,0.9004633639,layer1_t1_256000,1,256000,,500,0.9015,447.459,445.05716666666666,445.2235,0.005148579046556504,442.057,461.869,0.9015,0.9015,42.232749999999996,14.26635,15.5048,0.004138145,12.58435,0.056962849999999995,42.2799,14.04495,15.57385,0.004175725,12.60085,0.05612365,-1.45519e-14,6.54836e-14,/home/sunyahui/worktrees/FilterVectorCode_multilevel_special/runs/high_selectivity_formal_amazon_x1/layer1_t1_256000/sel_90/search_time_summary.csv
sel_90,query_minlen1_nested_avgsel90pct,0.9004633639,layer1_t1_256000,1,256000,,750,0.913,530.661,529.317,528.808,0.010943874166923263,520.575,538.726,0.913,0.913,50.46255,14.571000000000002,16.742800000000003,0.004490984999999999,19.146349999999998,0.0694311,50.46255,14.5716,16.742800000000003,0.0044832050000000005,19.07515,0.0685345,-2.546585e-14,6.54836e-14,/home/sunyahui/worktrees/FilterVectorCode_multilevel_special/runs/high_selectivity_formal_amazon_x1/layer1_t1_256000/sel_90/search_time_summary.csv
sel_95,query_minlen1_nested_avgsel95pct,0.9501978063,layer1_t1_256000,1,256000,,250,0.8941,460.479,374.3213333333333,373.1085,0.024928115907872077,362.886,977.423,0.8941,0.8941,35.558400000000006,14.74545,14.03835,0.00345662,6.6227,0.05137045,35.558400000000006,14.89795,13.972750000000001,0.003371095,6.6227,0.06161285,-2.5465849999999997e-14,8.00355e-14,/home/sunyahui/worktrees/FilterVectorCode_multilevel_special/runs/high_selectivity_formal_amazon_x1/layer1_t1_256000/sel_95/search_time_summary.csv
sel_95,query_minlen1_nested_avgsel95pct,0.9501978063,layer1_t1_256000,1,256000,,312,0.9058,395.012,394.33416666666665,394.3605,0.011379407284826457,387.602,401.284,0.9058,0.9058,37.6452,14.891300000000001,14.53265,0.00352588,8.147175,0.06307705,37.917699999999996,15.128,14.50865,0.003515845,8.21396,0.06352659999999999,-6.54834e-14,1.01863e-13,/home/sunyahui/worktrees/FilterVectorCode_multilevel_special/runs/high_selectivity_formal_amazon_x1/layer1_t1_256000/sel_95/search_time_summary.csv
sel_95,query_minlen1_nested_avgsel95pct,0.9501978063,layer1_t1_256000,1,256000,,375,0.9102,440.115,420.5183333333333,418.27200000000005,0.014984630144869443,416.209,557.694,0.9102,0.9102,40.016949999999994,14.90045,15.2656,0.0036509999999999997,9.784749999999999,0.0582112,40.0789,15.01145,15.21895,0.003568515,9.784749999999999,0.0601568,-2.546585e-14,7.27596e-14,/home/sunyahui/worktrees/FilterVectorCode_multilevel_special/runs/high_selectivity_formal_amazon_x1/layer1_t1_256000/sel_95/search_time_summary.csv
sel_95,query_minlen1_nested_avgsel95pct,0.9501978063,layer1_t1_256000,1,256000,,438,0.9152,444.386,443.253,443.3355,0.013615854852670846,436.665,451.183,0.9152,0.9152,42.046899999999994,15.0086,15.669,0.003697735,11.4428,0.0535857,42.046899999999994,14.8233,15.69595,0.003711635,11.464749999999999,0.05920035,1.8189900000000002e-14,7.27596e-14,/home/sunyahui/worktrees/FilterVectorCode_multilevel_special/runs/high_selectivity_formal_amazon_x1/layer1_t1_256000/sel_95/search_time_summary.csv
sel_95,query_minlen1_nested_avgsel95pct,0.9501978063,layer1_t1_256000,1,256000,,500,0.9173,465.047,463.45433333333335,465.13300000000004,0.009723489523163672,456.976,474.6,0.9173,0.9173,44.29745,14.9308,16.07095,0.00379657,13.147300000000001,0.06662645,44.5754,15.06495,16.216,0.0037823500000000003,13.224,0.06662645,1.818987e-14,6.54836e-14,/home/sunyahui/worktrees/FilterVectorCode_multilevel_special/runs/high_selectivity_formal_amazon_x1/layer1_t1_256000/sel_95/search_time_summary.csv
sel_95,query_minlen1_nested_avgsel95pct,0.9501978063,layer1_t1_256000,1,256000,,750,0.9269,557.084,555.7853333333334,556.298,0.010812716881480682,547.181,564.877,0.9269,0.9269,53.12935,15.2915,17.46785,0.004088105,20.275,0.07019665,53.12935,15.2915,17.47255,0.00404324,20.2911,0.07019665,1.8189900000000002e-14,1.09139e-13,/home/sunyahui/worktrees/FilterVectorCode_multilevel_special/runs/high_selectivity_formal_amazon_x1/layer1_t1_256000/sel_95/search_time_summary.csv
sel_967,query_minlen1_label1_sel967pct,0.9670165142,layer1_t1_256000,1,256000,,250,0.8997,413.038,381.2176666666667,380.4345,0.010421419042593619,377.453,603.958,0.8997,0.8997,36.06205,15.2,14.228349999999999,0.003390175,6.600135,0.04338615,36.033100000000005,15.04515,14.231200000000001,0.00350213,6.70544,0.0478397,-1.0913949999999998e-14,5.82077e-14,/home/sunyahui/worktrees/FilterVectorCode_multilevel_special/runs/high_selectivity_formal_amazon_x1/layer1_t1_256000/sel_967/search_time_summary.csv
sel_967,query_minlen1_label1_sel967pct,0.9670165142,layer1_t1_256000,1,256000,,312,0.9105,402.019,399.137,400.07399999999996,0.011874978476531725,393.437,419.311,0.9105,0.9105,37.822100000000006,15.07365,14.4929,0.003593755,8.13009,0.0562908,37.924800000000005,15.144200000000001,14.5824,0.00371835,8.13009,0.06442285,2.546585e-14,3.63798e-14,/home/sunyahui/worktrees/FilterVectorCode_multilevel_special/runs/high_selectivity_formal_amazon_x1/layer1_t1_256000/sel_967/search_time_summary.csv
sel_967,query_minlen1_label1_sel967pct,0.9670165142,layer1_t1_256000,1,256000,,375,0.9147,427.47,418.459,416.75350000000003,0.018239289082296738,411.889,481.535,0.9147,0.9147,39.809200000000004,15.081199999999999,15.018049999999999,0.003568655,9.56908,0.05498385,39.809200000000004,15.0352,15.15995,0.003609185,9.5608,0.049658350000000004,-2.910383e-14,8.73115e-14,/home/sunyahui/worktrees/FilterVectorCode_multilevel_special/runs/high_selectivity_formal_amazon_x1/layer1_t1_256000/sel_967/search_time_summary.csv
sel_967,query_minlen1_label1_sel967pct,0.9670165142,layer1_t1_256000,1,256000,,438,0.9188,450.289,445.94933333333336,445.413,0.007150511326713827,441.811,476.328,0.9188,0.9188,42.47885,15.2243,15.796700000000001,0.00367727,11.34515,0.0604361,42.45155,15.27945,15.827300000000001,0.003671025,11.286200000000001,0.0549676,-3.6379999999999996e-15,3.63798e-14,/home/sunyahui/worktrees/FilterVectorCode_multilevel_special/runs/high_selectivity_formal_amazon_x1/layer1_t1_256000/sel_967/search_time_summary.csv
sel_967,query_minlen1_label1_sel967pct,0.9670165142,layer1_t1_256000,1,256000,,500,0.9198,471.725,469.90066666666667,467.4405,0.016883052534690336,461.357,483.459,0.9198,0.9198,44.53985,15.345600000000001,16.27075,0.003790985,12.9937,0.0566015,44.53985,15.2381,16.27075,0.0037984200000000003,12.9748,0.05240995,2.5465869999999997e-14,1.23691e-13,/home/sunyahui/worktrees/FilterVectorCode_multilevel_special/runs/high_selectivity_formal_amazon_x1/layer1_t1_256000/sel_967/search_time_summary.csv
sel_967,query_minlen1_label1_sel967pct,0.9670165142,layer1_t1_256000,1,256000,,750,0.9292,564.741,561.4906666666667,560.9490000000001,0.01787783953364652,546.632,584.245,0.9292,0.9292,53.44955,15.7208,17.560699999999997,0.004068675,19.945050000000002,0.06985895,53.1132,15.6328,17.4635,0.004080735,19.94435,0.0684883,4.7293730000000003e-14,8.73115e-14,/home/sunyahui/worktrees/FilterVectorCode_multilevel_special/runs/high_selectivity_formal_amazon_x1/layer1_t1_256000/sel_967/search_time_summary.csv
sel_100,query_empty_full100pct,1.0,layer1_t1_32000,1,32000,,100,0.8429,465.229,429.14566666666667,430.828,0.014196332170851478,417.745,681.724,0.8429,0.8429,41.458600000000004,9.8971,27.9699,0.0037564950000000003,3.52729,0.04627755,41.533550000000005,9.7579,28.100949999999997,0.003916795000000001,3.6183199999999998,0.052474400000000004,4.001778e-14,8.73115e-14,/home/sunyahui/worktrees/FilterVectorCode_multilevel_special/runs/high_selectivity_formal_amazon_x1/layer1_t1_32000/sel_100/search_time_summary.csv
sel_100,query_empty_full100pct,1.0,layer1_t1_32000,1,32000,,125,0.8544,450.426,450.5436666666667,449.0055,0.013306854006936175,443.772,457.943,0.8544,0.8544,42.7987,9.881145,28.50785,0.00401781,4.21339,0.04478195,42.7154,9.821885,28.4938,0.00400267,4.3467400000000005,0.04893875,-3.6379999999999996e-15,2.18279e-14,/home/sunyahui/worktrees/FilterVectorCode_multilevel_special/runs/high_selectivity_formal_amazon_x1/layer1_t1_32000/sel_100/search_time_summary.csv
sel_100,query_empty_full100pct,1.0,layer1_t1_32000,1,32000,,150,0.8632,473.635,470.68516666666665,469.6595,0.012824081876968296,464.428,491.335,0.8632,0.8632,45.06985,9.724105,30.351300000000002,0.0044040450000000005,5.08591,0.042221350000000005,45.06985,9.60266,30.351300000000002,0.00440721,5.071555,0.039888549999999995,2.5465850000000003e-14,9.45874e-14,/home/sunyahui/worktrees/FilterVectorCode_multilevel_special/runs/high_selectivity_formal_amazon_x1/layer1_t1_32000/sel_100/search_time_summary.csv
sel_100,query_empty_full100pct,1.0,layer1_t1_32000,1,32000,,175,0.87,475.258,476.1431666666667,474.647,0.009790614160563415,469.945,482.134,0.87,0.87,45.529650000000004,9.618825,30.165950000000002,0.004289009999999999,5.7515149999999995,0.0411573,45.529650000000004,9.618825,30.1189,0.004229115,5.737865,0.04980875,4.36557e-14,6.54836e-14,/home/sunyahui/worktrees/FilterVectorCode_multilevel_special/runs/high_selectivity_formal_amazon_x1/layer1_t1_32000/sel_100/search_time_summary.csv
sel_100,query_empty_full100pct,1.0,layer1_t1_32000,1,32000,,200,0.8741,487.097,488.91133333333335,489.58349999999996,0.009569179559451546,476.209,495.028,0.8741,0.8741,46.799949999999995,9.730184999999999,30.61315,0.0044496250000000005,6.4485,0.04779145,46.81785,9.539975,30.729950000000002,0.00449931,6.4921299999999995,0.0513054,-4.36557e-14,1.16415e-13,/home/sunyahui/worktrees/FilterVectorCode_multilevel_special/runs/high_selectivity_formal_amazon_x1/layer1_t1_32000/sel_100/search_time_summary.csv
sel_100,query_empty_full100pct,1.0,layer1_t1_32000,1,32000,,400,0.9026,577.31,574.2763333333334,574.6975,0.01185540668142308,562.657,595.512,0.9026,0.9026,55.21935,9.747645,32.827749999999995,0.005023515,12.455,0.054189,55.040400000000005,9.784945,32.6807,0.00502578,12.50025,0.06942115,-3.27418e-14,1.01863e-13,/home/sunyahui/worktrees/FilterVectorCode_multilevel_special/runs/high_selectivity_formal_amazon_x1/layer1_t1_32000/sel_100/search_time_summary.csv
sel_80,query_minlen1_nested_avgsel80pct,0.8002369928,layer1_t1_32000,1,32000,,500,0.8587,1462.46,422.5845,421.413,0.026128007851068284,409.782,7701.69,0.8587,0.8587,39.9087,12.4236,15.240749999999998,0.0045730549999999995,12.2342,0.05942245,39.9087,12.37105,15.240749999999998,0.00456538,12.2342,0.058202649999999995,-2.182785e-14,6.54836e-14,/home/sunyahui/worktrees/FilterVectorCode_multilevel_special/runs/high_selectivity_formal_amazon_x1/layer1_t1_32000/sel_80/search_time_summary.csv
sel_80,query_minlen1_nested_avgsel80pct,0.8002369928,layer1_t1_32000,1,32000,,562,0.8644,452.429,442.1813333333333,442.6585,0.025675728929734444,429.57,513.917,0.8644,0.8644,41.73965,12.62565,15.51825,0.004782365,13.7025,0.056181,41.73965,12.4567,15.51825,0.004901885,13.7025,0.05734855,-2.546585e-14,2.91038e-14,/home/sunyahui/worktrees/FilterVectorCode_multilevel_special/runs/high_selectivity_formal_amazon_x1/layer1_t1_32000/sel_80/search_time_summary.csv
sel_80,query_minlen1_nested_avgsel80pct,0.8002369928,layer1_t1_32000,1,32000,,625,0.8653,490.353,487.3288333333333,462.4,0.13186950428992442,452.539,617.189,0.8653,0.8653,43.470349999999996,12.7797,15.60975,0.004864510000000001,14.980699999999999,0.05412565,43.470349999999996,12.71765,15.60975,0.004793925,15.058399999999999,0.07978299999999999,-3.6379769999999996e-14,1.38243e-13,/home/sunyahui/worktrees/FilterVectorCode_multilevel_special/runs/high_selectivity_formal_amazon_x1/layer1_t1_32000/sel_80/search_time_summary.csv
sel_80,query_minlen1_nested_avgsel80pct,0.8002369928,layer1_t1_32000,1,32000,,688,0.8696,495.361,488.265,488.5875,0.01904119850768491,476.906,537.934,0.8696,0.8696,46.001850000000005,12.7699,16.08755,0.00492037,16.89165,0.06889714999999999,46.001850000000005,13.277000000000001,15.853,0.00790922,16.80865,0.0552753,3.63798e-15,5.82077e-14,/home/sunyahui/worktrees/FilterVectorCode_multilevel_special/runs/high_selectivity_formal_amazon_x1/layer1_t1_32000/sel_80/search_time_summary.csv
sel_80,query_minlen1_nested_avgsel80pct,0.8002369928,layer1_t1_32000,1,32000,,750,0.8713,505.042,499.7033333333333,499.311,0.021910847148989252,486.928,537.072,0.8713,0.8713,47.193749999999994,12.6506,16.24965,0.00506166,18.3767,0.061270649999999996,47.193749999999994,12.661100000000001,16.09105,0.005094265,18.3767,0.05976745,-3.27418e-14,6.54836e-14,/home/sunyahui/worktrees/FilterVectorCode_multilevel_special/runs/high_selectivity_formal_amazon_x1/layer1_t1_32000/sel_80/search_time_summary.csv
sel_80,query_minlen1_nested_avgsel80pct,0.8002369928,layer1_t1_32000,1,32000,,1000,0.8821,582.724,578.8768333333334,577.2345,0.021129649224683595,564.175,605.809,0.8821,0.8821,54.64675,12.7844,16.9818,0.005409435000000001,24.86085,0.0634239,54.64675,12.7319,16.9818,0.00547551,24.86085,0.0667031,-1.8189900000000002e-14,1.01863e-13,/home/sunyahui/worktrees/FilterVectorCode_multilevel_special/runs/high_selectivity_formal_amazon_x1/layer1_t1_32000/sel_80/search_time_summary.csv
sel_85,query_minlen1_nested_avgsel85pct,0.8496712723,layer1_t1_32000,1,32000,,250,0.857,1005.98,362.1911666666666,358.977,0.024835097195012493,353.253,4868.68,0.857,0.857,33.673249999999996,12.975349999999999,14.19455,0.00424512,6.46035,0.05007155,33.63505,12.9339,14.19455,0.0043384949999999995,6.455605,0.046652,7.27595e-15,4.36557e-14,/home/sunyahui/worktrees/FilterVectorCode_multilevel_special/runs/high_selectivity_formal_amazon_x1/layer1_t1_32000/sel_85/search_time_summary.csv
sel_85,query_minlen1_nested_avgsel85pct,0.8496712723,layer1_t1_32000,1,32000,,312,0.8634,383.813,380.7435,380.5295,0.013428127148938067,374.705,402.228,0.8634,0.8634,35.9795,13.05765,14.6935,0.004437735,7.96621,0.0448614,36.00275,13.3123,14.6903,0.004417835,7.95648,0.0393087,-2.5465869999999997e-14,5.82077e-14,/home/sunyahui/worktrees/FilterVectorCode_multilevel_special/runs/high_selectivity_formal_amazon_x1/layer1_t1_32000/sel_85/search_time_summary.csv
sel_85,query_minlen1_nested_avgsel85pct,0.8496712723,layer1_t1_32000,1,32000,,375,0.869,409.031,405.95733333333334,407.3035,0.012744299208557129,396.602,427.472,0.869,0.869,38.31425,13.29835,15.312000000000001,0.00458229,9.635925,0.062233449999999996,38.31425,13.4165,15.194600000000001,0.004548725,9.635925,0.06272265,-2.546585e-14,9.45874e-14,/home/sunyahui/worktrees/FilterVectorCode_multilevel_special/runs/high_selectivity_formal_amazon_x1/layer1_t1_32000/sel_85/search_time_summary.csv
sel_85,query_minlen1_nested_avgsel85pct,0.8496712723,layer1_t1_32000,1,32000,,438,0.8722,427.435,424.8831666666667,421.758,0.018181762161881623,418.514,442.749,0.8722,0.8722,40.08775,13.32645,15.49445,0.00464076,11.2128,0.0414528,39.948,13.2695,15.49335,0.00466672,11.13645,0.04405415,4.001775e-14,5.82077e-14,/home/sunyahui/worktrees/FilterVectorCode_multilevel_special/runs/high_selectivity_formal_amazon_x1/layer1_t1_32000/sel_85/search_time_summary.csv
sel_85,query_minlen1_nested_avgsel85pct,0.8496712723,layer1_t1_32000,1,32000,,500,0.8788,452.835,447.63233333333335,446.0345,0.02304726804883605,438.183,484.054,0.8788,0.8788,42.306799999999996,13.40435,16.07175,0.00484906,12.8393,0.0550259,42.306799999999996,13.337900000000001,16.07175,0.00491428,12.8393,0.05292765,7.275949999999999e-15,4.36557e-14,/home/sunyahui/worktrees/FilterVectorCode_multilevel_special/runs/high_selectivity_formal_amazon_x1/layer1_t1_32000/sel_85/search_time_summary.csv
sel_85,query_minlen1_nested_avgsel85pct,0.8496712723,layer1_t1_32000,1,32000,,750,0.8908,538.009,532.7531666666666,529.7535,0.02253107454605113,521.145,569.542,0.8908,0.8908,50.23505,13.8169,16.9827,0.0052169,19.2803,0.06640209999999999,50.23505,13.953700000000001,16.9827,0.005201954999999999,19.2342,0.0592511,1.8189900000000002e-14,6.54836e-14,/home/sunyahui/worktrees/FilterVectorCode_multilevel_special/runs/high_selectivity_formal_amazon_x1/layer1_t1_32000/sel_85/search_time_summary.csv
sel_90,query_minlen1_nested_avgsel90pct,0.9004633639,layer1_t1_32000,1,32000,,250,0.8762,710.117,376.3143333333333,376.57,0.015815653677252458,367.436,2712.93,0.8762,0.8762,35.66165,14.0449,14.53045,0.00395525,6.87964,0.058809749999999994,35.66165,13.943750000000001,14.6652,0.00401541,6.9937450000000005,0.05490375,3.27418e-14,5.82077e-14,/home/sunyahui/worktrees/FilterVectorCode_multilevel_special/runs/high_selectivity_formal_amazon_x1/layer1_t1_32000/sel_90/search_time_summary.csv
sel_90,query_minlen1_nested_avgsel90pct,0.9004633639,layer1_t1_32000,1,32000,,312,0.8827,403.713,400.81733333333335,399.967,0.009771995926381612,396.918,421.089,0.8827,0.8827,38.1443,14.184999999999999,15.24375,0.004093165,8.519625000000001,0.05255705,38.1191,14.0503,15.49165,0.00413395,8.521049999999999,0.05202775,-1.45519e-14,5.82077e-14,/home/sunyahui/worktrees/FilterVectorCode_multilevel_special/runs/high_selectivity_formal_amazon_x1/layer1_t1_32000/sel_90/search_time_summary.csv
sel_90,query_minlen1_nested_avgsel90pct,0.9004633639,layer1_t1_32000,1,32000,,375,0.8883,431.911,425.19083333333333,425.20500000000004,0.014071436771739986,416.456,472.234,0.8883,0.8883,40.5509,14.24705,15.9499,0.004291315,10.225,0.059443350000000006,40.5509,14.162099999999999,16.06765,0.004282975,10.24945,0.06741865,-3.63797e-15,2.91038e-14,/home/sunyahui/worktrees/FilterVectorCode_multilevel_special/runs/high_selectivity_formal_amazon_x1/layer1_t1_32000/sel_90/search_time_summary.csv
sel_90,query_minlen1_nested_avgsel90pct,0.9004633639,layer1_t1_32000,1,32000,,438,0.8916,452.726,452.24666666666667,453.725,0.011770172983457668,444.71,457.914,0.8916,0.8916,42.9146,14.3719,16.6069,0.004429025,11.9949,0.05675585,42.9146,14.38255,16.49755,0.00437627,11.9855,0.04461935,2.1827879999999997e-14,8.00355e-14,/home/sunyahui/worktrees/FilterVectorCode_multilevel_special/runs/high_selectivity_formal_amazon_x1/layer1_t1_32000/sel_90/search_time_summary.csv
sel_90,query_minlen1_nested_avgsel90pct,0.9004633639,layer1_t1_32000,1,32000,,500,0.8991,474.204,472.823,471.625,0.012662502064305968,466.897,483.941,0.8991,0.8991,44.92975,14.39245,16.9082,0.0045077,13.6815,0.06623305,44.89235,14.2455,16.9158,0.00452891,13.6546,0.07198235,-1.818987e-14,8.73115e-14,/home/sunyahui/worktrees/FilterVectorCode_multilevel_special/runs/high_selectivity_formal_amazon_x1/layer1_t1_32000/sel_90/search_time_summary.csv
sel_90,query_minlen1_nested_avgsel90pct,0.9004633639,layer1_t1_32000,1,32000,,750,0.9108,566.932,565.308,565.3685,0.011959211593761055,556.435,576.674,0.9108,0.9108,53.510400000000004,14.4956,18.214599999999997,0.0048417600000000005,20.89355,0.05784,53.510400000000004,14.4695,18.08765,0.004761275,20.884900000000002,0.06354095,-1.8189900000000002e-14,5.82077e-14,/home/sunyahui/worktrees/FilterVectorCode_multilevel_special/runs/high_selectivity_formal_amazon_x1/layer1_t1_32000/sel_90/search_time_summary.csv
sel_95,query_minlen1_nested_avgsel95pct,0.9501978063,layer1_t1_32000,1,32000,,250,0.8937,496.522,384.932,384.8035,0.01728469581030071,376.348,1166.06,0.8937,0.8937,36.57745,14.56485,14.856,0.00375225,7.055865000000001,0.0450316,36.57745,14.480699999999999,14.967500000000001,0.00380016,7.092525,0.032972,7.27595e-15,5.82077e-14,/home/sunyahui/worktrees/FilterVectorCode_multilevel_special/runs/high_selectivity_formal_amazon_x1/layer1_t1_32000/sel_95/search_time_summary.csv
sel_95,query_minlen1_nested_avgsel95pct,0.9501978063,layer1_t1_32000,1,32000,,312,0.8998,416.098,410.56466666666665,408.999,0.008127640262059251,407.477,449.302,0.8998,0.8998,38.99785,14.756350000000001,15.497,0.0039767299999999995,8.658660000000001,0.04484115,38.831,14.70515,15.446200000000001,0.0039885,8.623709999999999,0.05194185,-3.27418e-14,8.00355e-14,/home/sunyahui/worktrees/FilterVectorCode_multilevel_special/runs/high_selectivity_formal_amazon_x1/layer1_t1_32000/sel_95/search_time_summary.csv
sel_95,query_minlen1_nested_avgsel95pct,0.9501978063,layer1_t1_32000,1,32000,,375,0.9049,443.431,437.9868333333333,437.115,0.014482583215391363,429.608,476.098,0.9049,0.9049,41.78075,14.82145,16.2896,0.00405506,10.55965,0.0521597,41.78075,14.7691,16.40265,0.004186550000000001,10.55965,0.04515385,1.091395e-14,5.82077e-14,/home/sunyahui/worktrees/FilterVectorCode_multilevel_special/runs/high_selectivity_formal_amazon_x1/layer1_t1_32000/sel_95/search_time_summary.csv
sel_95,query_minlen1_nested_avgsel95pct,0.9501978063,layer1_t1_32000,1,32000,,438,0.9078,466.888,463.5015,459.4,0.027643780567077662,453.98,489.145,0.9078,0.9078,43.7836,14.815000000000001,16.529600000000002,0.0041456,12.324449999999999,0.06166035,43.73365,14.871500000000001,16.4821,0.004180405,12.3234,0.0524673,-1.8189900000000002e-14,5.09317e-14,/home/sunyahui/worktrees/FilterVectorCode_multilevel_special/runs/high_selectivity_formal_amazon_x1/layer1_t1_32000/sel_95/search_time_summary.csv
sel_95,query_minlen1_nested_avgsel95pct,0.9501978063,layer1_t1_32000,1,32000,,500,0.9137,492.842,489.2058333333333,486.3215,0.02140204418368432,480.721,514.662,0.9137,0.9137,46.2694,15.0134,17.051900000000003,0.0043066300000000005,14.1433,0.04858935,46.26165,15.03355,17.0008,0.004299374999999999,14.1284,0.09457945000000001,-1.4551949999999998e-14,8.73115e-14,/home/sunyahui/worktrees/FilterVectorCode_multilevel_special/runs/high_selectivity_formal_amazon_x1/layer1_t1_32000/sel_95/search_time_summary.csv
sel_95,query_minlen1_nested_avgsel95pct,0.9501978063,layer1_t1_32000,1,32000,,750,0.9236,589.951,585.7066666666667,584.193,0.010171269955271019,579.145,615.42,0.9236,0.9236,55.61985,15.1645,18.5399,0.004616485,21.7636,0.0665995,55.537549999999996,15.1265,18.4829,0.00457918,21.8599,0.06367755,3.274165e-14,1.60071e-13,/home/sunyahui/worktrees/FilterVectorCode_multilevel_special/runs/high_selectivity_formal_amazon_x1/layer1_t1_32000/sel_95/search_time_summary.csv
sel_967,query_minlen1_label1_sel967pct,0.9670165142,layer1_t1_32000,1,32000,,250,0.8997,424.15,399.50783333333334,399.21500000000003,0.005348817092309859,396.466,572.001,0.8997,0.8997,37.997550000000004,15.07105,15.50055,0.003737585,7.22027,0.04367085,37.9249,15.117049999999999,15.46825,0.00375503,7.2826,0.05322365,-2.5465829999999998e-14,8.00355e-14,/home/sunyahui/worktrees/FilterVectorCode_multilevel_special/runs/high_selectivity_formal_amazon_x1/layer1_t1_32000/sel_967/search_time_summary.csv
sel_967,query_minlen1_label1_sel967pct,0.9670165142,layer1_t1_32000,1,32000,,312,0.9049,422.145,422.9501666666667,422.054,0.014461554451589658,416.159,433.706,0.9049,0.9049,40.277649999999994,15.281500000000001,15.911249999999999,0.00383042,8.891115,0.05044575,40.277649999999994,15.3931,15.9833,0.00393158,8.846879999999999,0.05044575,1.091392e-14,4.36557e-14,/home/sunyahui/worktrees/FilterVectorCode_multilevel_special/runs/high_selectivity_formal_amazon_x1/layer1_t1_32000/sel_967/search_time_summary.csv
sel_967,query_minlen1_label1_sel967pct,0.9670165142,layer1_t1_32000,1,32000,,375,0.9095,449.525,447.8985,448.328,0.007064475251630545,444.544,459.287,0.9095,0.9095,42.88055,15.287849999999999,16.612900000000003,0.0039625300000000006,10.806000000000001,0.046255149999999995,42.71365,15.2044,16.55035,0.00400725,10.908999999999999,0.04587105,-1.45519e-14,4.36557e-14,/home/sunyahui/worktrees/FilterVectorCode_multilevel_special/runs/high_selectivity_formal_amazon_x1/layer1_t1_32000/sel_967/search_time_summary.csv
sel_967,query_minlen1_label1_sel967pct,0.9670165142,layer1_t1_32000,1,32000,,438,0.9115,476.301,475.4866666666667,476.3115,0.010774609873335835,467.398,482.171,0.9115,0.9115,45.3331,15.37145,17.2744,0.0040805500000000005,12.59855,0.0515506,45.438199999999995,15.443650000000002,17.3687,0.004076645,12.56195,0.05983145,-2.910382e-14,6.54836e-14,/home/sunyahui/worktrees/FilterVectorCode_multilevel_special/runs/high_selectivity_formal_amazon_x1/layer1_t1_32000/sel_967/search_time_summary.csv
sel_967,query_minlen1_label1_sel967pct,0.9670165142,layer1_t1_32000,1,32000,,500,0.9164,502.109,502.5061666666667,501.071,0.009680319470526168,497.101,509.779,0.9164,0.9164,47.8805,15.4506,17.6753,0.00417032,14.645399999999999,0.0552123,47.82385,15.41455,17.7282,0.00411408,14.6236,0.0534825,-1.8189900000000002e-14,8.73115e-14,/home/sunyahui/worktrees/FilterVectorCode_multilevel_special/runs/high_selectivity_formal_amazon_x1/layer1_t1_32000/sel_967/search_time_summary.csv
sel_967,query_minlen1_label1_sel967pct,0.9670165142,layer1_t1_32000,1,32000,,750,0.9262,600.239,599.0465,595.7465,0.017651500793278724,590.102,619.563,0.9262,0.9262,57.0927,15.87455,19.03175,0.004479645,22.100250000000003,0.05297305,57.12965,15.8092,19.16635,0.0045512999999999994,22.093049999999998,0.0565059,1.12777e-13,1.23691e-13,/home/sunyahui/worktrees/FilterVectorCode_multilevel_special/runs/high_selectivity_formal_amazon_x1/layer1_t1_32000/sel_967/search_time_summary.csv
sel_967,query_minlen1_label1_sel967pct,0.9670165142,layer1_t1_64000,1,64000,,250,0.8265,414.466,381.7153333333333,381.456,0.020242825539244648,370.776,610.968,0.8265,0.8265,36.32965,15.1809,14.36185,0.003526815,6.75389,0.05670385,36.442400000000006,15.1809,14.437899999999999,0.00354856,6.763415,0.05670385,-1.091395e-14,5.09317e-14,/home/sunyahui/worktrees/FilterVectorCode_multilevel_special/runs/high_selectivity_formal_amazon_x1/layer1_t1_64000/sel_967/search_time_summary.csv
sel_967,query_minlen1_label1_sel967pct,0.9670165142,layer1_t1_64000,1,64000,,312,0.8432,403.642,402.13,402.6815,0.015202092647077774,394.834,412.711,0.8432,0.8432,38.52719999999999,15.2391,14.66845,0.00365854,8.31473,0.06014735,38.62685,15.28265,14.963349999999998,0.003652575,8.31473,0.06246435,-1.45519e-14,7.27596e-14,/home/sunyahui/worktrees/FilterVectorCode_multilevel_special/runs/high_selectivity_formal_amazon_x1/layer1_t1_64000/sel_967/search_time_summary.csv
sel_967,query_minlen1_label1_sel967pct,0.9670165142,layer1_t1_64000,1,64000,,375,0.8509,425.287,422.49216666666666,419.5755,0.01705789961586891,417.249,442.056,0.8509,0.8509,40.34425,15.3218,15.085650000000001,0.00378624,9.923885,0.05279555,40.0541,15.12845,14.991800000000001,0.003785895,9.87264,0.057435299999999995,-2.546585e-14,6.54836e-14,/home/sunyahui/worktrees/FilterVectorCode_multilevel_special/runs/high_selectivity_formal_amazon_x1/layer1_t1_64000/sel_967/search_time_summary.csv
sel_967,query_minlen1_label1_sel967pct,0.9670165142,layer1_t1_64000,1,64000,,438,0.8621,454.101,448.6761666666667,448.08349999999996,0.01978716906439385,438.271,486.651,0.8621,0.8621,42.72395,15.3849,15.5749,0.003923825,11.72855,0.06122065,42.72395,15.34145,15.5749,0.00391501,11.72855,0.07504625,1.8189900000000002e-14,7.27596e-14,/home/sunyahui/worktrees/FilterVectorCode_multilevel_special/runs/high_selectivity_formal_amazon_x1/layer1_t1_64000/sel_967/search_time_summary.csv
sel_967,query_minlen1_label1_sel967pct,0.9670165142,layer1_t1_64000,1,64000,,500,0.8701,474.309,471.6385,471.3025,0.01581212275030343,463.53,490.334,0.8701,0.8701,44.956,15.43595,16.064300000000003,0.003966105,13.394400000000001,0.06689925,44.956,15.45405,16.06185,0.0039780449999999995,13.3688,0.06734155,0.0,1.01863e-13,/home/sunyahui/worktrees/FilterVectorCode_multilevel_special/runs/high_selectivity_formal_amazon_x1/layer1_t1_64000/sel_967/search_time_summary.csv
sel_967,query_minlen1_label1_sel967pct,0.9670165142,layer1_t1_64000,1,64000,,750,0.8909,569.22,566.0366666666666,563.687,0.02483779320573544,554.02,593.172,0.8909,0.8909,53.6062,15.68195,17.24495,0.0041870499999999995,20.709049999999998,0.06622205,54.09195,15.81345,17.3815,0.004250439999999999,20.82445,0.0682165,-4.3655749999999996e-14,6.54836e-14,/home/sunyahui/worktrees/FilterVectorCode_multilevel_special/runs/high_selectivity_formal_amazon_x1/layer1_t1_64000/sel_967/search_time_summary.csv
sel_100,query_empty_full100pct,1.0,layer2_t1_16000_t2_100000,2,16000,100000,25,0.8651,414.319,392.5758333333333,394.9975,0.022283733315849184,379.607,544.776,0.8651,0.8651,37.53805,9.89718,25.829700000000003,0.00340939,1.8632,0.042568800000000004,37.53805,9.783000000000001,25.829700000000003,0.00340312,1.8811200000000001,0.04080525,0.0,7.27596e-14,/home/sunyahui/worktrees/FilterVectorCode_multilevel_special/runs/high_selectivity_formal_amazon_x1/layer2_t1_16000_t2_100000/sel_100/search_time_summary.csv
sel_100,query_empty_full100pct,1.0,layer2_t1_16000_t2_100000,2,16000,100000,31,0.8729,395.753,396.27683333333334,395.74350000000004,0.01018633442554011,391.57,403.436,0.8729,0.8729,37.73735,9.94537,25.7303,0.003399485,2.1757400000000002,0.04954815,37.73735,9.867215000000002,25.662799999999997,0.0033758800000000004,2.1471850000000003,0.056770799999999996,1.8189900000000002e-14,3.63798e-14,/home/sunyahui/worktrees/FilterVectorCode_multilevel_special/runs/high_selectivity_formal_amazon_x1/layer2_t1_16000_t2_100000/sel_100/search_time_summary.csv
sel_100,query_empty_full100pct,1.0,layer2_t1_16000_t2_100000,2,16000,100000,38,0.8835,417.582,412.91066666666666,415.1175,0.014742089960012805,403.237,445.609,0.8835,0.8835,39.72165,9.891435000000001,27.265700000000002,0.0035519,2.58106,0.0458422,39.72165,9.650825000000001,27.43405,0.00358042,2.580775,0.0524178,-4.001778e-14,7.27596e-14,/home/sunyahui/worktrees/FilterVectorCode_multilevel_special/runs/high_selectivity_formal_amazon_x1/layer2_t1_16000_t2_100000/sel_100/search_time_summary.csv
sel_100,query_empty_full100pct,1.0,layer2_t1_16000_t2_100000,2,16000,100000,44,0.886,420.322,422.1445,416.1905,0.0439493716612353,405.235,458.107,0.886,0.886,39.6689,9.811914999999999,27.106250000000003,0.00349851,2.7931749999999997,0.0409544,39.6689,9.7361,27.106250000000003,0.003540235,2.77079,0.052218150000000005,1.091393e-14,5.09317e-14,/home/sunyahui/worktrees/FilterVectorCode_multilevel_special/runs/high_selectivity_formal_amazon_x1/layer2_t1_16000_t2_100000/sel_100/search_time_summary.csv
sel_100,query_empty_full100pct,1.0,layer2_t1_16000_t2_100000,2,16000,100000,50,0.8889,418.211,418.66066666666666,418.91700000000003,0.01218090380900195,412.481,424.786,0.8889,0.8889,40.04005,9.874225,26.8896,0.00351533,3.052625,0.05164085,39.9662,10.00309,26.814799999999998,0.0034616200000000003,3.086725,0.0580682,2.91038e-14,4.36557e-14,/home/sunyahui/worktrees/FilterVectorCode_multilevel_special/runs/high_selectivity_formal_amazon_x1/layer2_t1_16000_t2_100000/sel_100/search_time_summary.csv
sel_100,query_empty_full100pct,1.0,layer2_t1_16000_t2_100000,2,16000,100000,100,0.9166,463.826,465.0146666666667,464.44050000000004,0.011038330106723698,456.694,470.958,0.9166,0.9166,44.33195,9.848205,29.2383,0.0037794400000000002,5.2163,0.0405207,44.45055,9.848655,29.336750000000002,0.003832905,5.210459999999999,0.05080275,2.9103799999999995e-14,8.00355e-14,/home/sunyahui/worktrees/FilterVectorCode_multilevel_special/runs/high_selectivity_formal_amazon_x1/layer2_t1_16000_t2_100000/sel_100/search_time_summary.csv
sel_80,query_minlen1_nested_avgsel80pct,0.8002369928,layer2_t1_16000_t2_100000,2,16000,100000,250,0.8634,1300.24,387.0785,386.25,0.00772785951071897,383.849,6779.18,0.8634,0.8634,36.63465,12.581,14.7301,0.004832465,9.27449,0.053772650000000005,36.54965,12.55885,14.6421,0.0049130400000000005,9.290015,0.053772650000000005,0.0,5.82077e-14,/home/sunyahui/worktrees/FilterVectorCode_multilevel_special/runs/high_selectivity_formal_amazon_x1/layer2_t1_16000_t2_100000/sel_80/search_time_summary.csv
sel_80,query_minlen1_nested_avgsel80pct,0.8002369928,layer2_t1_16000_t2_100000,2,16000,100000,281,0.8671,403.885,400.659,401.2745,0.01609949024397784,390.645,423.238,0.8671,0.8671,38.0747,12.70575,15.100750000000001,0.004981895,10.260000000000002,0.0520362,38.02355,12.69595,14.99365,0.00491337,10.27415,0.0548359,1.4551929999999998e-14,5.82077e-14,/home/sunyahui/worktrees/FilterVectorCode_multilevel_special/runs/high_selectivity_formal_amazon_x1/layer2_t1_16000_t2_100000/sel_80/search_time_summary.csv
sel_80,query_minlen1_nested_avgsel80pct,0.8002369928,layer2_t1_16000_t2_100000,2,16000,100000,312,0.8726,418.851,415.4243333333333,415.879,0.00657374756758361,410.458,439.415,0.8726,0.8726,39.55765,12.78305,15.28125,0.005112864999999999,11.3953,0.04720265,39.60425,12.9145,15.28125,0.005124795,11.36055,0.04281965,2.182785e-14,6.54836e-14,/home/sunyahui/worktrees/FilterVectorCode_multilevel_special/runs/high_selectivity_formal_amazon_x1/layer2_t1_16000_t2_100000/sel_80/search_time_summary.csv
sel_80,query_minlen1_nested_avgsel80pct,0.8002369928,layer2_t1_16000_t2_100000,2,16000,100000,344,0.8749,434.886,432.01916666666665,432.3725,0.011038053526557666,425.863,452.09,0.8749,0.8749,40.8815,12.8167,15.5378,0.0051982899999999995,12.4304,0.05184105,40.65975,12.72365,15.482,0.005254325,12.39125,0.057565450000000004,7.27595e-15,7.27596e-14,/home/sunyahui/worktrees/FilterVectorCode_multilevel_special/runs/high_selectivity_formal_amazon_x1/layer2_t1_16000_t2_100000/sel_80/search_time_summary.csv
sel_80,query_minlen1_nested_avgsel80pct,0.8002369928,layer2_t1_16000_t2_100000,2,16000,100000,375,0.8755,443.975,442.07733333333334,440.34400000000005,0.014041484151094177,435.218,455.363,0.8755,0.8755,42.0453,12.858699999999999,15.693,0.0053142,13.5114,0.05431455,41.8214,12.8124,15.50665,0.005330145,13.4413,0.05571545,2.910385e-14,6.54836e-14,/home/sunyahui/worktrees/FilterVectorCode_multilevel_special/runs/high_selectivity_formal_amazon_x1/layer2_t1_16000_t2_100000/sel_80/search_time_summary.csv
sel_80,query_minlen1_nested_avgsel80pct,0.8002369928,layer2_t1_16000_t2_100000,2,16000,100000,500,0.8886,501.924,499.68466666666666,498.067,0.008693381766092061,495.373,515.361,0.8886,0.8886,47.1913,13.017800000000001,16.28065,0.00575379,17.890900000000002,0.052311300000000005,47.1913,12.97415,16.2616,0.005811705,17.890900000000002,0.0588505,-1.01863e-13,1.01863e-13,/home/sunyahui/worktrees/FilterVectorCode_multilevel_special/runs/high_selectivity_formal_amazon_x1/layer2_t1_16000_t2_100000/sel_80/search_time_summary.csv
sel_85,query_minlen1_nested_avgsel85pct,0.8496712723,layer2_t1_16000_t2_100000,2,16000,100000,125,0.8747,946.538,336.43266666666665,335.7785,0.01994632625190126,328.802,4607.17,0.8747,0.8747,31.7898,12.7883,13.639199999999999,0.00412051,5.258235,0.053568000000000005,31.817700000000002,12.9161,13.609649999999998,0.004144770000000001,5.234915,0.05292135,7.27594e-15,7.63976e-14,/home/sunyahui/worktrees/FilterVectorCode_multilevel_special/runs/high_selectivity_formal_amazon_x1/layer2_t1_16000_t2_100000/sel_85/search_time_summary.csv
sel_85,query_minlen1_nested_avgsel85pct,0.8496712723,layer2_t1_16000_t2_100000,2,16000,100000,156,0.878,359.435,354.99483333333336,355.23850000000004,0.011636140015030471,349.261,386.073,0.878,0.878,33.557,13.0478,14.1445,0.00421836,6.43163,0.044730000000000006,33.540499999999994,13.0472,14.05855,0.00421836,6.39226,0.038302050000000004,1.091395e-14,5.09317e-14,/home/sunyahui/worktrees/FilterVectorCode_multilevel_special/runs/high_selectivity_formal_amazon_x1/layer2_t1_16000_t2_100000/sel_85/search_time_summary.csv
sel_85,query_minlen1_nested_avgsel85pct,0.8496712723,layer2_t1_16000_t2_100000,2,16000,100000,188,0.8828,377.618,374.7416666666667,374.7475,0.014521226979239705,367.47,394.877,0.8828,0.8828,35.41995,13.0463,14.70725,0.00434404,7.56867,0.058203950000000004,35.41995,13.19095,14.62355,0.004357585000000001,7.5639400000000006,0.03717675,0.0,3.63798e-14,/home/sunyahui/worktrees/FilterVectorCode_multilevel_special/runs/high_selectivity_formal_amazon_x1/layer2_t1_16000_t2_100000/sel_85/search_time_summary.csv
sel_85,query_minlen1_nested_avgsel85pct,0.8496712723,layer2_t1_16000_t2_100000,2,16000,100000,219,0.8845,389.876,387.821,387.8655,0.021543019749250283,376.967,402.204,0.8845,0.8845,36.65135,13.0348,14.939,0.004409655,8.68041,0.046930150000000004,36.65135,13.00395,14.939,0.004455785,8.657475,0.04650445,-7.27595e-15,2.91038e-14,/home/sunyahui/worktrees/FilterVectorCode_multilevel_special/runs/high_selectivity_formal_amazon_x1/layer2_t1_16000_t2_100000/sel_85/search_time_summary.csv
sel_85,query_minlen1_nested_avgsel85pct,0.8496712723,layer2_t1_16000_t2_100000,2,16000,100000,250,0.888,407.572,405.62016666666665,403.47950000000003,0.012245598348696535,402.5,419.283,0.888,0.888,38.479,13.053899999999999,15.3941,0.004628825,9.968509999999998,0.059149900000000005,38.479,13.0297,15.42455,0.004628825,9.968509999999998,0.0515942,1.091392e-14,5.82077e-14,/home/sunyahui/worktrees/FilterVectorCode_multilevel_special/runs/high_selectivity_formal_amazon_x1/layer2_t1_16000_t2_100000/sel_85/search_time_summary.csv
sel_85,query_minlen1_nested_avgsel85pct,0.8496712723,layer2_t1_16000_t2_100000,2,16000,100000,375,0.8991,477.916,476.87683333333337,478.22900000000004,0.01654261462394205,465.264,484.664,0.8991,0.8991,45.04535,13.2542,16.888550000000002,0.0049412250000000005,14.8403,0.05606815,45.15275,13.38185,16.851,0.004992975,14.8596,0.05534045,-2.1827850000000002e-14,3.63798e-14,/home/sunyahui/worktrees/FilterVectorCode_multilevel_special/runs/high_selectivity_formal_amazon_x1/layer2_t1_16000_t2_100000/sel_85/search_time_summary.csv
sel_90,query_minlen1_nested_avgsel90pct,0.9004633639,layer2_t1_16000_t2_100000,2,16000,100000,125,0.898,674.135,358.89116666666666,360.353,0.03006202972743318,345.742,2565.6,0.898,0.898,34.09545,13.96735,14.2964,0.0042071,5.58001,0.0571126,34.09545,14.10925,14.2964,0.004289815000000001,5.618885000000001,0.06655445,-2.18279e-14,7.27596e-14,/home/sunyahui/worktrees/FilterVectorCode_multilevel_special/runs/high_selectivity_formal_amazon_x1/layer2_t1_16000_t2_100000/sel_90/search_time_summary.csv
sel_90,query_minlen1_nested_avgsel90pct,0.9004633639,layer2_t1_16000_t2_100000,2,16000,100000,156,0.9011,374.32,371.5965,372.253,0.012248766447213203,365.276,390.66,0.9011,0.9011,35.72485,13.994299999999999,14.78435,0.004385735,6.747885,0.0514009,35.7624,13.994299999999999,14.95945,0.00435723,6.75076,0.05355435,2.910385e-14,5.82077e-14,/home/sunyahui/worktrees/FilterVectorCode_multilevel_special/runs/high_selectivity_formal_amazon_x1/layer2_t1_16000_t2_100000/sel_90/search_time_summary.csv
sel_90,query_minlen1_nested_avgsel90pct,0.9004633639,layer2_t1_16000_t2_100000,2,16000,100000,188,0.9057,392.635,391.4105,386.9835,0.036144479022636414,378.263,418.21,0.9057,0.9057,36.9131,14.068249999999999,15.013950000000001,0.00454079,7.96272,0.04561405,36.87605,13.97455,15.051,0.00458662,7.80702,0.0388987,0.0,4.36557e-14,/home/sunyahui/worktrees/FilterVectorCode_multilevel_special/runs/high_selectivity_formal_amazon_x1/layer2_t1_16000_t2_100000/sel_90/search_time_summary.csv
sel_90,query_minlen1_nested_avgsel90pct,0.9004633639,layer2_t1_16000_t2_100000,2,16000,100000,219,0.9073,410.571,409.41383333333334,406.6535,0.02209488198288243,398.713,424.951,0.9073,0.9073,38.768,14.168949999999999,15.44905,0.00472621,9.146505000000001,0.054298,38.65385,14.168949999999999,15.350249999999999,0.00477994,9.07227,0.05761935,7.27595e-15,6.54836e-14,/home/sunyahui/worktrees/FilterVectorCode_multilevel_special/runs/high_selectivity_formal_amazon_x1/layer2_t1_16000_t2_100000/sel_90/search_time_summary.csv
sel_90,query_minlen1_nested_avgsel90pct,0.9004633639,layer2_t1_16000_t2_100000,2,16000,100000,250,0.9101,436.084,437.4406666666667,431.775,0.06384787815266327,416.348,491.87,0.9101,0.9101,40.932900000000004,14.29975,16.1142,0.00487245,10.4317,0.05115835,40.932900000000004,14.338750000000001,16.1142,0.004894855,10.4317,0.04334785,-2.91038e-14,4.36557e-14,/home/sunyahui/worktrees/FilterVectorCode_multilevel_special/runs/high_selectivity_formal_amazon_x1/layer2_t1_16000_t2_100000/sel_90/search_time_summary.csv
sel_90,query_minlen1_nested_avgsel90pct,0.9004633639,layer2_t1_16000_t2_100000,2,16000,100000,375,0.9218,494.745,493.5643333333333,493.3515,0.016239697293743367,480.693,503.074,0.9218,0.9218,47.13115,14.52085,17.263849999999998,0.005506005,15.413350000000001,0.051630499999999996,47.13115,14.3564,17.263849999999998,0.005537495,15.413350000000001,0.09198825,4.001775e-14,6.54836e-14,/home/sunyahui/worktrees/FilterVectorCode_multilevel_special/runs/high_selectivity_formal_amazon_x1/layer2_t1_16000_t2_100000/sel_90/search_time_summary.csv
sel_95,query_minlen1_nested_avgsel95pct,0.9501978063,layer2_t1_16000_t2_100000,2,16000,100000,125,0.9214,445.96,362.83683333333335,363.516,0.019842623251593767,354.309,944.697,0.9214,0.9214,34.21225,14.579049999999999,13.8354,0.003815345,5.680895,0.0395984,34.21225,14.669550000000001,13.82305,0.00377293,5.680895,0.03497435,1.091395e-14,9.45874e-14,/home/sunyahui/worktrees/FilterVectorCode_multilevel_special/runs/high_selectivity_formal_amazon_x1/layer2_t1_16000_t2_100000/sel_95/search_time_summary.csv
sel_95,query_minlen1_nested_avgsel95pct,0.9501978063,layer2_t1_16000_t2_100000,2,16000,100000,156,0.9237,417.436,415.97616666666664,389.9625,0.17446496589938168,378.373,563.74,0.9237,0.9237,36.9619,14.8325,14.9975,0.00393933,6.85139,0.04579305,36.9619,14.8085,15.2584,0.003905365,6.85139,0.039726449999999996,-1.0913949999999998e-14,3.63798e-14,/home/sunyahui/worktrees/FilterVectorCode_multilevel_special/runs/high_selectivity_formal_amazon_x1/layer2_t1_16000_t2_100000/sel_95/search_time_summary.csv
sel_95,query_minlen1_nested_avgsel95pct,0.9501978063,layer2_t1_16000_t2_100000,2,16000,100000,188,0.9264,403.686,399.37083333333334,397.361,0.020056566372224714,390.745,429.577,0.9264,0.9264,37.80735,14.69135,15.09895,0.004018625,8.096595,0.042562249999999996,37.7832,14.69135,15.020900000000001,0.004008365,8.02298,0.043959349999999994,1.81899e-14,8.00355e-14,/home/sunyahui/worktrees/FilterVectorCode_multilevel_special/runs/high_selectivity_formal_amazon_x1/layer2_t1_16000_t2_100000/sel_95/search_time_summary.csv
sel_95,query_minlen1_nested_avgsel95pct,0.9501978063,layer2_t1_16000_t2_100000,2,16000,100000,219,0.928,421.864,418.98816666666664,418.3565,0.012745297279227923,412.243,439.12,0.928,0.928,39.90865,14.9052,15.575600000000001,0.004155745,9.389105,0.04776759999999999,39.90865,14.885349999999999,15.61205,0.0041468,9.359355,0.04776759999999999,4.001775e-14,8.00355e-14,/home/sunyahui/worktrees/FilterVectorCode_multilevel_special/runs/high_selectivity_formal_amazon_x1/layer2_t1_16000_t2_100000/sel_95/search_time_summary.csv
sel_95,query_minlen1_nested_avgsel95pct,0.9501978063,layer2_t1_16000_t2_100000,2,16000,100000,250,0.9304,435.766,432.4193333333333,432.53700000000003,0.01452873386754779,425.31,455.849,0.9304,0.9304,41.1748,14.83915,15.782800000000002,0.004195045,10.53575,0.0514377,41.1618,14.90935,15.66755,0.004195145,10.53575,0.04501935,7.275949999999999e-15,9.45874e-14,/home/sunyahui/worktrees/FilterVectorCode_multilevel_special/runs/high_selectivity_formal_amazon_x1/layer2_t1_16000_t2_100000/sel_95/search_time_summary.csv
sel_95,query_minlen1_nested_avgsel95pct,0.9501978063,layer2_t1_16000_t2_100000,2,16000,100000,375,0.941,517.789,515.9033333333333,505.746,0.06264326164912215,495.98,580.595,0.941,0.941,47.7462,15.1701,17.04635,0.0045344949999999995,15.5293,0.0589976,47.7462,15.1318,17.04635,0.004553055,15.50455,0.0589976,2.546585e-14,5.82077e-14,/home/sunyahui/worktrees/FilterVectorCode_multilevel_special/runs/high_selectivity_formal_amazon_x1/layer2_t1_16000_t2_100000/sel_95/search_time_summary.csv
sel_967,query_minlen1_label1_sel967pct,0.9670165142,layer2_t1_16000_t2_100000,2,16000,100000,125,0.9289,396.837,373.12733333333335,372.98350000000005,0.008836108929748645,369.658,539.095,0.9289,0.9289,35.53235,14.81195,14.81295,0.00381605,5.85852,0.03965995,35.5538,14.643650000000001,14.9546,0.003845725,5.90677,0.044942899999999994,-5.09317e-14,5.09317e-14,/home/sunyahui/worktrees/FilterVectorCode_multilevel_special/runs/high_selectivity_formal_amazon_x1/layer2_t1_16000_t2_100000/sel_967/search_time_summary.csv
sel_967,query_minlen1_label1_sel967pct,0.9670165142,layer2_t1_16000_t2_100000,2,16000,100000,156,0.931,396.999,397.1143333333333,395.3335,0.01615917080324693,391.324,406.709,0.931,0.931,37.63845,15.1174,15.22505,0.004003385,7.13411,0.04198565,37.5293,15.07255,15.408,0.003938215,7.009125,0.03567635,2.5465829999999998e-14,1.01863e-13,/home/sunyahui/worktrees/FilterVectorCode_multilevel_special/runs/high_selectivity_formal_amazon_x1/layer2_t1_16000_t2_100000/sel_967/search_time_summary.csv
sel_967,query_minlen1_label1_sel967pct,0.9670165142,layer2_t1_16000_t2_100000,2,16000,100000,188,0.9334,418.876,417.171,415.32050000000004,0.01353185636231031,411.467,429.107,0.9334,0.9334,39.602000000000004,15.0078,15.970600000000001,0.004205035,8.487775,0.0449752,39.467,15.258600000000001,15.714649999999999,0.004205035,8.450385,0.03920875,7.275949999999999e-15,8.73115e-14,/home/sunyahui/worktrees/FilterVectorCode_multilevel_special/runs/high_selectivity_formal_amazon_x1/layer2_t1_16000_t2_100000/sel_967/search_time_summary.csv
sel_967,query_minlen1_label1_sel967pct,0.9670165142,layer2_t1_16000_t2_100000,2,16000,100000,219,0.9349,435.6,430.5921666666667,431.95550000000003,0.009984886440676086,423.644,465.648,0.9349,0.9349,41.26195,15.1445,16.26705,0.004281780000000001,9.72922,0.04158415,41.2648,15.06055,16.3833,0.004272,9.77507,0.04158415,2.182785e-14,6.54836e-14,/home/sunyahui/worktrees/FilterVectorCode_multilevel_special/runs/high_selectivity_formal_amazon_x1/layer2_t1_16000_t2_100000/sel_967/search_time_summary.csv
sel_967,query_minlen1_label1_sel967pct,0.9670165142,layer2_t1_16000_t2_100000,2,16000,100000,250,0.9365,449.974,449.2311666666667,449.23199999999997,0.007105002200314521,445.032,454.434,0.9365,0.9365,42.98715,15.30845,16.61365,0.004466785,11.06605,0.0433464,43.0347,15.2454,16.61365,0.004464715,11.1279,0.0433464,-1.81899e-14,5.82077e-14,/home/sunyahui/worktrees/FilterVectorCode_multilevel_special/runs/high_selectivity_formal_amazon_x1/layer2_t1_16000_t2_100000/sel_967/search_time_summary.csv
sel_967,query_minlen1_label1_sel967pct,0.9670165142,layer2_t1_16000_t2_100000,2,16000,100000,375,0.9458,531.188,529.5606666666666,532.4285,0.013727981169531289,518.69,540.954,0.9458,0.9458,50.816649999999996,15.53915,18.3156,0.00500945,16.509349999999998,0.0534422,50.82245,15.56555,18.45615,0.00500945,16.7434,0.052399,3.6379769999999996e-14,8.00355e-14,/home/sunyahui/worktrees/FilterVectorCode_multilevel_special/runs/high_selectivity_formal_amazon_x1/layer2_t1_16000_t2_100000/sel_967/search_time_summary.csv
sel_100,query_empty_full100pct,1.0,layer2_t1_16000_t2_200000,2,16000,200000,25,0.8895,420.552,407.9098333333333,405.81600000000003,0.025340790106058168,396.667,496.402,0.8895,0.8895,38.90665,10.2171,26.64695,0.0033230300000000003,2.06278,0.0400541,38.90665,10.12855,26.64695,0.00330441,2.08522,0.04257065,1.4551899999999997e-14,4.36557e-14,/home/sunyahui/worktrees/FilterVectorCode_multilevel_special/runs/high_selectivity_formal_amazon_x1/layer2_t1_16000_t2_200000/sel_100/search_time_summary.csv
sel_100,query_empty_full100pct,1.0,layer2_t1_16000_t2_200000,2,16000,200000,31,0.8966,403.854,409.05899999999997,407.5395,0.02322484555885196,372.623,424.529,0.8966,0.8966,38.8447,10.07188,26.43575,0.00337159,2.334695,0.03853725,38.6789,10.230995,26.1408,0.00337159,2.266765,0.0369354,-2.910385e-14,8.00355e-14,/home/sunyahui/worktrees/FilterVectorCode_multilevel_special/runs/high_selectivity_formal_amazon_x1/layer2_t1_16000_t2_200000/sel_100/search_time_summary.csv
sel_100,query_empty_full100pct,1.0,layer2_t1_16000_t2_200000,2,16000,200000,38,0.9018,416.43,419.5865,417.0925,0.027278650603229697,397.49,434.416,0.9018,0.9018,39.69185,10.32955,26.64545,0.0032696599999999998,2.66161,0.042254200000000006,39.52525,10.4561,26.3423,0.0030772300000000002,2.68791,0.035853750000000004,-1.455192e-14,4.36557e-14,/home/sunyahui/worktrees/FilterVectorCode_multilevel_special/runs/high_selectivity_formal_amazon_x1/layer2_t1_16000_t2_200000/sel_100/search_time_summary.csv
sel_100,query_empty_full100pct,1.0,layer2_t1_16000_t2_200000,2,16000,200000,44,0.9044,433.236,429.3271666666667,428.043,0.029286696040189148,416.343,456.691,0.9044,0.9044,41.212599999999995,10.1801,28.0243,0.0035393200000000003,3.04861,0.03326975,41.230850000000004,10.10345,28.0243,0.003499585,3.0608199999999997,0.038797899999999996,-7.275950000000002e-15,6.54836e-14,/home/sunyahui/worktrees/FilterVectorCode_multilevel_special/runs/high_selectivity_formal_amazon_x1/layer2_t1_16000_t2_200000/sel_100/search_time_summary.csv
sel_100,query_empty_full100pct,1.0,layer2_t1_16000_t2_200000,2,16000,200000,50,0.9068,430.234,434.21916666666664,431.3665,0.030129188223538425,406.325,459.784,0.9068,0.9068,41.39505,10.07005,27.9718,0.0035849799999999998,3.27867,0.0399824,41.39505,10.084610000000001,27.982300000000002,0.00362132,3.27867,0.0458219,5.09317e-14,5.82077e-14,/home/sunyahui/worktrees/FilterVectorCode_multilevel_special/runs/high_selectivity_formal_amazon_x1/layer2_t1_16000_t2_200000/sel_100/search_time_summary.csv
sel_100,query_empty_full100pct,1.0,layer2_t1_16000_t2_200000,2,16000,200000,100,0.919,476.82,479.814,480.4635,0.011937510218689253,458.858,486.598,0.919,0.919,45.99625,9.823465,30.57475,0.00390438,5.518635,0.046417349999999996,45.99625,9.82262,30.57475,0.00393929,5.547280000000001,0.0476487,-2.5465849999999997e-14,7.27596e-14,/home/sunyahui/worktrees/FilterVectorCode_multilevel_special/runs/high_selectivity_formal_amazon_x1/layer2_t1_16000_t2_200000/sel_100/search_time_summary.csv
sel_80,query_minlen1_nested_avgsel80pct,0.8002369928,layer2_t1_16000_t2_200000,2,16000,200000,250,0.8678,1247.69,387.5126666666667,387.8005,0.009088519406356627,383.742,6408.74,0.8678,0.8678,36.718199999999996,12.333200000000001,14.9101,0.004315975,9.450955,0.050584699999999996,36.718199999999996,12.443850000000001,14.78735,0.00428389,9.421945000000001,0.0608129,4.3655749999999996e-14,7.27596e-14,/home/sunyahui/worktrees/FilterVectorCode_multilevel_special/runs/high_selectivity_formal_amazon_x1/layer2_t1_16000_t2_200000/sel_80/search_time_summary.csv
sel_80,query_minlen1_nested_avgsel80pct,0.8002369928,layer2_t1_16000_t2_200000,2,16000,200000,281,0.8727,408.8,404.3395,403.5885,0.01253030290809998,398.688,435.561,0.8727,0.8727,38.26625,12.40565,15.10405,0.004346795,10.62705,0.046176949999999994,38.314800000000005,12.330400000000001,15.2665,0.004435649999999999,10.66845,0.04499285,3.63798e-15,4.36557e-14,/home/sunyahui/worktrees/FilterVectorCode_multilevel_special/runs/high_selectivity_formal_amazon_x1/layer2_t1_16000_t2_200000/sel_80/search_time_summary.csv
sel_80,query_minlen1_nested_avgsel80pct,0.8002369928,layer2_t1_16000_t2_200000,2,16000,200000,312,0.8781,448.256,418.8636666666667,418.18399999999997,0.018422671005868984,410.534,624.611,0.8781,0.8781,39.7024,12.41915,15.6252,0.004495495,11.6044,0.051925849999999996,39.7024,12.35515,15.6252,0.00450171,11.67085,0.04671065,-3.27418e-14,5.09317e-14,/home/sunyahui/worktrees/FilterVectorCode_multilevel_special/runs/high_selectivity_formal_amazon_x1/layer2_t1_16000_t2_200000/sel_80/search_time_summary.csv
sel_80,query_minlen1_nested_avgsel80pct,0.8002369928,layer2_t1_16000_t2_200000,2,16000,200000,344,0.8805,438.964,436.0403333333333,436.1065,0.007021140237086391,431.085,456.506,0.8805,0.8805,41.3575,12.49805,15.859300000000001,0.004558995,12.9158,0.05699175,41.3553,12.5504,15.8411,0.004523955,12.9098,0.0494574,-3.27418e-14,8.00355e-14,/home/sunyahui/worktrees/FilterVectorCode_multilevel_special/runs/high_selectivity_formal_amazon_x1/layer2_t1_16000_t2_200000/sel_80/search_time_summary.csv
sel_80,query_minlen1_nested_avgsel80pct,0.8002369928,layer2_t1_16000_t2_200000,2,16000,200000,375,0.881,451.775,450.74833333333333,450.898,0.01386413820894093,443.464,459.196,0.881,0.881,42.6844,12.5119,15.999649999999999,0.0046148149999999995,14.00875,0.05305205,42.6844,12.612549999999999,15.999649999999999,0.004531335,14.00875,0.058949249999999995,3.6379800000000003e-14,7.27596e-14,/home/sunyahui/worktrees/FilterVectorCode_multilevel_special/runs/high_selectivity_formal_amazon_x1/layer2_t1_16000_t2_200000/sel_80/search_time_summary.csv
sel_80,query_minlen1_nested_avgsel80pct,0.8002369928,layer2_t1_16000_t2_200000,2,16000,200000,500,0.8898,511.59,509.5181666666667,512.6305,0.010961693511452984,500.768,524.024,0.8898,0.8898,48.525999999999996,12.675699999999999,17.1345,0.0048809149999999996,18.59655,0.059273900000000004,48.707049999999995,12.77565,17.14245,0.004904025,18.7212,0.06284870000000001,-7.27597e-15,1.38243e-13,/home/sunyahui/worktrees/FilterVectorCode_multilevel_special/runs/high_selectivity_formal_amazon_x1/layer2_t1_16000_t2_200000/sel_80/search_time_summary.csv
sel_85,query_minlen1_nested_avgsel85pct,0.8496712723,layer2_t1_16000_t2_200000,2,16000,200000,125,0.8774,968.318,333.88733333333334,334.599,0.00721320872399766,329.681,4774.9,0.8774,0.8774,31.62855,12.92005,13.409500000000001,0.004054459999999999,5.265555,0.0522773,31.71555,12.886,13.5836,0.004078305,5.192945,0.0488571,-3.81988e-14,4.36557e-14,/home/sunyahui/worktrees/FilterVectorCode_multilevel_special/runs/high_selectivity_formal_amazon_x1/layer2_t1_16000_t2_200000/sel_85/search_time_summary.csv
sel_85,query_minlen1_nested_avgsel85pct,0.8496712723,layer2_t1_16000_t2_200000,2,16000,200000,156,0.8811,356.45,354.30033333333336,355.931,0.014979005906248115,344.383,369.35,0.8811,0.8811,33.655950000000004,12.86515,14.2455,0.004271405000000001,6.40188,0.054828550000000004,33.66645,12.9384,14.2757,0.0043584,6.3910149999999994,0.0570465,1.4551949999999998e-14,5.82077e-14,/home/sunyahui/worktrees/FilterVectorCode_multilevel_special/runs/high_selectivity_formal_amazon_x1/layer2_t1_16000_t2_200000/sel_85/search_time_summary.csv
sel_85,query_minlen1_nested_avgsel85pct,0.8496712723,layer2_t1_16000_t2_200000,2,16000,200000,188,0.8871,393.935,395.98066666666665,368.66949999999997,0.17917897282684359,358.12,540.378,0.8871,0.8871,34.73225,12.80465,14.415600000000001,0.004268755,7.541105,0.044390200000000005,34.72585,12.79395,14.349450000000001,0.0042986199999999995,7.53567,0.04245715,-1.091395e-14,5.09317e-14,/home/sunyahui/worktrees/FilterVectorCode_multilevel_special/runs/high_selectivity_formal_amazon_x1/layer2_t1_16000_t2_200000/sel_85/search_time_summary.csv
sel_85,query_minlen1_nested_avgsel85pct,0.8496712723,layer2_t1_16000_t2_200000,2,16000,200000,219,0.8899,389.947,387.12033333333335,388.293,0.014350616760886994,379.782,406.909,0.8899,0.8899,36.578649999999996,12.8785,14.9311,0.0043930900000000005,8.796915,0.0496285,36.823750000000004,12.9617,15.00205,0.0043930900000000005,8.80786,0.04773445,1.45519e-14,5.82077e-14,/home/sunyahui/worktrees/FilterVectorCode_multilevel_special/runs/high_selectivity_formal_amazon_x1/layer2_t1_16000_t2_200000/sel_85/search_time_summary.csv
sel_85,query_minlen1_nested_avgsel85pct,0.8496712723,layer2_t1_16000_t2_200000,2,16000,200000,250,0.8922,404.0,401.2071666666667,399.654,0.013073847046446539,394.341,420.759,0.8922,0.8922,38.0373,12.89245,15.26065,0.004562274999999999,9.845305,0.0530208,37.930350000000004,12.82275,15.26065,0.004559115000000001,9.780315,0.0620831,0.0,5.09317e-14,/home/sunyahui/worktrees/FilterVectorCode_multilevel_special/runs/high_selectivity_formal_amazon_x1/layer2_t1_16000_t2_200000/sel_85/search_time_summary.csv
sel_85,query_minlen1_nested_avgsel85pct,0.8496712723,layer2_t1_16000_t2_200000,2,16000,200000,375,0.9045,472.395,468.41816666666665,466.695,0.017518478986771814,459.006,496.254,0.9045,0.9045,44.41755,12.9811,16.57815,0.00493186,14.786850000000001,0.059013300000000005,44.41755,12.9811,16.57815,0.00496398,14.786850000000001,0.06647095,0.0,5.09317e-14,/home/sunyahui/worktrees/FilterVectorCode_multilevel_special/runs/high_selectivity_formal_amazon_x1/layer2_t1_16000_t2_200000/sel_85/search_time_summary.csv
sel_90,query_minlen1_nested_avgsel90pct,0.9004633639,layer2_t1_16000_t2_200000,2,16000,200000,125,0.9016,684.139,361.442,361.992,0.019543755143186306,351.486,2620.32,0.9016,0.9016,34.484449999999995,13.68095,14.624500000000001,0.0041281700000000005,5.8669899999999995,0.03969675,34.522549999999995,13.8989,14.7119,0.00413085,5.8672450000000005,0.04035345,-6.91216e-14,8.00355e-14,/home/sunyahui/worktrees/FilterVectorCode_multilevel_special/runs/high_selectivity_formal_amazon_x1/layer2_t1_16000_t2_200000/sel_90/search_time_summary.csv
sel_90,query_minlen1_nested_avgsel90pct,0.9004633639,layer2_t1_16000_t2_200000,2,16000,200000,156,0.9051,386.082,381.56333333333333,380.3085,0.014586102112899525,374.543,413.191,0.9051,0.9051,36.018550000000005,13.9101,14.992799999999999,0.0042727400000000006,7.04722,0.050820500000000005,36.018550000000005,13.9101,14.9571,0.004451175,7.04722,0.09964049999999999,1.8189900000000002e-14,2.91038e-14,/home/sunyahui/worktrees/FilterVectorCode_multilevel_special/runs/high_selectivity_formal_amazon_x1/layer2_t1_16000_t2_200000/sel_90/search_time_summary.csv
sel_90,query_minlen1_nested_avgsel90pct,0.9004633639,layer2_t1_16000_t2_200000,2,16000,200000,188,0.9099,400.181,399.5523333333333,397.05150000000003,0.022591843238767943,389.771,414.995,0.9099,0.9099,37.76065,13.996,15.461649999999999,0.00451668,8.33545,0.04872315,37.63955,13.7886,15.461649999999999,0.00451668,8.33545,0.049323900000000004,-2.5465869999999997e-14,6.54836e-14,/home/sunyahui/worktrees/FilterVectorCode_multilevel_special/runs/high_selectivity_formal_amazon_x1/layer2_t1_16000_t2_200000/sel_90/search_time_summary.csv
sel_90,query_minlen1_nested_avgsel90pct,0.9004633639,layer2_t1_16000_t2_200000,2,16000,200000,219,0.9126,419.216,418.55716666666666,411.54499999999996,0.036813972689918796,405.092,441.055,0.9126,0.9126,39.2054,13.8397,15.8546,0.0046421399999999995,9.543925,0.0515407,39.1802,13.792200000000001,15.7949,0.0046421399999999995,9.543925,0.044528250000000005,0.0,8.00355e-14,/home/sunyahui/worktrees/FilterVectorCode_multilevel_special/runs/high_selectivity_formal_amazon_x1/layer2_t1_16000_t2_200000/sel_90/search_time_summary.csv
sel_90,query_minlen1_nested_avgsel90pct,0.9004633639,layer2_t1_16000_t2_200000,2,16000,200000,250,0.9141,452.021,452.14416666666665,431.84000000000003,0.11032453795671886,422.953,552.65,0.9141,0.9141,41.16845,13.90445,16.270200000000003,0.00479021,10.93595,0.05831425,41.16845,13.891850000000002,16.270200000000003,0.004814295,10.93595,0.06571115,-3.2741819999999995e-14,8.73115e-14,/home/sunyahui/worktrees/FilterVectorCode_multilevel_special/runs/high_selectivity_formal_amazon_x1/layer2_t1_16000_t2_200000/sel_90/search_time_summary.csv
sel_90,query_minlen1_nested_avgsel90pct,0.9004633639,layer2_t1_16000_t2_200000,2,16000,200000,375,0.927,503.208,501.6555,502.219,0.012528523991826968,490.802,512.52,0.927,0.927,47.82905,14.015550000000001,17.71195,0.00528362,16.08245,0.05297375,47.82905,14.015550000000001,17.65775,0.005384185,16.09165,0.05871585,-4.729375e-14,7.27596e-14,/home/sunyahui/worktrees/FilterVectorCode_multilevel_special/runs/high_selectivity_formal_amazon_x1/layer2_t1_16000_t2_200000/sel_90/search_time_summary.csv
sel_95,query_minlen1_nested_avgsel95pct,0.9501978063,layer2_t1_16000_t2_200000,2,16000,200000,125,0.924,497.993,434.459,369.653,0.23877884343355493,364.864,879.197,0.924,0.924,35.204750000000004,14.58605,14.70835,0.00365775,5.813795000000001,0.04876935,35.204750000000004,14.58605,14.7522,0.00394595,5.813795000000001,0.04876935,-3.637999999999998e-15,1.09139e-13,/home/sunyahui/worktrees/FilterVectorCode_multilevel_special/runs/high_selectivity_formal_amazon_x1/layer2_t1_16000_t2_200000/sel_95/search_time_summary.csv
sel_95,query_minlen1_nested_avgsel95pct,0.9501978063,layer2_t1_16000_t2_200000,2,16000,200000,156,0.9266,406.649,404.378,386.7395,0.11355381232780219,382.669,498.044,0.9266,0.9266,36.8358,14.61565,15.0398,0.00371708,7.052525,0.036976,36.78955,14.581949999999999,15.164,0.003668345,6.99643,0.0435063,-1.0913949999999998e-14,3.63798e-14,/home/sunyahui/worktrees/FilterVectorCode_multilevel_special/runs/high_selectivity_formal_amazon_x1/layer2_t1_16000_t2_200000/sel_95/search_time_summary.csv
sel_95,query_minlen1_nested_avgsel95pct,0.9501978063,layer2_t1_16000_t2_200000,2,16000,200000,188,0.9295,413.519,407.653,408.12850000000003,0.017555152702352254,398.535,448.715,0.9295,0.9295,38.750550000000004,14.72765,15.63645,0.0038637899999999998,8.340005,0.043585650000000004,38.750550000000004,14.73235,15.63645,0.00388062,8.340005,0.037880250000000004,2.910385e-14,6.54836e-14,/home/sunyahui/worktrees/FilterVectorCode_multilevel_special/runs/high_selectivity_formal_amazon_x1/layer2_t1_16000_t2_200000/sel_95/search_time_summary.csv
sel_95,query_minlen1_nested_avgsel95pct,0.9501978063,layer2_t1_16000_t2_200000,2,16000,200000,219,0.9323,427.13,424.9471666666667,424.015,0.00841196766080127,420.902,440.223,0.9323,0.9323,40.4376,14.733049999999999,16.102800000000002,0.0039607800000000006,9.63518,0.048155,40.35215,14.7653,15.86305,0.003947435,9.67725,0.04260585,5.4569700000000005e-14,8.73115e-14,/home/sunyahui/worktrees/FilterVectorCode_multilevel_special/runs/high_selectivity_formal_amazon_x1/layer2_t1_16000_t2_200000/sel_95/search_time_summary.csv
sel_95,query_minlen1_nested_avgsel95pct,0.9501978063,layer2_t1_16000_t2_200000,2,16000,200000,250,0.9334,449.526,447.85566666666665,448.8655,0.010051227421531092,439.672,459.548,0.9334,0.9334,42.7027,14.90565,16.58775,0.004094945,11.0548,0.05674845,42.6082,14.90135,16.560450000000003,0.004045745,11.089,0.05336285,-1.091392e-14,7.27596e-14,/home/sunyahui/worktrees/FilterVectorCode_multilevel_special/runs/high_selectivity_formal_amazon_x1/layer2_t1_16000_t2_200000/sel_95/search_time_summary.csv
sel_95,query_minlen1_nested_avgsel95pct,0.9501978063,layer2_t1_16000_t2_200000,2,16000,200000,375,0.9452,524.831,522.0038333333333,523.886,0.009481779037023755,512.603,541.792,0.9452,0.9452,49.8419,15.1342,18.21605,0.00437445,16.35205,0.06700914999999999,50.2625,15.2965,18.329349999999998,0.004508659999999999,16.54645,0.08560999999999999,3.27418e-14,5.82077e-14,/home/sunyahui/worktrees/FilterVectorCode_multilevel_special/runs/high_selectivity_formal_amazon_x1/layer2_t1_16000_t2_200000/sel_95/search_time_summary.csv
sel_967,query_minlen1_label1_sel967pct,0.9670165142,layer2_t1_16000_t2_200000,2,16000,200000,125,0.9315,437.383,370.9463333333333,369.694,0.011830121442998578,366.347,836.002,0.9315,0.9315,35.434799999999996,14.506450000000001,14.80245,0.003638615,5.933035,0.04462355,35.434799999999996,14.354949999999999,15.0687,0.00359752,5.963710000000001,0.043824550000000004,7.27597e-15,3.63798e-14,/home/sunyahui/worktrees/FilterVectorCode_multilevel_special/runs/high_selectivity_formal_amazon_x1/layer2_t1_16000_t2_200000/sel_967/search_time_summary.csv
sel_967,query_minlen1_label1_sel967pct,0.9670165142,layer2_t1_16000_t2_200000,2,16000,200000,156,0.9339,395.69,392.3643333333333,391.562,0.015400878233328353,385.062,415.644,0.9339,0.9339,37.2923,14.5714,15.4191,0.003778875,7.19708,0.04079755,37.41385,14.62255,15.4417,0.003748035,7.3094,0.0364616,3.63798e-15,7.27596e-14,/home/sunyahui/worktrees/FilterVectorCode_multilevel_special/runs/high_selectivity_formal_amazon_x1/layer2_t1_16000_t2_200000/sel_967/search_time_summary.csv
sel_967,query_minlen1_label1_sel967pct,0.9670165142,layer2_t1_16000_t2_200000,2,16000,200000,188,0.9365,416.096,414.27366666666666,415.36699999999996,0.024667600708724167,400.324,427.034,0.9365,0.9365,39.55395,14.7883,15.82755,0.0037829300000000003,8.556564999999999,0.05066235,39.55395,14.7883,16.118450000000003,0.00388694,8.585374999999999,0.05790185,0.0,1.23691e-13,/home/sunyahui/worktrees/FilterVectorCode_multilevel_special/runs/high_selectivity_formal_amazon_x1/layer2_t1_16000_t2_200000/sel_967/search_time_summary.csv
sel_967,query_minlen1_label1_sel967pct,0.9670165142,layer2_t1_16000_t2_200000,2,16000,200000,219,0.9392,432.01,433.2965,435.729,0.01267560626830624,424.082,438.736,0.9392,0.9392,41.50625,14.6928,16.43855,0.003945789999999999,10.001915,0.048278150000000006,41.6392,15.27935,16.3138,0.0038515,10.001915,0.0403198,-1.09139e-14,1.16415e-13,/home/sunyahui/worktrees/FilterVectorCode_multilevel_special/runs/high_selectivity_formal_amazon_x1/layer2_t1_16000_t2_200000/sel_967/search_time_summary.csv
sel_967,query_minlen1_label1_sel967pct,0.9670165142,layer2_t1_16000_t2_200000,2,16000,200000,250,0.9395,451.5,451.18466666666666,450.13199999999995,0.013895684217965987,444.695,462.677,0.9395,0.9395,43.11225,14.63825,16.8935,0.0040505,11.321200000000001,0.04703025,43.11225,14.835249999999998,16.89595,0.0040505,11.3279,0.049101500000000006,-1.091395e-14,8.00355e-14,/home/sunyahui/worktrees/FilterVectorCode_multilevel_special/runs/high_selectivity_formal_amazon_x1/layer2_t1_16000_t2_200000/sel_967/search_time_summary.csv
sel_967,query_minlen1_label1_sel967pct,0.9670165142,layer2_t1_16000_t2_200000,2,16000,200000,375,0.9499,528.145,527.5983333333334,528.085,0.011423882005886364,516.626,533.366,0.9499,0.9499,50.339,14.69515,18.5058,0.00437533,16.906399999999998,0.0472186,50.35835,14.6144,18.78595,0.004358635,16.906399999999998,0.0472364,2.18279e-14,9.45874e-14,/home/sunyahui/worktrees/FilterVectorCode_multilevel_special/runs/high_selectivity_formal_amazon_x1/layer2_t1_16000_t2_200000/sel_967/search_time_summary.csv
sel_100,query_empty_full100pct,1.0,layer2_t1_16000_t2_25000,2,16000,25000,50,0.84,441.223,415.46233333333333,412.43899999999996,0.04118065837447552,394.121,595.787,0.84,0.84,39.6075,9.827665,26.83,0.00404093,2.778985,0.04225885,39.6075,9.940725,26.752499999999998,0.00383308,2.8682,0.04225885,5.09317e-14,9.45874e-14,/home/sunyahui/worktrees/FilterVectorCode_multilevel_special/runs/high_selectivity_formal_amazon_x1/layer2_t1_16000_t2_25000/sel_100/search_time_summary.csv
sel_100,query_empty_full100pct,1.0,layer2_t1_16000_t2_25000,2,16000,25000,62,0.8537,431.098,431.6375,431.149,0.024813898620213496,413.463,442.901,0.8537,0.8537,41.28015,9.802579999999999,28.210250000000002,0.004213110000000001,3.226495,0.0438137,41.0411,9.786135000000002,27.9012,0.004100515000000001,3.29798,0.0516673,4.36556e-14,1.16415e-13,/home/sunyahui/worktrees/FilterVectorCode_multilevel_special/runs/high_selectivity_formal_amazon_x1/layer2_t1_16000_t2_25000/sel_100/search_time_summary.csv
sel_100,query_empty_full100pct,1.0,layer2_t1_16000_t2_25000,2,16000,25000,75,0.8614,435.042,436.02683333333334,435.841,0.013901491184913526,427.311,444.9,0.8614,0.8614,41.83725,9.670695,28.3746,0.004300315000000001,3.72201,0.04580835,41.87045,9.543515,28.5548,0.004299575,3.72201,0.04580835,3.6379800000000003e-14,5.09317e-14,/home/sunyahui/worktrees/FilterVectorCode_multilevel_special/runs/high_selectivity_formal_amazon_x1/layer2_t1_16000_t2_25000/sel_100/search_time_summary.csv
sel_100,query_empty_full100pct,1.0,layer2_t1_16000_t2_25000,2,16000,25000,88,0.8674,442.035,442.40816666666666,443.41700000000003,0.009880603442270092,434.016,446.942,0.8674,0.8674,42.601150000000004,9.785965000000001,28.5683,0.004305525,4.1974350000000005,0.04384275,42.4925,9.826155,28.41825,0.00431777,4.20446,0.0393465,6.184565e-14,6.54836e-14,/home/sunyahui/worktrees/FilterVectorCode_multilevel_special/runs/high_selectivity_formal_amazon_x1/layer2_t1_16000_t2_25000/sel_100/search_time_summary.csv
sel_100,query_empty_full100pct,1.0,layer2_t1_16000_t2_25000,2,16000,25000,100,0.8733,456.677,455.7746666666667,457.47,0.015974185528538576,446.742,463.333,0.8733,0.8733,43.8596,9.76756,29.43715,0.00441054,4.614755000000001,0.05369665,44.17245,9.644,29.8235,0.004496765,4.63538,0.06507450000000001,-1.0913950000000003e-14,8.73115e-14,/home/sunyahui/worktrees/FilterVectorCode_multilevel_special/runs/high_selectivity_formal_amazon_x1/layer2_t1_16000_t2_25000/sel_100/search_time_summary.csv
sel_100,query_empty_full100pct,1.0,layer2_t1_16000_t2_25000,2,16000,25000,200,0.9009,514.838,513.7893333333334,513.9465,0.018816459861913923,498.935,528.503,0.9009,0.9009,49.62845,9.71156,31.203049999999998,0.0048575,8.60293,0.0492674,49.62845,9.73137,31.203049999999998,0.0048575,8.634274999999999,0.0548905,3.6379999999999996e-15,5.09317e-14,/home/sunyahui/worktrees/FilterVectorCode_multilevel_special/runs/high_selectivity_formal_amazon_x1/layer2_t1_16000_t2_25000/sel_100/search_time_summary.csv
sel_80,query_minlen1_nested_avgsel80pct,0.8002369928,layer2_t1_16000_t2_25000,2,16000,25000,375,0.8601,1265.25,428.2925,422.39750000000004,0.033143347010635274,417.01,6286.99,0.8601,0.8601,40.1494,12.7437,15.27015,0.00518635,12.14565,0.05292785,40.1393,12.88595,15.0391,0.006846555000000001,12.14565,0.0617566,3.638000000000001e-15,5.09317e-14,/home/sunyahui/worktrees/FilterVectorCode_multilevel_special/runs/high_selectivity_formal_amazon_x1/layer2_t1_16000_t2_25000/sel_80/search_time_summary.csv
sel_80,query_minlen1_nested_avgsel80pct,0.8002369928,layer2_t1_16000_t2_25000,2,16000,25000,406,0.8619,451.873,442.8881666666667,441.062,0.035159925958021476,427.068,505.784,0.8619,0.8619,41.646699999999996,12.8569,15.52225,0.005126790000000001,13.149550000000001,0.056074,41.646699999999996,12.918849999999999,15.52225,0.00513022,13.149550000000001,0.050992800000000005,-2.546585e-14,5.82077e-14,/home/sunyahui/worktrees/FilterVectorCode_multilevel_special/runs/high_selectivity_formal_amazon_x1/layer2_t1_16000_t2_25000/sel_80/search_time_summary.csv
sel_80,query_minlen1_nested_avgsel80pct,0.8002369928,layer2_t1_16000_t2_25000,2,16000,25000,438,0.8632,461.467,452.97866666666664,448.571,0.03471803100460826,437.725,512.398,0.8632,0.8632,42.5377,12.931249999999999,15.443999999999999,0.005142415,14.048449999999999,0.04945065,42.5377,12.994050000000001,15.43095,0.005142415,14.048449999999999,0.059000899999999995,1.81899e-14,8.00355e-14,/home/sunyahui/worktrees/FilterVectorCode_multilevel_special/runs/high_selectivity_formal_amazon_x1/layer2_t1_16000_t2_25000/sel_80/search_time_summary.csv
sel_80,query_minlen1_nested_avgsel80pct,0.8002369928,layer2_t1_16000_t2_25000,2,16000,25000,469,0.8678,473.005,465.6935,461.36699999999996,0.028908118890989765,453.125,516.872,0.8678,0.8678,43.784,12.9605,15.74645,0.005189105,14.9011,0.0580725,43.784,13.0789,15.74645,0.005189105,14.9011,0.0523408,-3.27418e-14,6.54836e-14,/home/sunyahui/worktrees/FilterVectorCode_multilevel_special/runs/high_selectivity_formal_amazon_x1/layer2_t1_16000_t2_25000/sel_80/search_time_summary.csv
sel_80,query_minlen1_nested_avgsel80pct,0.8002369928,layer2_t1_16000_t2_25000,2,16000,25000,500,0.8716,484.0,475.8535,473.89599999999996,0.02153475910593914,465.129,532.874,0.8716,0.8716,44.89085,13.011099999999999,15.7881,0.00530602,15.98425,0.06725005,44.95,12.9687,15.8644,0.00532437,16.055349999999997,0.056242850000000004,3.637950000000001e-15,5.82077e-14,/home/sunyahui/worktrees/FilterVectorCode_multilevel_special/runs/high_selectivity_formal_amazon_x1/layer2_t1_16000_t2_25000/sel_80/search_time_summary.csv
sel_80,query_minlen1_nested_avgsel80pct,0.8002369928,layer2_t1_16000_t2_25000,2,16000,25000,625,0.8786,533.415,524.556,521.197,0.02988590900051869,512.116,586.572,0.8786,0.8786,49.09495,13.102,16.066399999999998,0.005590400000000001,19.73625,0.06514275,49.09495,13.229,16.066399999999998,0.005581725,19.73625,0.0576505,2.910385e-14,7.27596e-14,/home/sunyahui/worktrees/FilterVectorCode_multilevel_special/runs/high_selectivity_formal_amazon_x1/layer2_t1_16000_t2_25000/sel_80/search_time_summary.csv
sel_85,query_minlen1_nested_avgsel85pct,0.8496712723,layer2_t1_16000_t2_25000,2,16000,25000,125,0.839,900.36,328.9368333333333,328.121,0.016210082104664646,323.69,4328.9,0.839,0.839,31.2676,12.885449999999999,13.505600000000001,0.004729525,4.72691,0.0505914,31.2676,12.836500000000001,13.63325,0.00478308,4.730615,0.0624703,5.457e-15,4.00178e-14,/home/sunyahui/worktrees/FilterVectorCode_multilevel_special/runs/high_selectivity_formal_amazon_x1/layer2_t1_16000_t2_25000/sel_85/search_time_summary.csv
sel_85,query_minlen1_nested_avgsel85pct,0.8496712723,layer2_t1_16000_t2_25000,2,16000,25000,156,0.8471,351.665,350.9873333333333,350.648,0.016371150532621916,343.879,359.06,0.8471,0.8471,33.2099,13.101700000000001,14.079,0.00494965,5.804075,0.05063415,33.24825,13.06765,14.3225,0.00488915,5.804075,0.04916555,3.27418e-14,5.82077e-14,/home/sunyahui/worktrees/FilterVectorCode_multilevel_special/runs/high_selectivity_formal_amazon_x1/layer2_t1_16000_t2_25000/sel_85/search_time_summary.csv
sel_85,query_minlen1_nested_avgsel85pct,0.8496712723,layer2_t1_16000_t2_25000,2,16000,25000,188,0.8579,360.66,359.527,357.9095,0.015178002037173928,352.977,368.092,0.8579,0.8579,34.04135,13.0603,14.1972,0.0049428300000000005,6.7492350000000005,0.0453687,34.009299999999996,13.0603,14.13925,0.004889005,6.766535,0.038355749999999994,-2.5465869999999997e-14,5.82077e-14,/home/sunyahui/worktrees/FilterVectorCode_multilevel_special/runs/high_selectivity_formal_amazon_x1/layer2_t1_16000_t2_25000/sel_85/search_time_summary.csv
sel_85,query_minlen1_nested_avgsel85pct,0.8496712723,layer2_t1_16000_t2_25000,2,16000,25000,219,0.8629,402.572,405.22433333333333,380.055,0.15941828610422223,373.561,536.778,0.8629,0.8629,36.0627,13.315000000000001,14.68265,0.00506665,7.877179999999999,0.04334065,36.22735,13.2992,14.95095,0.005113225,7.92938,0.0427343,-1.818988e-14,7.27596e-14,/home/sunyahui/worktrees/FilterVectorCode_multilevel_special/runs/high_selectivity_formal_amazon_x1/layer2_t1_16000_t2_25000/sel_85/search_time_summary.csv
sel_85,query_minlen1_nested_avgsel85pct,0.8496712723,layer2_t1_16000_t2_25000,2,16000,25000,250,0.87,393.653,392.77066666666667,394.63300000000004,0.016889030962729108,382.099,401.201,0.87,0.87,37.49955,13.252849999999999,15.15655,0.00520589,8.9944,0.05876585,37.5439,13.213149999999999,15.2832,0.005220595,8.9944,0.0479027,3.63798e-15,4.36557e-14,/home/sunyahui/worktrees/FilterVectorCode_multilevel_special/runs/high_selectivity_formal_amazon_x1/layer2_t1_16000_t2_25000/sel_85/search_time_summary.csv
sel_85,query_minlen1_nested_avgsel85pct,0.8496712723,layer2_t1_16000_t2_25000,2,16000,25000,375,0.8822,455.32,454.0411666666667,451.7125,0.01893690586210421,443.829,466.119,0.8822,0.8822,42.9943,13.47255,16.2048,0.0056859200000000006,13.3855,0.05694515,42.9943,13.47255,16.0855,0.005543185,13.3855,0.04523885,2.91038e-14,4.36557e-14,/home/sunyahui/worktrees/FilterVectorCode_multilevel_special/runs/high_selectivity_formal_amazon_x1/layer2_t1_16000_t2_25000/sel_85/search_time_summary.csv
sel_90,query_minlen1_nested_avgsel90pct,0.9004633639,layer2_t1_16000_t2_25000,2,16000,25000,125,0.8613,671.019,339.96683333333334,339.03499999999997,0.012145713012895335,335.158,2657.33,0.8613,0.8613,32.255750000000006,13.74245,13.546800000000001,0.00447615,4.96757,0.0427981,32.161500000000004,13.623000000000001,13.546800000000001,0.004581255,4.95063,0.036489549999999996,-2.000888e-14,3.27418e-14,/home/sunyahui/worktrees/FilterVectorCode_multilevel_special/runs/high_selectivity_formal_amazon_x1/layer2_t1_16000_t2_25000/sel_90/search_time_summary.csv
sel_90,query_minlen1_nested_avgsel90pct,0.9004633639,layer2_t1_16000_t2_25000,2,16000,25000,156,0.8701,360.433,357.83816666666667,355.9955,0.012278379438322247,354.476,376.001,0.8701,0.8701,33.893,13.922049999999999,14.124099999999999,0.004729815,5.93885,0.0455924,33.9731,13.781500000000001,14.1523,0.004753729999999999,5.98484,0.04970595,2.1827879999999997e-14,3.63798e-14,/home/sunyahui/worktrees/FilterVectorCode_multilevel_special/runs/high_selectivity_formal_amazon_x1/layer2_t1_16000_t2_25000/sel_90/search_time_summary.csv
sel_90,query_minlen1_nested_avgsel90pct,0.9004633639,layer2_t1_16000_t2_25000,2,16000,25000,188,0.8797,379.076,375.4988333333333,375.42600000000004,0.012508365693088637,370.521,400.542,0.8797,0.8797,35.6421,13.913,14.690999999999999,0.004880125,7.01363,0.0495584,35.6421,13.84545,14.69715,0.004862555,7.054545,0.04007195,-4.729375e-14,9.45874e-14,/home/sunyahui/worktrees/FilterVectorCode_multilevel_special/runs/high_selectivity_formal_amazon_x1/layer2_t1_16000_t2_25000/sel_90/search_time_summary.csv
sel_90,query_minlen1_nested_avgsel90pct,0.9004633639,layer2_t1_16000_t2_25000,2,16000,25000,219,0.885,393.225,390.92216666666667,391.5225,0.007589971823924459,386.342,407.04,0.885,0.885,37.2534,14.0922,15.04375,0.00513369,8.092975,0.0529882,37.2044,14.130749999999999,14.9215,0.005044705,8.10073,0.0463731,0.0,5.82077e-14,/home/sunyahui/worktrees/FilterVectorCode_multilevel_special/runs/high_selectivity_formal_amazon_x1/layer2_t1_16000_t2_25000/sel_90/search_time_summary.csv
sel_90,query_minlen1_nested_avgsel90pct,0.9004633639,layer2_t1_16000_t2_25000,2,16000,25000,250,0.8912,432.139,435.50866666666667,402.1065,0.17563024140441824,398.094,590.855,0.8912,0.8912,38.387150000000005,14.08145,15.076799999999999,0.005129155,9.235019999999999,0.050218849999999995,38.387150000000005,14.016200000000001,15.076799999999999,0.005116875,9.235019999999999,0.05403635,-2.5465849999999997e-14,1.09139e-13,/home/sunyahui/worktrees/FilterVectorCode_multilevel_special/runs/high_selectivity_formal_amazon_x1/layer2_t1_16000_t2_25000/sel_90/search_time_summary.csv
sel_90,query_minlen1_nested_avgsel90pct,0.9004633639,layer2_t1_16000_t2_25000,2,16000,25000,375,0.9045,496.889,498.7121666666667,469.5085,0.1451732481288945,466.144,646.372,0.9045,0.9045,44.51635,14.39885,16.422449999999998,0.005615065,13.779,0.0539804,44.36985,14.41385,16.2199,0.005581935,13.6685,0.061955500000000004,2.1827850000000002e-14,4.36557e-14,/home/sunyahui/worktrees/FilterVectorCode_multilevel_special/runs/high_selectivity_formal_amazon_x1/layer2_t1_16000_t2_25000/sel_90/search_time_summary.csv
sel_95,query_minlen1_nested_avgsel95pct,0.9501978063,layer2_t1_16000_t2_25000,2,16000,25000,125,0.8818,473.129,351.5581666666667,351.9735,0.006695443246709763,347.708,1202.55,0.8818,0.8818,33.29845,14.394,13.8772,0.004238230000000001,4.997,0.0335632,33.5606,14.517800000000001,13.9823,0.004279585000000001,5.01757,0.038665,-3.63797e-15,1.45519e-14,/home/sunyahui/worktrees/FilterVectorCode_multilevel_special/runs/high_selectivity_formal_amazon_x1/layer2_t1_16000_t2_25000/sel_95/search_time_summary.csv
sel_95,query_minlen1_nested_avgsel95pct,0.9501978063,layer2_t1_16000_t2_25000,2,16000,25000,156,0.8899,374.858,369.94966666666664,370.53,0.007756628810867651,364.666,404.308,0.8899,0.8899,35.32205,14.7641,14.36475,0.004355899999999999,6.11166,0.04492775,35.32205,14.7641,14.4266,0.004374670000000001,6.091075,0.0358867,3.6379769999999996e-14,8.00355e-14,/home/sunyahui/worktrees/FilterVectorCode_multilevel_special/runs/high_selectivity_formal_amazon_x1/layer2_t1_16000_t2_25000/sel_95/search_time_summary.csv
sel_95,query_minlen1_nested_avgsel95pct,0.9501978063,layer2_t1_16000_t2_25000,2,16000,25000,188,0.8978,391.677,389.10766666666666,389.472,0.004641205787755158,386.539,407.094,0.8978,0.8978,37.032650000000004,14.7485,15.0816,0.0045485049999999996,7.202475,0.04984165,37.148250000000004,14.945450000000001,14.929400000000001,0.004514354999999999,7.18225,0.08658969999999999,7.27597e-15,7.27596e-14,/home/sunyahui/worktrees/FilterVectorCode_multilevel_special/runs/high_selectivity_formal_amazon_x1/layer2_t1_16000_t2_25000/sel_95/search_time_summary.csv
sel_95,query_minlen1_nested_avgsel95pct,0.9501978063,layer2_t1_16000_t2_25000,2,16000,25000,219,0.9031,402.878,400.3138333333333,400.129,0.007612099840336623,396.247,418.265,0.9031,0.9031,38.06975,14.642800000000001,15.1154,0.004701314999999999,8.29935,0.04514115,37.991150000000005,14.55105,15.1145,0.00475593,8.28228,0.03851975,-4.001777e-14,8.73115e-14,/home/sunyahui/worktrees/FilterVectorCode_multilevel_special/runs/high_selectivity_formal_amazon_x1/layer2_t1_16000_t2_25000/sel_95/search_time_summary.csv
sel_95,query_minlen1_nested_avgsel95pct,0.9501978063,layer2_t1_16000_t2_25000,2,16000,25000,250,0.9096,419.93,419.10516666666666,417.905,0.015155422732588067,412.222,428.442,0.9096,0.9096,39.605000000000004,14.789,15.29195,0.00474552,9.51848,0.048439300000000005,39.711349999999996,14.774999999999999,15.34395,0.004765014999999999,9.529164999999999,0.05841945,2.182785e-14,1.01863e-13,/home/sunyahui/worktrees/FilterVectorCode_multilevel_special/runs/high_selectivity_formal_amazon_x1/layer2_t1_16000_t2_25000/sel_95/search_time_summary.csv
sel_95,query_minlen1_nested_avgsel95pct,0.9501978063,layer2_t1_16000_t2_25000,2,16000,25000,375,0.9217,483.107,481.28616666666665,480.46000000000004,0.01048966186542095,475.935,494.035,0.9217,0.9217,46.08825,14.92365,16.92105,0.0053663949999999995,14.209150000000001,0.0466642,46.08825,14.8689,16.949199999999998,0.00547861,14.209150000000001,0.05550415,3.637950000000001e-15,8.00355e-14,/home/sunyahui/worktrees/FilterVectorCode_multilevel_special/runs/high_selectivity_formal_amazon_x1/layer2_t1_16000_t2_25000/sel_95/search_time_summary.csv
sel_967,query_minlen1_label1_sel967pct,0.9670165142,layer2_t1_16000_t2_25000,2,16000,25000,125,0.8881,420.701,354.28933333333333,352.90250000000003,0.011757354081887498,349.514,819.167,0.8881,0.8881,33.72865,14.522749999999998,14.18215,0.003936925000000001,5.029755,0.0515204,33.72865,14.64995,13.9892,0.0038857300000000004,5.03612,0.04948645,0.0,6.54836e-14,/home/sunyahui/worktrees/FilterVectorCode_multilevel_special/runs/high_selectivity_formal_amazon_x1/layer2_t1_16000_t2_25000/sel_967/search_time_summary.csv
sel_967,query_minlen1_label1_sel967pct,0.9670165142,layer2_t1_16000_t2_25000,2,16000,25000,156,0.896,377.026,376.1541666666667,376.71500000000003,0.019089281066119405,364.505,383.754,0.896,0.896,35.58005,14.708649999999999,14.7146,0.00401953,6.16092,0.0536646,35.626149999999996,14.83525,14.57735,0.0039720450000000004,6.16092,0.048642649999999996,1.4551899999999997e-14,1.09139e-13,/home/sunyahui/worktrees/FilterVectorCode_multilevel_special/runs/high_selectivity_formal_amazon_x1/layer2_t1_16000_t2_25000/sel_967/search_time_summary.csv
sel_967,query_minlen1_label1_sel967pct,0.9670165142,layer2_t1_16000_t2_25000,2,16000,25000,188,0.9036,399.162,394.2828333333333,392.801,0.012414226072313187,389.536,428.436,0.9036,0.9036,37.347750000000005,14.71615,15.22915,0.004251065,7.327375,0.04748355,37.3046,14.70775,15.234449999999999,0.00427418,7.310625,0.04748355,-1.091395e-14,5.09317e-14,/home/sunyahui/worktrees/FilterVectorCode_multilevel_special/runs/high_selectivity_formal_amazon_x1/layer2_t1_16000_t2_25000/sel_967/search_time_summary.csv
sel_967,query_minlen1_label1_sel967pct,0.9670165142,layer2_t1_16000_t2_25000,2,16000,25000,219,0.9088,409.345,407.67583333333334,406.733,0.016768804276378904,400.123,419.359,0.9088,0.9088,38.7417,14.9302,15.491,0.00435515,8.331795,0.04129645,38.7417,14.93695,15.4549,0.004334935,8.284065,0.06143435,-7.275949999999999e-15,7.27596e-14,/home/sunyahui/worktrees/FilterVectorCode_multilevel_special/runs/high_selectivity_formal_amazon_x1/layer2_t1_16000_t2_25000/sel_967/search_time_summary.csv
sel_967,query_minlen1_label1_sel967pct,0.9670165142,layer2_t1_16000_t2_25000,2,16000,25000,250,0.9155,426.779,425.3185,423.2015,0.02060503476028737,416.449,440.353,0.9155,0.9155,40.42365,14.89825,15.935500000000001,0.00442623,9.64583,0.0504579,40.42365,14.7614,15.969850000000001,0.00441287,9.64583,0.0421706,1.091395e-14,5.09317e-14,/home/sunyahui/worktrees/FilterVectorCode_multilevel_special/runs/high_selectivity_formal_amazon_x1/layer2_t1_16000_t2_25000/sel_967/search_time_summary.csv
sel_967,query_minlen1_label1_sel967pct,0.9670165142,layer2_t1_16000_t2_25000,2,16000,25000,375,0.9264,493.919,490.7676666666667,491.7685,0.009907318012873662,483.101,512.828,0.9264,0.9264,46.9556,15.002500000000001,17.397100000000002,0.004940705,14.381,0.05840515,47.06699999999999,15.0618,17.474249999999998,0.0049733,14.4533,0.07269295,-3.27418e-14,8.73115e-14,/home/sunyahui/worktrees/FilterVectorCode_multilevel_special/runs/high_selectivity_formal_amazon_x1/layer2_t1_16000_t2_25000/sel_967/search_time_summary.csv
sel_100,query_empty_full100pct,1.0,layer2_t1_16000_t2_400000,2,16000,400000,10,0.8418,387.777,362.1716666666667,362.899,0.03087384069326199,348.275,541.41,0.8418,0.8418,34.51285,10.397,23.03095,0.003205665,1.0106695,0.02137165,34.51285,10.11585,23.36665,0.0030846,1.005957,0.02137165,3.637999999999998e-15,7.27596e-14,/home/sunyahui/worktrees/FilterVectorCode_multilevel_special/runs/high_selectivity_formal_boundary_extension_amazon_x1/layer2_t1_16000_t2_400000/sel_100/search_time_summary.csv
sel_100,query_empty_full100pct,1.0,layer2_t1_16000_t2_400000,2,16000,400000,15,0.8707,364.693,365.716,366.174,0.020435102351388068,356.134,373.314,0.8707,0.8707,35.061,10.08955,23.62495,0.00320229,1.3032949999999999,0.0235466,35.061,10.08955,23.62495,0.00320229,1.307745,0.0355484,-3.63798e-15,5.09317e-14,/home/sunyahui/worktrees/FilterVectorCode_multilevel_special/runs/high_selectivity_formal_boundary_extension_amazon_x1/layer2_t1_16000_t2_400000/sel_100/search_time_summary.csv
sel_100,query_empty_full100pct,1.0,layer2_t1_16000_t2_400000,2,16000,400000,20,0.8827,369.35,372.19033333333334,371.73900000000003,0.01949782333982276,352.308,384.589,0.8827,0.8827,35.340050000000005,10.057275,23.7217,0.00328726,1.561195,0.021783749999999998,35.4729,10.14675,23.7217,0.003247115,1.567925,0.03322145,7.639745e-14,1.30967e-13,/home/sunyahui/worktrees/FilterVectorCode_multilevel_special/runs/high_selectivity_formal_boundary_extension_amazon_x1/layer2_t1_16000_t2_400000/sel_100/search_time_summary.csv
sel_100,query_empty_full100pct,1.0,layer2_t1_16000_t2_400000,2,16000,400000,25,0.8913,414.825,401.329,398.421,0.015941521859654802,396.456,495.804,0.8913,0.8913,38.3495,9.947189999999999,26.460549999999998,0.0034543100000000004,2.0286299999999997,0.0403405,38.3495,9.681275,26.611199999999997,0.0034998900000000003,2.0108449999999998,0.0426911,-2.182785e-14,8.00355e-14,/home/sunyahui/worktrees/FilterVectorCode_multilevel_special/runs/high_selectivity_formal_amazon_x1/layer2_t1_16000_t2_400000/sel_100/search_time_summary.csv
sel_100,query_empty_full100pct,1.0,layer2_t1_16000_t2_400000,2,16000,400000,31,0.8969,413.79,414.734,405.947,0.04762803856632257,399.821,452.566,0.8969,0.8969,38.99405,9.965805,26.91565,0.00361793,2.36198,0.041641849999999994,38.8232,9.939910000000001,26.497149999999998,0.003407555,2.326925,0.055787149999999994,0.0,5.09317e-14,/home/sunyahui/worktrees/FilterVectorCode_multilevel_special/runs/high_selectivity_formal_amazon_x1/layer2_t1_16000_t2_400000/sel_100/search_time_summary.csv
sel_100,query_empty_full100pct,1.0,layer2_t1_16000_t2_400000,2,16000,400000,38,0.9021,422.724,421.06216666666666,419.56600000000003,0.028267732934405723,403.271,438.071,0.9021,0.9021,40.3277,9.79241,27.87575,0.00364799,2.653095,0.0430747,40.26405,9.742065,27.828,0.003669095,2.6486549999999998,0.041667,1.091395e-14,9.45874e-14,/home/sunyahui/worktrees/FilterVectorCode_multilevel_special/runs/high_selectivity_formal_amazon_x1/layer2_t1_16000_t2_400000/sel_100/search_time_summary.csv
sel_100,query_empty_full100pct,1.0,layer2_t1_16000_t2_400000,2,16000,400000,44,0.9045,422.134,418.94033333333334,421.672,0.02432087989462874,403.382,441.298,0.9045,0.9045,40.53435,9.90285,27.365650000000002,0.00353185,2.898245,0.03227795,40.53435,9.886330000000001,27.6992,0.0035856200000000003,2.898245,0.047027299999999994,5.820745e-14,1.01863e-13,/home/sunyahui/worktrees/FilterVectorCode_multilevel_special/runs/high_selectivity_formal_amazon_x1/layer2_t1_16000_t2_400000/sel_100/search_time_summary.csv
sel_100,query_empty_full100pct,1.0,layer2_t1_16000_t2_400000,2,16000,400000,50,0.9061,427.134,428.66,427.98350000000005,0.01650296455034196,417.975,440.676,0.9061,0.9061,41.21395,9.883655,28.03535,0.0037482649999999998,3.2771749999999997,0.0496184,41.2063,9.764579999999999,28.0604,0.003644235,3.32372,0.0539896,6.91216e-14,8.73115e-14,/home/sunyahui/worktrees/FilterVectorCode_multilevel_special/runs/high_selectivity_formal_amazon_x1/layer2_t1_16000_t2_400000/sel_100/search_time_summary.csv
sel_100,query_empty_full100pct,1.0,layer2_t1_16000_t2_400000,2,16000,400000,100,0.9237,473.617,473.49266666666665,469.628,0.022678690656110393,463.51,492.182,0.9237,0.9237,45.18775,9.711265000000001,30.127200000000002,0.00408751,5.425520000000001,0.039589650000000004,45.18775,9.58049,30.127200000000002,0.00417398,5.436255,0.039589650000000004,0.0,7.27596e-14,/home/sunyahui/worktrees/FilterVectorCode_multilevel_special/runs/high_selectivity_formal_amazon_x1/layer2_t1_16000_t2_400000/sel_100/search_time_summary.csv
sel_80,query_minlen1_nested_avgsel80pct,0.8002369928,layer2_t1_16000_t2_400000,2,16000,400000,250,0.8665,1312.37,380.02416666666664,373.778,0.043325855904324806,370.292,6906.47,0.8665,0.8665,35.3221,12.16605,14.13825,0.004672015,9.071214999999999,0.05699225,35.482699999999994,12.1604,14.2204,0.004710725000000001,9.031535,0.06563215,-1.818987e-14,4.36557e-14,/home/sunyahui/worktrees/FilterVectorCode_multilevel_special/runs/high_selectivity_formal_amazon_x1/layer2_t1_16000_t2_400000/sel_80/search_time_summary.csv
sel_80,query_minlen1_nested_avgsel80pct,0.8002369928,layer2_t1_16000_t2_400000,2,16000,400000,281,0.87,394.383,387.97016666666667,389.62,0.009953936268382646,382.125,432.857,0.87,0.87,36.56395,12.08765,14.3445,0.00476062,10.08025,0.05656075,36.72095,12.149899999999999,14.40435,0.004797235,10.098600000000001,0.06335674999999999,1.8189900000000002e-14,9.45874e-14,/home/sunyahui/worktrees/FilterVectorCode_multilevel_special/runs/high_selectivity_formal_amazon_x1/layer2_t1_16000_t2_400000/sel_80/search_time_summary.csv
sel_80,query_minlen1_nested_avgsel80pct,0.8002369928,layer2_t1_16000_t2_400000,2,16000,400000,312,0.8757,406.953,404.0781666666667,404.5455,0.01047284985645816,397.534,424.201,0.8757,0.8757,38.2481,12.1955,14.74635,0.00494565,11.16205,0.0522093,38.31515,12.5455,14.668800000000001,0.0048413,11.053799999999999,0.0422499,3.63797e-15,4.36557e-14,/home/sunyahui/worktrees/FilterVectorCode_multilevel_special/runs/high_selectivity_formal_amazon_x1/layer2_t1_16000_t2_400000/sel_80/search_time_summary.csv
sel_80,query_minlen1_nested_avgsel80pct,0.8002369928,layer2_t1_16000_t2_400000,2,16000,400000,344,0.879,420.767,417.49666666666667,417.193,0.004339135836002197,414.641,440.389,0.879,0.879,39.316,12.08095,14.968350000000001,0.005012105,12.190249999999999,0.05774535,39.267399999999995,12.0284,15.00315,0.004987125,12.17135,0.059608949999999994,-6.54836e-14,7.27596e-14,/home/sunyahui/worktrees/FilterVectorCode_multilevel_special/runs/high_selectivity_formal_amazon_x1/layer2_t1_16000_t2_400000/sel_80/search_time_summary.csv
sel_80,query_minlen1_nested_avgsel80pct,0.8002369928,layer2_t1_16000_t2_400000,2,16000,400000,375,0.8794,434.591,432.8806666666667,432.185,0.012304712044705781,427.372,444.856,0.8794,0.8794,40.96505,12.24315,15.31925,0.005141215,13.35895,0.0540256,41.2943,12.32985,15.42905,0.005093475,13.47025,0.060092450000000006,3.2741819999999995e-14,7.27596e-14,/home/sunyahui/worktrees/FilterVectorCode_multilevel_special/runs/high_selectivity_formal_amazon_x1/layer2_t1_16000_t2_400000/sel_80/search_time_summary.csv
sel_80,query_minlen1_nested_avgsel80pct,0.8002369928,layer2_t1_16000_t2_400000,2,16000,400000,500,0.8873,489.407,487.00666666666666,486.39,0.008282831842696842,482.981,503.806,0.8873,0.8873,46.1965,12.3829,16.19865,0.0055685349999999995,17.5958,0.06765004999999999,46.2649,12.39535,16.2345,0.00558603,17.57865,0.05081625,4.001775e-14,5.82077e-14,/home/sunyahui/worktrees/FilterVectorCode_multilevel_special/runs/high_selectivity_formal_amazon_x1/layer2_t1_16000_t2_400000/sel_80/search_time_summary.csv
sel_85,query_minlen1_nested_avgsel85pct,0.8496712723,layer2_t1_16000_t2_400000,2,16000,400000,25,0.8372,866.867,273.3225,275.87699999999995,0.023873674122682858,263.354,4428.13,0.8372,0.8372,25.9468,12.7471,11.278649999999999,0.003524805,1.5907499999999999,0.05181595,25.9468,12.812899999999999,11.473949999999999,0.003531625,1.6218249999999999,0.03456285,4.547475e-14,5.82077e-14,/home/sunyahui/worktrees/FilterVectorCode_multilevel_special/runs/high_selectivity_formal_boundary_extension_amazon_x1/layer2_t1_16000_t2_400000/sel_85/search_time_summary.csv
sel_85,query_minlen1_nested_avgsel85pct,0.8496712723,layer2_t1_16000_t2_400000,2,16000,400000,50,0.8546,294.7,292.0645,291.24300000000005,0.016158104730366694,285.995,310.514,0.8546,0.8546,27.52715,12.8509,11.9195,0.0036473449999999998,2.5699449999999997,0.0443548,27.52715,12.7203,12.151499999999999,0.0036517299999999997,2.605235,0.0464932,9.09494e-15,3.63798e-14,/home/sunyahui/worktrees/FilterVectorCode_multilevel_special/runs/high_selectivity_formal_boundary_extension_amazon_x1/layer2_t1_16000_t2_400000/sel_85/search_time_summary.csv
sel_85,query_minlen1_nested_avgsel85pct,0.8496712723,layer2_t1_16000_t2_400000,2,16000,400000,75,0.8642,309.662,308.98266666666666,308.339,0.021576159806146744,301.839,321.418,0.8642,0.8642,28.9944,12.9568,12.724499999999999,0.00375107,3.5279949999999998,0.0529009,29.1104,12.85115,12.724499999999999,0.00375107,3.480995,0.04999735,0.0,1.45519e-14,/home/sunyahui/worktrees/FilterVectorCode_multilevel_special/runs/high_selectivity_formal_boundary_extension_amazon_x1/layer2_t1_16000_t2_400000/sel_85/search_time_summary.csv
sel_85,query_minlen1_nested_avgsel85pct,0.8496712723,layer2_t1_16000_t2_400000,2,16000,400000,100,0.8722,328.228,327.5871666666667,326.7785,0.011515287014436897,323.46,334.046,0.8722,0.8722,30.91545,13.10535,13.24095,0.003860425,4.42817,0.04354555,30.979100000000003,13.03525,13.46805,0.00388158,4.425075,0.0468501,9.09495e-15,3.27418e-14,/home/sunyahui/worktrees/FilterVectorCode_multilevel_special/runs/high_selectivity_formal_boundary_extension_amazon_x1/layer2_t1_16000_t2_400000/sel_85/search_time_summary.csv
sel_85,query_minlen1_nested_avgsel85pct,0.8496712723,layer2_t1_16000_t2_400000,2,16000,400000,125,0.8753,881.743,320.7658333333333,320.90049999999997,0.007760271499897594,317.276,4247.61,0.8753,0.8753,30.154600000000002,12.7029,12.5234,0.00402383,4.808605,0.0440937,30.2965,12.83175,12.636050000000001,0.004142075,4.78045,0.0440937,-4.001775e-14,6.54836e-14,/home/sunyahui/worktrees/FilterVectorCode_multilevel_special/runs/high_selectivity_formal_amazon_x1/layer2_t1_16000_t2_400000/sel_85/search_time_summary.csv
sel_85,query_minlen1_nested_avgsel85pct,0.8496712723,layer2_t1_16000_t2_400000,2,16000,400000,156,0.8805,337.112,333.3415,333.456,0.010658074220939548,329.06,359.733,0.8805,0.8805,31.55705,12.8209,12.8331,0.004216135,5.855355,0.045836749999999996,31.55705,12.783100000000001,12.8469,0.0042623,5.8742149999999995,0.0485756,7.27595e-15,2.91038e-14,/home/sunyahui/worktrees/FilterVectorCode_multilevel_special/runs/high_selectivity_formal_amazon_x1/layer2_t1_16000_t2_400000/sel_85/search_time_summary.csv
sel_85,query_minlen1_nested_avgsel85pct,0.8496712723,layer2_t1_16000_t2_400000,2,16000,400000,188,0.8866,350.097,349.3605,350.1765,0.010798407103993548,343.944,354.517,0.8866,0.8866,32.97945,12.8717,13.07525,0.004322505,6.958325,0.05589625,33.20005,12.868300000000001,13.245750000000001,0.004334545,7.03051,0.051180500000000004,2.5465829999999998e-14,6.54836e-14,/home/sunyahui/worktrees/FilterVectorCode_multilevel_special/runs/high_selectivity_formal_amazon_x1/layer2_t1_16000_t2_400000/sel_85/search_time_summary.csv
sel_85,query_minlen1_nested_avgsel85pct,0.8496712723,layer2_t1_16000_t2_400000,2,16000,400000,219,0.8873,363.749,362.4385,362.02750000000003,0.004923397299447193,360.404,371.61,0.8873,0.8873,34.236599999999996,12.80255,13.39685,0.004426135,7.983335,0.0556165,34.3637,12.8996,13.370149999999999,0.004426135,8.02788,0.061682299999999995,-1.4551929999999998e-14,5.82077e-14,/home/sunyahui/worktrees/FilterVectorCode_multilevel_special/runs/high_selectivity_formal_amazon_x1/layer2_t1_16000_t2_400000/sel_85/search_time_summary.csv
sel_85,query_minlen1_nested_avgsel85pct,0.8496712723,layer2_t1_16000_t2_400000,2,16000,400000,250,0.89,377.59,376.4576666666667,375.7495,0.011862198100842169,371.854,384.381,0.89,0.89,35.7008,12.7943,13.7042,0.00445855,9.137025,0.05512755,35.76775,12.921800000000001,13.7042,0.00439937,9.06221,0.0751542,-1.0913949999999998e-14,6.54836e-14,/home/sunyahui/worktrees/FilterVectorCode_multilevel_special/runs/high_selectivity_formal_amazon_x1/layer2_t1_16000_t2_400000/sel_85/search_time_summary.csv
sel_85,query_minlen1_nested_avgsel85pct,0.8496712723,layer2_t1_16000_t2_400000,2,16000,400000,375,0.902,435.372,434.7821666666667,432.11199999999997,0.013911476059094895,429.81,445.018,0.902,0.902,41.1309,12.9204,14.775,0.00492862,13.5043,0.05784095,41.10915,12.99105,14.66075,0.004894575,13.405650000000001,0.04667685,2.5465829999999998e-14,8.73115e-14,/home/sunyahui/worktrees/FilterVectorCode_multilevel_special/runs/high_selectivity_formal_amazon_x1/layer2_t1_16000_t2_400000/sel_85/search_time_summary.csv
sel_90,query_minlen1_nested_avgsel90pct,0.9004633639,layer2_t1_16000_t2_400000,2,16000,400000,25,0.8619,673.614,278.75733333333335,279.899,0.015208496416985764,273.31,3042.75,0.8619,0.8619,26.2153,13.632249999999999,11.05655,0.003461005,1.610725,0.03921445,26.2153,13.59395,11.023050000000001,0.003391015,1.564215,0.030682550000000003,7.27594e-15,4.36557e-14,/home/sunyahui/worktrees/FilterVectorCode_multilevel_special/runs/high_selectivity_formal_boundary_extension_amazon_x1/layer2_t1_16000_t2_400000/sel_90/search_time_summary.csv
sel_90,query_minlen1_nested_avgsel90pct,0.9004633639,layer2_t1_16000_t2_400000,2,16000,400000,50,0.8787,302.285,299.5733333333333,297.188,0.02412051440219819,294.497,318.559,0.8787,0.8787,28.07385,13.617750000000001,12.004249999999999,0.00363746,2.6224100000000004,0.03949395,28.0315,13.33305,12.076699999999999,0.00362554,2.56768,0.050464049999999996,-1.81899e-15,4.36557e-14,/home/sunyahui/worktrees/FilterVectorCode_multilevel_special/runs/high_selectivity_formal_boundary_extension_amazon_x1/layer2_t1_16000_t2_400000/sel_90/search_time_summary.csv
sel_90,query_minlen1_nested_avgsel90pct,0.9004633639,layer2_t1_16000_t2_400000,2,16000,400000,75,0.8883,316.578,313.9431666666667,313.0025,0.008461828342674392,311.068,332.386,0.8883,0.8883,29.7043,13.512,12.579699999999999,0.00382686,3.571355,0.038165450000000004,29.61495,13.7429,12.28555,0.00376003,3.556045,0.026703150000000002,-4.0017750000000004e-14,5.09317e-14,/home/sunyahui/worktrees/FilterVectorCode_multilevel_special/runs/high_selectivity_formal_boundary_extension_amazon_x1/layer2_t1_16000_t2_400000/sel_90/search_time_summary.csv
sel_90,query_minlen1_nested_avgsel90pct,0.9004633639,layer2_t1_16000_t2_400000,2,16000,400000,100,0.8965,334.433,333.7305,334.24850000000004,0.015041237714310745,326.73,340.463,0.8965,0.8965,31.571849999999998,13.702300000000001,13.07335,0.00393243,4.578385,0.0349742,31.571849999999998,13.90705,13.05225,0.004266165000000001,4.5735600000000005,0.03467215,-2.000885e-14,7.27596e-14,/home/sunyahui/worktrees/FilterVectorCode_multilevel_special/runs/high_selectivity_formal_boundary_extension_amazon_x1/layer2_t1_16000_t2_400000/sel_90/search_time_summary.csv
sel_90,query_minlen1_nested_avgsel90pct,0.9004633639,layer2_t1_16000_t2_400000,2,16000,400000,125,0.8986,683.847,334.01366666666667,332.6015,0.008345046091104124,331.523,2782.85,0.8986,0.8986,31.63085,13.70665,12.8261,0.0040096,5.0458099999999995,0.0457993,31.5974,13.60875,12.903,0.004107315,5.04073,0.040805049999999995,1.81899e-15,2.54659e-14,/home/sunyahui/worktrees/FilterVectorCode_multilevel_special/runs/high_selectivity_formal_amazon_x1/layer2_t1_16000_t2_400000/sel_90/search_time_summary.csv
sel_90,query_minlen1_nested_avgsel90pct,0.9004633639,layer2_t1_16000_t2_400000,2,16000,400000,156,0.9036,356.973,354.30966666666666,354.94100000000003,0.00930805640905844,348.784,372.955,0.9036,0.9036,33.3741,13.89195,13.253250000000001,0.004143345,6.142955000000001,0.04104995,33.3741,13.991800000000001,13.20425,0.004066025,6.13766,0.0363574,-1.81899e-14,5.82077e-14,/home/sunyahui/worktrees/FilterVectorCode_multilevel_special/runs/high_selectivity_formal_amazon_x1/layer2_t1_16000_t2_400000/sel_90/search_time_summary.csv
sel_90,query_minlen1_nested_avgsel90pct,0.9004633639,layer2_t1_16000_t2_400000,2,16000,400000,188,0.9085,397.7,368.33033333333333,367.16650000000004,0.016521392271742222,362.492,573.919,0.9085,0.9085,34.89875,13.874500000000001,13.67595,0.004264695,7.34018,0.049978800000000004,34.9372,13.980550000000001,13.62585,0.004264695,7.285909999999999,0.04066585,4.001775e-14,4.36557e-14,/home/sunyahui/worktrees/FilterVectorCode_multilevel_special/runs/high_selectivity_formal_amazon_x1/layer2_t1_16000_t2_400000/sel_90/search_time_summary.csv
sel_90,query_minlen1_nested_avgsel90pct,0.9004633639,layer2_t1_16000_t2_400000,2,16000,400000,219,0.9091,386.834,383.7745,384.456,0.008180423554074607,379.671,405.188,0.9091,0.9091,36.4667,14.02755,14.087299999999999,0.004428545000000001,8.397965,0.04704345,36.49125,13.79425,14.272300000000001,0.0044515200000000005,8.368385,0.05188765,3.27418e-14,8.73115e-14,/home/sunyahui/worktrees/FilterVectorCode_multilevel_special/runs/high_selectivity_formal_amazon_x1/layer2_t1_16000_t2_400000/sel_90/search_time_summary.csv
sel_90,query_minlen1_nested_avgsel90pct,0.9004633639,layer2_t1_16000_t2_400000,2,16000,400000,250,0.911,398.64,396.933,396.767,0.006822022214145935,394.278,408.879,0.911,0.911,37.7417,13.967649999999999,14.239650000000001,0.004555185,9.480795,0.05082265,37.80355,14.0266,14.256,0.004561565,9.466940000000001,0.04942575,5.09317e-14,8.00355e-14,/home/sunyahui/worktrees/FilterVectorCode_multilevel_special/runs/high_selectivity_formal_amazon_x1/layer2_t1_16000_t2_400000/sel_90/search_time_summary.csv
sel_90,query_minlen1_nested_avgsel90pct,0.9004633639,layer2_t1_16000_t2_400000,2,16000,400000,375,0.9236,473.376,473.558,459.755,0.07137297692060456,454.372,541.486,0.9236,0.9236,43.74465,14.1782,15.326,0.004905415,14.08995,0.05667755,43.71015,14.1782,15.4217,0.00482932,14.051449999999999,0.0540249,2.546585e-14,9.45874e-14,/home/sunyahui/worktrees/FilterVectorCode_multilevel_special/runs/high_selectivity_formal_amazon_x1/layer2_t1_16000_t2_400000/sel_90/search_time_summary.csv
sel_95,query_minlen1_nested_avgsel95pct,0.9501978063,layer2_t1_16000_t2_400000,2,16000,400000,10,0.8422,376.884,280.6805,281.5505,0.014180989632035868,273.172,954.103,0.8422,0.8422,26.69445,14.17975,11.367149999999999,0.003022395,1.020457,0.046762200000000004,26.6626,14.189499999999999,11.367149999999999,0.00302159,1.0603575,0.04254235,3.27418e-14,3.27418e-14,/home/sunyahui/worktrees/FilterVectorCode_multilevel_special/runs/high_selectivity_formal_boundary_extension_amazon_x1/layer2_t1_16000_t2_400000/sel_95/search_time_summary.csv
sel_95,query_minlen1_nested_avgsel95pct,0.9501978063,layer2_t1_16000_t2_400000,2,16000,400000,15,0.8683,324.368,294.14683333333335,294.435,0.015167960288011961,286.716,505.695,0.8683,0.8683,27.9531,14.2358,12.399149999999999,0.003197675,1.34076,0.043320399999999995,27.9531,14.19065,12.399149999999999,0.003229455,1.310375,0.049685599999999996,2.3646900000000002e-14,2.91038e-14,/home/sunyahui/worktrees/FilterVectorCode_multilevel_special/runs/high_selectivity_formal_boundary_extension_amazon_x1/layer2_t1_16000_t2_400000/sel_95/search_time_summary.csv
sel_95,query_minlen1_nested_avgsel95pct,0.9501978063,layer2_t1_16000_t2_400000,2,16000,400000,20,0.8791,292.158,292.282,290.28499999999997,0.021468520040842758,286.886,301.066,0.8791,0.8791,27.722749999999998,14.11135,11.87755,0.0032114400000000003,1.61523,0.046469949999999996,27.517699999999998,14.369,11.52805,0.003157425,1.570955,0.04657925,-1.8189900000000002e-14,4.72937e-14,/home/sunyahui/worktrees/FilterVectorCode_multilevel_special/runs/high_selectivity_formal_boundary_extension_amazon_x1/layer2_t1_16000_t2_400000/sel_95/search_time_summary.csv
sel_95,query_minlen1_nested_avgsel95pct,0.9501978063,layer2_t1_16000_t2_400000,2,16000,400000,25,0.8864,300.616,301.5518333333333,295.4375,0.04252183077574336,292.975,326.364,0.8864,0.8864,28.214399999999998,14.09405,12.2512,0.00329418,1.8196249999999998,0.0383125,28.18365,14.24695,12.07555,0.0032540299999999998,1.8196249999999998,0.038265850000000004,-1.091393e-14,6.54836e-14,/home/sunyahui/worktrees/FilterVectorCode_multilevel_special/runs/high_selectivity_formal_boundary_extension_amazon_x1/layer2_t1_16000_t2_400000/sel_95/search_time_summary.csv
sel_95,query_minlen1_nested_avgsel95pct,0.9501978063,layer2_t1_16000_t2_400000,2,16000,400000,50,0.903,316.028,317.4785,319.22,0.018846455769073664,307.324,323.496,0.903,0.903,30.0962,14.0394,12.9259,0.003503385,2.9087199999999998,0.04865575,30.2683,14.0394,13.2811,0.003503385,2.903325,0.0409287,-1.8189900000000002e-14,5.45697e-14,/home/sunyahui/worktrees/FilterVectorCode_multilevel_special/runs/high_selectivity_formal_boundary_extension_amazon_x1/layer2_t1_16000_t2_400000/sel_95/search_time_summary.csv
sel_95,query_minlen1_nested_avgsel95pct,0.9501978063,layer2_t1_16000_t2_400000,2,16000,400000,75,0.9127,334.985,334.568,333.5215,0.008606530223863273,331.648,339.364,0.9127,0.9127,31.7869,14.27855,13.6891,0.003741435,3.8714649999999997,0.04638025,31.577199999999998,14.327,13.3664,0.00370428,3.837385,0.04272985,-1.27329e-14,2.54659e-14,/home/sunyahui/worktrees/FilterVectorCode_multilevel_special/runs/high_selectivity_formal_boundary_extension_amazon_x1/layer2_t1_16000_t2_400000/sel_95/search_time_summary.csv
sel_95,query_minlen1_nested_avgsel95pct,0.9501978063,layer2_t1_16000_t2_400000,2,16000,400000,100,0.9204,353.59,352.9435,352.51649999999995,0.009417254151032993,348.567,357.472,0.9204,0.9204,33.42335,14.411200000000001,14.07995,0.003801295,4.89603,0.04624385,33.40035,14.442799999999998,13.93745,0.0037817249999999997,4.976789999999999,0.039544750000000004,-2.910383e-14,5.09317e-14,/home/sunyahui/worktrees/FilterVectorCode_multilevel_special/runs/high_selectivity_formal_boundary_extension_amazon_x1/layer2_t1_16000_t2_400000/sel_95/search_time_summary.csv
sel_95,query_minlen1_nested_avgsel95pct,0.9501978063,layer2_t1_16000_t2_400000,2,16000,400000,125,0.9219,469.404,367.27316666666667,367.5905,0.014567940514154939,359.314,1082.19,0.9219,0.9219,34.9659,14.54875,14.3315,0.00365099,5.842280000000001,0.035917450000000004,34.9659,14.48085,14.52335,0.0037190599999999997,5.91414,0.04384085,7.275950000000002e-15,5.09317e-14,/home/sunyahui/worktrees/FilterVectorCode_multilevel_special/runs/high_selectivity_formal_amazon_x1/layer2_t1_16000_t2_400000/sel_95/search_time_summary.csv
sel_95,query_minlen1_nested_avgsel95pct,0.9501978063,layer2_t1_16000_t2_400000,2,16000,400000,156,0.9261,398.433,389.5325,389.949,0.011510949473847074,382.669,451.832,0.9261,0.9261,36.9631,14.61295,15.113700000000001,0.003850375,7.150845,0.04239385,37.1083,14.6741,15.113700000000001,0.0038147600000000004,7.26998,0.0467055,-3.63798e-14,5.82077e-14,/home/sunyahui/worktrees/FilterVectorCode_multilevel_special/runs/high_selectivity_formal_amazon_x1/layer2_t1_16000_t2_400000/sel_95/search_time_summary.csv
sel_95,query_minlen1_nested_avgsel95pct,0.9501978063,layer2_t1_16000_t2_400000,2,16000,400000,188,0.9291,416.175,413.52883333333335,412.07500000000005,0.012854986699101869,407.899,432.055,0.9291,0.9291,39.208,14.788250000000001,15.7964,0.003895275,8.58475,0.04919355,39.208,14.72795,15.841000000000001,0.00394778,8.58475,0.0503612,1.8189900000000002e-14,5.82077e-14,/home/sunyahui/worktrees/FilterVectorCode_multilevel_special/runs/high_selectivity_formal_amazon_x1/layer2_t1_16000_t2_400000/sel_95/search_time_summary.csv
sel_95,query_minlen1_nested_avgsel95pct,0.9501978063,layer2_t1_16000_t2_400000,2,16000,400000,219,0.9298,431.143,427.6003333333333,426.623,0.010332450410366978,423.315,452.401,0.9298,0.9298,40.6447,14.7438,16.20565,0.00396657,9.68104,0.04530635,40.6447,14.69155,16.26585,0.00396657,9.640875,0.042452699999999996,-2.91038e-14,5.82077e-14,/home/sunyahui/worktrees/FilterVectorCode_multilevel_special/runs/high_selectivity_formal_amazon_x1/layer2_t1_16000_t2_400000/sel_95/search_time_summary.csv
sel_95,query_minlen1_nested_avgsel95pct,0.9501978063,layer2_t1_16000_t2_400000,2,16000,400000,250,0.9313,451.509,447.90483333333333,447.1015,0.011154541903622082,441.501,473.135,0.9313,0.9313,42.73465,14.806999999999999,16.5491,0.004113530000000001,11.1859,0.04629305,42.73465,14.7865,16.61405,0.004148805,11.2696,0.060340649999999996,-1.81899e-14,6.54836e-14,/home/sunyahui/worktrees/FilterVectorCode_multilevel_special/runs/high_selectivity_formal_amazon_x1/layer2_t1_16000_t2_400000/sel_95/search_time_summary.csv
sel_95,query_minlen1_nested_avgsel95pct,0.9501978063,layer2_t1_16000_t2_400000,2,16000,400000,375,0.9428,539.968,535.8338333333334,520.0805,0.07121175602005134,515.786,613.256,0.9428,0.9428,49.79495,15.14315,18.1138,0.00432974,16.478050000000003,0.0538668,49.745000000000005,15.158100000000001,17.964550000000003,0.004393869999999999,16.55065,0.06726755000000001,3.6379769999999996e-14,8.73115e-14,/home/sunyahui/worktrees/FilterVectorCode_multilevel_special/runs/high_selectivity_formal_amazon_x1/layer2_t1_16000_t2_400000/sel_95/search_time_summary.csv
sel_967,query_minlen1_label1_sel967pct,0.9670165142,layer2_t1_16000_t2_400000,2,16000,400000,10,0.8486,313.753,284.65866666666665,281.71,0.03528108024988403,275.21,488.321,0.8486,0.8486,26.5347,14.49225,10.78325,0.0029806900000000002,1.069525,0.050209699999999996,26.5347,14.818349999999999,10.63695,0.0029184550000000004,1.0335904999999999,0.0428543,2.910385e-14,6.54836e-14,/home/sunyahui/worktrees/FilterVectorCode_multilevel_special/runs/high_selectivity_formal_boundary_extension_amazon_x1/layer2_t1_16000_t2_400000/sel_967/search_time_summary.csv
sel_967,query_minlen1_label1_sel967pct,0.9670165142,layer2_t1_16000_t2_400000,2,16000,400000,15,0.8765,295.321,293.4585,295.9075,0.03531813583819525,275.38,306.497,0.8765,0.8765,28.04035,14.3523,12.29255,0.0031954649999999998,1.33276,0.0465234,28.04035,14.256,12.3783,0.00334083,1.33276,0.06993189999999999,0.0,5.82077e-14,/home/sunyahui/worktrees/FilterVectorCode_multilevel_special/runs/high_selectivity_formal_boundary_extension_amazon_x1/layer2_t1_16000_t2_400000/sel_967/search_time_summary.csv
sel_967,query_minlen1_label1_sel967pct,0.9670165142,layer2_t1_16000_t2_400000,2,16000,400000,20,0.8884,300.208,301.23716666666667,296.4235,0.040233881670027026,290.588,322.657,0.8884,0.8884,27.824399999999997,14.27185,11.7355,0.003277305,1.525915,0.0460817,27.6574,14.27185,11.79675,0.003380755,1.53831,0.047093800000000005,1.637089e-14,2.91038e-14,/home/sunyahui/worktrees/FilterVectorCode_multilevel_special/runs/high_selectivity_formal_boundary_extension_amazon_x1/layer2_t1_16000_t2_400000/sel_967/search_time_summary.csv
sel_967,query_minlen1_label1_sel967pct,0.9670165142,layer2_t1_16000_t2_400000,2,16000,400000,25,0.8958,308.184,305.0725,297.565,0.07089792715050293,290.391,348.685,0.8958,0.8958,28.4402,14.41425,12.193349999999999,0.0032473650000000003,1.8024499999999999,0.04778345,28.35935,14.29805,12.193349999999999,0.003281185,1.81395,0.050701800000000005,-5.457e-15,5.45697e-14,/home/sunyahui/worktrees/FilterVectorCode_multilevel_special/runs/high_selectivity_formal_boundary_extension_amazon_x1/layer2_t1_16000_t2_400000/sel_967/search_time_summary.csv
sel_967,query_minlen1_label1_sel967pct,0.9670165142,layer2_t1_16000_t2_400000,2,16000,400000,50,0.9119,332.939,335.8605,318.7495,0.1509232280846155,305.437,437.875,0.9119,0.9119,30.278,14.4276,12.449300000000001,0.00321758,2.887815,0.05043915,30.278,14.1112,13.22745,0.00345611,2.889205,0.046681299999999995,7.27595e-15,7.63976e-14,/home/sunyahui/worktrees/FilterVectorCode_multilevel_special/runs/high_selectivity_formal_boundary_extension_amazon_x1/layer2_t1_16000_t2_400000/sel_967/search_time_summary.csv
sel_967,query_minlen1_label1_sel967pct,0.9670165142,layer2_t1_16000_t2_400000,2,16000,400000,75,0.9205,336.247,335.769,335.355,0.010380040438705248,331.963,341.308,0.9205,0.9205,31.9718,14.56555,13.51515,0.00340765,3.866,0.03842855,31.9395,14.4388,13.68335,0.003518715,3.77104,0.04276635,2.546585e-14,5.09317e-14,/home/sunyahui/worktrees/FilterVectorCode_multilevel_special/runs/high_selectivity_formal_boundary_extension_amazon_x1/layer2_t1_16000_t2_400000/sel_967/search_time_summary.csv
sel_967,query_minlen1_label1_sel967pct,0.9670165142,layer2_t1_16000_t2_400000,2,16000,400000,100,0.9281,350.54,350.47266666666667,350.9125,0.006751359830499428,346.145,352.837,0.9281,0.9281,33.3798,14.702449999999999,13.8384,0.00355854,4.728529999999999,0.0517041,33.3628,14.7034,13.88445,0.003601155,4.7322,0.0392063,3.63798e-15,8.00355e-14,/home/sunyahui/worktrees/FilterVectorCode_multilevel_special/runs/high_selectivity_formal_boundary_extension_amazon_x1/layer2_t1_16000_t2_400000/sel_967/search_time_summary.csv
sel_967,query_minlen1_label1_sel967pct,0.9670165142,layer2_t1_16000_t2_400000,2,16000,400000,125,0.9294,430.444,406.1435,374.0845,0.1930500257257763,361.418,576.246,0.9294,0.9294,35.65625,15.0623,14.780149999999999,0.00362324,5.87351,0.0444207,35.65625,15.0623,14.67165,0.003927785,5.87351,0.0449157,-4.3655749999999996e-14,5.82077e-14,/home/sunyahui/worktrees/FilterVectorCode_multilevel_special/runs/high_selectivity_formal_amazon_x1/layer2_t1_16000_t2_400000/sel_967/search_time_summary.csv
sel_967,query_minlen1_label1_sel967pct,0.9670165142,layer2_t1_16000_t2_400000,2,16000,400000,156,0.9334,434.128,439.63216666666665,391.966,0.18959874158957976,381.496,579.477,0.9334,0.9334,37.3993,14.7582,15.29475,0.0037357199999999997,7.09915,0.054370299999999996,37.3993,14.7582,15.40805,0.003686315,7.182024999999999,0.047304200000000005,1.45519e-14,8.00355e-14,/home/sunyahui/worktrees/FilterVectorCode_multilevel_special/runs/high_selectivity_formal_amazon_x1/layer2_t1_16000_t2_400000/sel_967/search_time_summary.csv
sel_967,query_minlen1_label1_sel967pct,0.9670165142,layer2_t1_16000_t2_400000,2,16000,400000,188,0.9361,414.818,408.8515,412.166,0.018911423545651517,396.753,450.62,0.9361,0.9361,39.42085,14.95375,15.738399999999999,0.003793505,8.39494,0.04568105,39.42085,15.1913,15.8272,0.00378844,8.355635,0.0429282,-1.81899e-14,8.00355e-14,/home/sunyahui/worktrees/FilterVectorCode_multilevel_special/runs/high_selectivity_formal_amazon_x1/layer2_t1_16000_t2_400000/sel_967/search_time_summary.csv
sel_967,query_minlen1_label1_sel967pct,0.9670165142,layer2_t1_16000_t2_400000,2,16000,400000,219,0.9367,428.766,426.32016666666664,426.145,0.018011349508016607,418.044,443.439,0.9367,0.9367,40.690650000000005,14.7478,16.19055,0.0039805299999999995,9.682545000000001,0.0522431,40.690650000000005,14.73695,16.19055,0.00394439,9.695219999999999,0.06400549999999999,1.091395e-14,1.23691e-13,/home/sunyahui/worktrees/FilterVectorCode_multilevel_special/runs/high_selectivity_formal_amazon_x1/layer2_t1_16000_t2_400000/sel_967/search_time_summary.csv
sel_967,query_minlen1_label1_sel967pct,0.9670165142,layer2_t1_16000_t2_400000,2,16000,400000,250,0.9374,450.853,447.9906666666667,449.03,0.017980576063159,435.386,468.027,0.9374,0.9374,43.01565,14.75465,16.87115,0.00408872,11.1655,0.057555499999999996,43.01565,14.75465,17.04165,0.00416442,11.1655,0.0496998,-3.6379769999999996e-14,8.00355e-14,/home/sunyahui/worktrees/FilterVectorCode_multilevel_special/runs/high_selectivity_formal_amazon_x1/layer2_t1_16000_t2_400000/sel_967/search_time_summary.csv
sel_967,query_minlen1_label1_sel967pct,0.9670165142,layer2_t1_16000_t2_400000,2,16000,400000,375,0.9475,525.84,523.8313333333333,523.8389999999999,0.014133117823008882,515.556,537.889,0.9475,0.9475,49.8802,14.827850000000002,18.28115,0.004464265,16.5288,0.058315900000000004,49.8802,15.0247,18.25715,0.0044049150000000006,16.5288,0.0651163,3.637950000000001e-15,1.01863e-13,/home/sunyahui/worktrees/FilterVectorCode_multilevel_special/runs/high_selectivity_formal_amazon_x1/layer2_t1_16000_t2_400000/sel_967/search_time_summary.csv
sel_100,query_empty_full100pct,1.0,layer2_t1_16000_t2_50000,2,16000,50000,50,0.8614,460.576,424.22433333333333,416.669,0.039664405741682444,409.768,678.686,0.8614,0.8614,40.107699999999994,10.074895,26.766,0.00374494,2.938935,0.048744350000000006,40.107699999999994,10.4617,26.6234,0.00374494,2.96781,0.05103865,6.184547999999999e-14,1.16415e-13,/home/sunyahui/worktrees/FilterVectorCode_multilevel_special/runs/high_selectivity_formal_amazon_x1/layer2_t1_16000_t2_50000/sel_100/search_time_summary.csv
sel_100,query_empty_full100pct,1.0,layer2_t1_16000_t2_50000,2,16000,50000,62,0.8713,432.744,435.24,432.8695,0.024970351623422777,417.767,452.403,0.8713,0.8713,41.521100000000004,9.80114,28.1829,0.00389328,3.479585,0.03891075,41.521100000000004,10.137865,27.87505,0.00389328,3.4599450000000003,0.0443363,-7.27597e-15,4.36557e-14,/home/sunyahui/worktrees/FilterVectorCode_multilevel_special/runs/high_selectivity_formal_amazon_x1/layer2_t1_16000_t2_50000/sel_100/search_time_summary.csv
sel_100,query_empty_full100pct,1.0,layer2_t1_16000_t2_50000,2,16000,50000,75,0.8808,451.208,449.31166666666667,449.85,0.019729761308236952,434.906,462.588,0.8808,0.8808,42.96875,9.833685,28.97405,0.004089229999999999,3.93792,0.047241149999999996,42.96875,9.777335,29.2389,0.004205185,3.901985,0.0463152,0.0,1.09139e-13,/home/sunyahui/worktrees/FilterVectorCode_multilevel_special/runs/high_selectivity_formal_amazon_x1/layer2_t1_16000_t2_50000/sel_100/search_time_summary.csv
sel_100,query_empty_full100pct,1.0,layer2_t1_16000_t2_50000,2,16000,50000,88,0.8873,456.071,458.43466666666666,460.00750000000005,0.009679504571794676,441.887,462.287,0.8873,0.8873,44.1988,9.79851,29.58805,0.00424,4.569325,0.0512359,44.24545,9.975290000000001,29.58805,0.00419112,4.6376349999999995,0.04029335,9.458729999999999e-14,1.16415e-13,/home/sunyahui/worktrees/FilterVectorCode_multilevel_special/runs/high_selectivity_formal_amazon_x1/layer2_t1_16000_t2_50000/sel_100/search_time_summary.csv
sel_100,query_empty_full100pct,1.0,layer2_t1_16000_t2_50000,2,16000,50000,100,0.8952,464.608,467.5928333333333,469.631,0.010437687016793512,446.7,471.798,0.8952,0.8952,44.80255,9.773060000000001,29.88955,0.004188384999999999,5.077055,0.05430555,44.980999999999995,9.719854999999999,30.115850000000002,0.004480665,5.100395000000001,0.04045505,2.910382e-14,6.54836e-14,/home/sunyahui/worktrees/FilterVectorCode_multilevel_special/runs/high_selectivity_formal_amazon_x1/layer2_t1_16000_t2_50000/sel_100/search_time_summary.csv
sel_100,query_empty_full100pct,1.0,layer2_t1_16000_t2_50000,2,16000,50000,200,0.9079,532.124,532.9423333333333,533.2764999999999,0.008208402794779439,527.203,537.753,0.9079,0.9079,51.08085,9.791215000000001,32.077,0.004674585,9.214005,0.05082125,50.90745,9.631715,32.032849999999996,0.004746175,9.19335,0.0447867,-1.4551899999999997e-14,7.27596e-14,/home/sunyahui/worktrees/FilterVectorCode_multilevel_special/runs/high_selectivity_formal_amazon_x1/layer2_t1_16000_t2_50000/sel_100/search_time_summary.csv
sel_80,query_minlen1_nested_avgsel80pct,0.8002369928,layer2_t1_16000_t2_50000,2,16000,50000,375,0.8654,1264.24,433.0155,431.251,0.02170722443924915,424.144,6251.61,0.8654,0.8654,40.857200000000006,12.754750000000001,15.3125,0.005214885,12.694749999999999,0.0643087,40.857200000000006,12.8175,15.3125,0.00523314,12.65455,0.06736265,0.0,7.27596e-14,/home/sunyahui/worktrees/FilterVectorCode_multilevel_special/runs/high_selectivity_formal_amazon_x1/layer2_t1_16000_t2_50000/sel_80/search_time_summary.csv
sel_80,query_minlen1_nested_avgsel80pct,0.8002369928,layer2_t1_16000_t2_50000,2,16000,50000,406,0.8673,449.017,444.5901666666667,444.0185,0.010256886831044398,440.451,475.577,0.8673,0.8673,41.94485,12.78515,15.387,0.005318175,13.6741,0.05587565,41.79715,12.6823,15.387,0.008180545000000001,13.664850000000001,0.0547421,1.091393e-14,5.09317e-14,/home/sunyahui/worktrees/FilterVectorCode_multilevel_special/runs/high_selectivity_formal_amazon_x1/layer2_t1_16000_t2_50000/sel_80/search_time_summary.csv
sel_80,query_minlen1_nested_avgsel80pct,0.8002369928,layer2_t1_16000_t2_50000,2,16000,50000,438,0.8686,462.094,458.99316666666664,457.8935,0.015251607452530786,451.678,480.703,0.8686,0.8686,43.23935,12.87665,15.60725,0.00546057,14.823,0.0554596,43.23935,12.73475,15.5999,0.00616534,14.841650000000001,0.05686765,-7.27595e-15,1.09139e-13,/home/sunyahui/worktrees/FilterVectorCode_multilevel_special/runs/high_selectivity_formal_amazon_x1/layer2_t1_16000_t2_50000/sel_80/search_time_summary.csv
sel_80,query_minlen1_nested_avgsel80pct,0.8002369928,layer2_t1_16000_t2_50000,2,16000,50000,469,0.872,478.227,476.59116666666665,476.023,0.01422772881598114,468.957,488.042,0.872,0.872,44.9035,12.9754,16.042650000000002,0.00560966,15.894449999999999,0.061982449999999994,44.9035,12.973749999999999,15.967600000000001,0.006004565,15.88265,0.07348740000000001,2.546585e-14,5.09317e-14,/home/sunyahui/worktrees/FilterVectorCode_multilevel_special/runs/high_selectivity_formal_amazon_x1/layer2_t1_16000_t2_50000/sel_80/search_time_summary.csv
sel_80,query_minlen1_nested_avgsel80pct,0.8002369928,layer2_t1_16000_t2_50000,2,16000,50000,500,0.8747,489.399,487.1068333333333,485.628,0.012743856576874619,481.244,503.154,0.8747,0.8747,45.87475,12.9273,16.0252,0.005625785,16.8307,0.0498898,45.87475,12.9273,15.989450000000001,0.00794623,16.83115,0.1189125,-3.27418e-14,1.09139e-13,/home/sunyahui/worktrees/FilterVectorCode_multilevel_special/runs/high_selectivity_formal_amazon_x1/layer2_t1_16000_t2_50000/sel_80/search_time_summary.csv
sel_80,query_minlen1_nested_avgsel80pct,0.8002369928,layer2_t1_16000_t2_50000,2,16000,50000,625,0.8793,540.874,537.1401666666667,537.199,0.010074869555114718,529.604,563.28,0.8793,0.8793,50.6482,13.11195,16.62605,0.005809254999999999,20.928449999999998,0.0534355,50.6969,13.086849999999998,16.519599999999997,0.005780344999999999,21.03365,0.0510043,2.910380000000001e-14,9.45874e-14,/home/sunyahui/worktrees/FilterVectorCode_multilevel_special/runs/high_selectivity_formal_amazon_x1/layer2_t1_16000_t2_50000/sel_80/search_time_summary.csv
sel_85,query_minlen1_nested_avgsel85pct,0.8496712723,layer2_t1_16000_t2_50000,2,16000,50000,125,0.8558,983.101,341.3875,341.337,0.017169344970249276,335.236,4833.38,0.8558,0.8558,32.3054,13.32885,13.64075,0.0044684849999999995,5.11232,0.049698149999999996,32.29645,13.240300000000001,13.92405,0.0044402750000000005,5.082715,0.0449002,-2.7284850000000002e-14,6.91216e-14,/home/sunyahui/worktrees/FilterVectorCode_multilevel_special/runs/high_selectivity_formal_amazon_x1/layer2_t1_16000_t2_50000/sel_85/search_time_summary.csv
sel_85,query_minlen1_nested_avgsel85pct,0.8496712723,layer2_t1_16000_t2_50000,2,16000,50000,156,0.8599,356.529,354.593,354.77200000000005,0.004254054332835896,352.457,368.149,0.8599,0.8599,33.870450000000005,13.3828,14.1875,0.0044430500000000005,6.063415,0.0489926,33.726299999999995,13.3828,14.17795,0.00445585,6.12246,0.0386458,-7.27595e-15,5.09317e-14,/home/sunyahui/worktrees/FilterVectorCode_multilevel_special/runs/high_selectivity_formal_amazon_x1/layer2_t1_16000_t2_50000/sel_85/search_time_summary.csv
sel_85,query_minlen1_nested_avgsel85pct,0.8496712723,layer2_t1_16000_t2_50000,2,16000,50000,188,0.8691,375.12,375.05333333333334,375.005,0.011840127423702149,370.329,382.518,0.8691,0.8691,35.519400000000005,13.470600000000001,14.613050000000001,0.004601895,7.33497,0.050240599999999996,35.4001,13.289349999999999,14.723600000000001,0.00462952,7.33497,0.04753755,-1.818987e-14,4.36557e-14,/home/sunyahui/worktrees/FilterVectorCode_multilevel_special/runs/high_selectivity_formal_amazon_x1/layer2_t1_16000_t2_50000/sel_85/search_time_summary.csv
sel_85,query_minlen1_nested_avgsel85pct,0.8496712723,layer2_t1_16000_t2_50000,2,16000,50000,219,0.8722,388.744,388.07533333333333,388.2025,0.013230660516664414,380.39,394.978,0.8722,0.8722,36.885999999999996,13.525,15.000350000000001,0.004795890000000001,8.28898,0.04668495,36.936899999999994,13.6128,14.977,0.004835600000000001,8.29138,0.050846,1.091393e-14,3.63798e-14,/home/sunyahui/worktrees/FilterVectorCode_multilevel_special/runs/high_selectivity_formal_amazon_x1/layer2_t1_16000_t2_50000/sel_85/search_time_summary.csv
sel_85,query_minlen1_nested_avgsel85pct,0.8496712723,layer2_t1_16000_t2_50000,2,16000,50000,250,0.8767,401.27,399.93416666666667,398.793,0.010671725743430893,394.486,409.283,0.8767,0.8767,37.8836,13.443200000000001,15.18405,0.0048684,9.283305,0.047671599999999995,37.730000000000004,13.29615,15.1973,0.00493299,9.18624,0.0453886,-2.182785e-14,6.54836e-14,/home/sunyahui/worktrees/FilterVectorCode_multilevel_special/runs/high_selectivity_formal_amazon_x1/layer2_t1_16000_t2_50000/sel_85/search_time_summary.csv
sel_85,query_minlen1_nested_avgsel85pct,0.8496712723,layer2_t1_16000_t2_50000,2,16000,50000,375,0.8874,464.45,462.55033333333336,464.512,0.014754051129516645,449.197,475.85,0.8874,0.8874,44.30925,13.7335,16.52105,0.00538005,13.73035,0.0555973,44.357699999999994,13.7821,16.5661,0.005315845,13.9393,0.06484575,7.27597e-15,8.73115e-14,/home/sunyahui/worktrees/FilterVectorCode_multilevel_special/runs/high_selectivity_formal_amazon_x1/layer2_t1_16000_t2_50000/sel_85/search_time_summary.csv
sel_90,query_minlen1_nested_avgsel90pct,0.9004633639,layer2_t1_16000_t2_50000,2,16000,50000,125,0.8795,657.075,331.7561666666667,332.1915,0.015186729596398616,324.433,2608.99,0.8795,0.8795,31.36705,13.604700000000001,12.90345,0.004164465,4.75339,0.0498284,31.43975,13.5125,13.055299999999999,0.004227,4.8064800000000005,0.061242149999999995,2.1827879999999997e-14,4.00178e-14,/home/sunyahui/worktrees/FilterVectorCode_multilevel_special/runs/high_selectivity_formal_amazon_x1/layer2_t1_16000_t2_50000/sel_90/search_time_summary.csv
sel_90,query_minlen1_nested_avgsel90pct,0.9004633639,layer2_t1_16000_t2_50000,2,16000,50000,156,0.8835,355.396,351.50866666666667,351.929,0.0035630392238390238,349.802,378.718,0.8835,0.8835,33.14595,13.7514,13.34,0.00427407,5.934305,0.0576802,33.0186,13.63925,13.4295,0.004338825,5.889405,0.0561466,-3.819878e-14,6.91216e-14,/home/sunyahui/worktrees/FilterVectorCode_multilevel_special/runs/high_selectivity_formal_amazon_x1/layer2_t1_16000_t2_50000/sel_90/search_time_summary.csv
sel_90,query_minlen1_nested_avgsel90pct,0.9004633639,layer2_t1_16000_t2_50000,2,16000,50000,188,0.8916,366.447,363.4135,363.096,0.012226978261641177,357.01,384.649,0.8916,0.8916,34.37765,13.64435,13.6826,0.00436226,6.93236,0.05213155,34.37765,13.7269,13.65175,0.00435854,6.93236,0.0622377,1.8189900000000002e-14,4.36557e-14,/home/sunyahui/worktrees/FilterVectorCode_multilevel_special/runs/high_selectivity_formal_amazon_x1/layer2_t1_16000_t2_50000/sel_90/search_time_summary.csv
sel_90,query_minlen1_nested_avgsel90pct,0.9004633639,layer2_t1_16000_t2_50000,2,16000,50000,219,0.8947,379.768,377.7435,376.803,0.012528373984825689,372.071,391.918,0.8947,0.8947,35.96835,13.814599999999999,14.0702,0.004449305000000001,7.976865,0.06629739999999999,35.96835,13.6777,14.148,0.004463895000000001,8.05114,0.08705515,-1.8189900000000002e-14,6.54836e-14,/home/sunyahui/worktrees/FilterVectorCode_multilevel_special/runs/high_selectivity_formal_amazon_x1/layer2_t1_16000_t2_50000/sel_90/search_time_summary.csv
sel_90,query_minlen1_nested_avgsel90pct,0.9004633639,layer2_t1_16000_t2_50000,2,16000,50000,250,0.8983,394.137,392.4868333333333,391.4815,0.006526422262596531,390.672,404.037,0.8983,0.8983,37.332750000000004,13.794350000000001,14.4085,0.0045753600000000005,9.03823,0.0500139,37.41815,14.0781,14.2014,0.00454233,9.09393,0.0401389,5.09317e-14,9.45874e-14,/home/sunyahui/worktrees/FilterVectorCode_multilevel_special/runs/high_selectivity_formal_amazon_x1/layer2_t1_16000_t2_50000/sel_90/search_time_summary.csv
sel_90,query_minlen1_nested_avgsel90pct,0.9004633639,layer2_t1_16000_t2_50000,2,16000,50000,375,0.9086,454.651,452.07,450.1785,0.012513627969662326,446.77,470.134,0.9086,0.9086,42.73075,13.928550000000001,15.4688,0.00491223,13.29,0.0615844,42.78655,13.863949999999999,15.56465,0.005007269999999999,13.29,0.0628946,4.729375e-14,7.27596e-14,/home/sunyahui/worktrees/FilterVectorCode_multilevel_special/runs/high_selectivity_formal_amazon_x1/layer2_t1_16000_t2_50000/sel_90/search_time_summary.csv
sel_95,query_minlen1_nested_avgsel95pct,0.9501978063,layer2_t1_16000_t2_50000,2,16000,50000,125,0.9012,434.112,354.749,355.22900000000004,0.012081241916082903,349.096,910.293,0.9012,0.9012,33.78315,14.014700000000001,14.3789,0.004230144999999999,5.441485,0.057266250000000005,33.78315,13.909500000000001,14.4148,0.004212324999999999,5.38814,0.06654515,2.91038e-14,2.91038e-14,/home/sunyahui/worktrees/FilterVectorCode_multilevel_special/runs/high_selectivity_formal_amazon_x1/layer2_t1_16000_t2_50000/sel_95/search_time_summary.csv
sel_95,query_minlen1_nested_avgsel95pct,0.9501978063,layer2_t1_16000_t2_50000,2,16000,50000,156,0.9043,383.246,378.35583333333335,377.135,0.016212574110996927,371.94,412.587,0.9043,0.9043,35.84995000000001,14.082,14.97185,0.004440535,6.621125,0.0594313,35.7785,14.11915,15.012799999999999,0.004422125,6.58854,0.05357965,0.0,9.45874e-14,/home/sunyahui/worktrees/FilterVectorCode_multilevel_special/runs/high_selectivity_formal_amazon_x1/layer2_t1_16000_t2_50000/sel_95/search_time_summary.csv
sel_95,query_minlen1_nested_avgsel95pct,0.9501978063,layer2_t1_16000_t2_50000,2,16000,50000,188,0.9106,396.261,392.78583333333336,392.493,0.0065709306093938965,389.527,417.114,0.9106,0.9106,37.52745,14.084700000000002,15.34405,0.004575525,7.956145,0.057377449999999997,37.44965,14.2142,15.2076,0.004496244999999999,7.963015,0.0603268,3.637978e-14,6.54836e-14,/home/sunyahui/worktrees/FilterVectorCode_multilevel_special/runs/high_selectivity_formal_amazon_x1/layer2_t1_16000_t2_50000/sel_95/search_time_summary.csv
sel_95,query_minlen1_nested_avgsel95pct,0.9501978063,layer2_t1_16000_t2_50000,2,16000,50000,219,0.9137,413.929,411.5965,412.5125,0.012419973244611204,402.999,427.927,0.9137,0.9137,39.4243,14.132449999999999,16.0028,0.004708355,9.205925,0.05095715,39.53475,14.21815,16.09115,0.00485548,9.16831,0.05228305,4.3655749999999996e-14,8.00355e-14,/home/sunyahui/worktrees/FilterVectorCode_multilevel_special/runs/high_selectivity_formal_amazon_x1/layer2_t1_16000_t2_50000/sel_95/search_time_summary.csv
sel_95,query_minlen1_nested_avgsel95pct,0.9501978063,layer2_t1_16000_t2_50000,2,16000,50000,250,0.9176,431.335,429.22616666666664,430.985,0.01348287517614921,418.356,443.986,0.9176,0.9176,40.9325,14.1323,16.2489,0.004763105,10.4087,0.0521641,40.854299999999995,14.1116,16.311700000000002,0.004826914999999999,10.36995,0.056289399999999996,-7.27595e-15,5.82077e-14,/home/sunyahui/worktrees/FilterVectorCode_multilevel_special/runs/high_selectivity_formal_amazon_x1/layer2_t1_16000_t2_50000/sel_95/search_time_summary.csv
sel_95,query_minlen1_nested_avgsel95pct,0.9501978063,layer2_t1_16000_t2_50000,2,16000,50000,375,0.9269,501.044,500.2506666666667,499.15700000000004,0.013888510830110121,492.22,509.143,0.9269,0.9269,47.59725,14.135349999999999,17.9135,0.0053590849999999995,15.5007,0.05289625,47.59725,14.335,17.74485,0.0053590849999999995,15.450199999999999,0.061797450000000004,1.45519e-14,6.54836e-14,/home/sunyahui/worktrees/FilterVectorCode_multilevel_special/runs/high_selectivity_formal_amazon_x1/layer2_t1_16000_t2_50000/sel_95/search_time_summary.csv
sel_967,query_minlen1_label1_sel967pct,0.9670165142,layer2_t1_16000_t2_50000,2,16000,50000,125,0.9087,425.169,366.9426666666667,366.317,0.019545656053334012,358.419,774.526,0.9087,0.9087,34.710499999999996,14.6362,14.5277,0.00370967,5.43551,0.0418592,34.8108,14.6934,14.51665,0.003636615,5.557645,0.03942155,2.1827879999999997e-14,3.63798e-14,/home/sunyahui/worktrees/FilterVectorCode_multilevel_special/runs/high_selectivity_formal_amazon_x1/layer2_t1_16000_t2_50000/sel_967/search_time_summary.csv
sel_967,query_minlen1_label1_sel967pct,0.9670165142,layer2_t1_16000_t2_50000,2,16000,50000,156,0.9116,384.346,382.3546666666667,381.092,0.016402021847466548,376.53,396.292,0.9116,0.9116,36.519000000000005,14.7895,14.98575,0.00384986,6.700585,0.0397712,36.62705,14.85215,14.98575,0.00385139,6.739745,0.04552635,-3.63798e-14,5.82077e-14,/home/sunyahui/worktrees/FilterVectorCode_multilevel_special/runs/high_selectivity_formal_amazon_x1/layer2_t1_16000_t2_50000/sel_967/search_time_summary.csv
sel_967,query_minlen1_label1_sel967pct,0.9670165142,layer2_t1_16000_t2_50000,2,16000,50000,188,0.9176,410.054,405.89750000000004,405.9105,0.022000514502471702,394.067,434.995,0.9176,0.9176,38.83035,14.723600000000001,15.6475,0.003998715,7.907615,0.0506529,38.831950000000006,14.8479,15.972100000000001,0.00400737,7.942774999999999,0.0652171,3.27418e-14,1.16415e-13,/home/sunyahui/worktrees/FilterVectorCode_multilevel_special/runs/high_selectivity_formal_amazon_x1/layer2_t1_16000_t2_50000/sel_967/search_time_summary.csv
sel_967,query_minlen1_label1_sel967pct,0.9670165142,layer2_t1_16000_t2_50000,2,16000,50000,219,0.9206,421.76,421.6118333333333,420.6975,0.014283620800837398,413.51,429.438,0.9206,0.9206,40.19385,14.8211,16.090899999999998,0.004099485,9.12245,0.0508116,40.19385,14.7241,16.228299999999997,0.0041297750000000005,9.178619999999999,0.058642349999999996,-2.910385e-14,5.82077e-14,/home/sunyahui/worktrees/FilterVectorCode_multilevel_special/runs/high_selectivity_formal_amazon_x1/layer2_t1_16000_t2_50000/sel_967/search_time_summary.csv
sel_967,query_minlen1_label1_sel967pct,0.9670165142,layer2_t1_16000_t2_50000,2,16000,50000,250,0.9237,443.322,443.496,439.4035,0.032298932972295046,432.629,471.285,0.9237,0.9237,42.1113,14.908000000000001,16.41655,0.004084094999999999,10.526250000000001,0.0489333,42.1113,15.1081,16.41655,0.004063325,10.526250000000001,0.0563426,4.365573e-14,8.00355e-14,/home/sunyahui/worktrees/FilterVectorCode_multilevel_special/runs/high_selectivity_formal_amazon_x1/layer2_t1_16000_t2_50000/sel_967/search_time_summary.csv
sel_967,query_minlen1_label1_sel967pct,0.9670165142,layer2_t1_16000_t2_50000,2,16000,50000,375,0.9326,512.804,513.4405,512.2095,0.01212375963818303,504.263,520.5,0.9326,0.9326,49.0203,15.076699999999999,18.27015,0.004530975,15.55475,0.057794399999999996,49.0203,15.06345,18.28245,0.004518899999999999,15.623899999999999,0.04601375,-1.091395e-14,2.91038e-14,/home/sunyahui/worktrees/FilterVectorCode_multilevel_special/runs/high_selectivity_formal_amazon_x1/layer2_t1_16000_t2_50000/sel_967/search_time_summary.csv
sel_100,query_empty_full100pct,1.0,layer2_t1_16000_t2_500000,2,16000,500000,10,0.8399,403.583,379.5135,379.0455,0.012225617370069995,374.574,548.002,0.8399,0.8399,36.1864,9.813955,25.04515,0.003302135,1.0921349999999999,0.045302350000000005,36.30565,10.087035,25.0824,0.00334176,1.0897999999999999,0.04302285,-2.18279e-14,5.82077e-14,/home/sunyahui/worktrees/FilterVectorCode_multilevel_special/runs/high_selectivity_formal_boundary_extension_amazon_x1/layer2_t1_16000_t2_500000/sel_100/search_time_summary.csv
sel_100,query_empty_full100pct,1.0,layer2_t1_16000_t2_500000,2,16000,500000,15,0.8672,386.735,384.5321666666666,382.03999999999996,0.04188637644361154,364.83,411.316,0.8672,0.8672,36.44025,10.02768,24.8292,0.003244955,1.467425,0.04741765,36.44025,9.92471,24.967100000000002,0.003222005,1.494345,0.050876149999999995,3.63798e-15,5.09317e-14,/home/sunyahui/worktrees/FilterVectorCode_multilevel_special/runs/high_selectivity_formal_boundary_extension_amazon_x1/layer2_t1_16000_t2_500000/sel_100/search_time_summary.csv
sel_100,query_empty_full100pct,1.0,layer2_t1_16000_t2_500000,2,16000,500000,20,0.8797,396.956,390.33799999999997,395.51750000000004,0.02389348227158786,373.611,436.66,0.8797,0.8797,37.80875,9.86163,25.56355,0.003294615,1.70893,0.050163349999999995,37.8261,9.86163,26.10485,0.00343202,1.806555,0.0496249,2.182785e-14,4.36557e-14,/home/sunyahui/worktrees/FilterVectorCode_multilevel_special/runs/high_selectivity_formal_boundary_extension_amazon_x1/layer2_t1_16000_t2_500000/sel_100/search_time_summary.csv
sel_100,query_empty_full100pct,1.0,layer2_t1_16000_t2_500000,2,16000,500000,25,0.8894,395.833,398.28266666666667,397.328,0.028527862593300236,380.183,412.643,0.8894,0.8894,38.019999999999996,9.87388,26.1628,0.003465695,1.963965,0.04442935,37.95815,9.758655000000001,26.1628,0.00341734,1.977655,0.0556629,-3.637950000000001e-15,6.54836e-14,/home/sunyahui/worktrees/FilterVectorCode_multilevel_special/runs/high_selectivity_formal_boundary_extension_amazon_x1/layer2_t1_16000_t2_500000/sel_100/search_time_summary.csv
sel_100,query_empty_full100pct,1.0,layer2_t1_16000_t2_500000,2,16000,500000,31,0.8957,402.471,403.623,401.75800000000004,0.02990709336412932,390.101,425.978,0.8957,0.8957,38.2727,9.607545,26.4658,0.00353382,2.258865,0.0334565,38.1944,9.65211,26.2464,0.00351301,2.258865,0.0334565,2.1827850000000002e-14,7.27596e-14,/home/sunyahui/worktrees/FilterVectorCode_multilevel_special/runs/high_selectivity_formal_boundary_extension_amazon_x1/layer2_t1_16000_t2_500000/sel_100/search_time_summary.csv
sel_100,query_empty_full100pct,1.0,layer2_t1_16000_t2_500000,2,16000,500000,38,0.9001,412.937,415.8111666666667,413.323,0.017366000627975317,395.689,424.885,0.9001,0.9001,39.62245,9.650095,27.454349999999998,0.00357804,2.61622,0.058977,39.62245,9.506609999999998,27.438299999999998,0.00360408,2.614615,0.05934735,3.27418e-14,6.54836e-14,/home/sunyahui/worktrees/FilterVectorCode_multilevel_special/runs/high_selectivity_formal_boundary_extension_amazon_x1/layer2_t1_16000_t2_500000/sel_100/search_time_summary.csv
sel_100,query_empty_full100pct,1.0,layer2_t1_16000_t2_500000,2,16000,500000,44,0.904,415.905,416.7323333333333,415.804,0.013871531415058652,409.689,426.936,0.904,0.904,39.773399999999995,9.7016,27.06,0.0035892,2.929145,0.0455926,39.773399999999995,9.852245,26.923650000000002,0.003468015,2.93159,0.06245755,0.0,4.36557e-14,/home/sunyahui/worktrees/FilterVectorCode_multilevel_special/runs/high_selectivity_formal_boundary_extension_amazon_x1/layer2_t1_16000_t2_500000/sel_100/search_time_summary.csv
sel_100,query_empty_full100pct,1.0,layer2_t1_16000_t2_500000,2,16000,500000,50,0.9069,419.315,422.426,420.1255,0.024011584905435025,400.651,440.772,0.9069,0.9069,40.1087,9.859935,27.3474,0.003503425,3.127885,0.045197299999999996,40.1087,9.694255,27.268749999999997,0.003500515,3.09521,0.04702985,-3.274183e-14,8.73115e-14,/home/sunyahui/worktrees/FilterVectorCode_multilevel_special/runs/high_selectivity_formal_boundary_extension_amazon_x1/layer2_t1_16000_t2_500000/sel_100/search_time_summary.csv
sel_100,query_empty_full100pct,1.0,layer2_t1_16000_t2_500000,2,16000,500000,100,0.9221,471.266,471.1591666666667,470.529,0.012056824435860466,464.689,481.42,0.9221,0.9221,44.9267,9.62962,29.82575,0.003795465,5.41821,0.0473144,44.9267,9.701765,29.82575,0.00390743,5.343954999999999,0.0513643,-4.7293699999999996e-14,5.09317e-14,/home/sunyahui/worktrees/FilterVectorCode_multilevel_special/runs/high_selectivity_formal_boundary_extension_amazon_x1/layer2_t1_16000_t2_500000/sel_100/search_time_summary.csv
sel_80,query_minlen1_nested_avgsel80pct,0.8002369928,layer2_t1_16000_t2_500000,2,16000,500000,250,0.8663,1235.05,403.07366666666667,403.583,0.013440757764319945,394.271,6226.92,0.8663,0.8663,38.10375,12.6156,15.4716,0.00437493,9.970880000000001,0.057384500000000005,38.09425,12.65975,15.36065,0.004381575,10.00008,0.06940155,1.455192e-14,3.63798e-14,/home/sunyahui/worktrees/FilterVectorCode_multilevel_special/runs/high_selectivity_formal_boundary_extension_amazon_x1/layer2_t1_16000_t2_500000/sel_80/search_time_summary.csv
sel_80,query_minlen1_nested_avgsel80pct,0.8002369928,layer2_t1_16000_t2_500000,2,16000,500000,281,0.8684,420.068,419.52116666666666,417.59000000000003,0.012738204344063251,416.017,430.014,0.8684,0.8684,39.73605,12.6286,15.8802,0.0045469099999999995,11.206499999999998,0.054623500000000005,39.70385,12.655850000000001,15.76835,0.0044121,11.219850000000001,0.0554234,-3.637950000000001e-15,5.82077e-14,/home/sunyahui/worktrees/FilterVectorCode_multilevel_special/runs/high_selectivity_formal_boundary_extension_amazon_x1/layer2_t1_16000_t2_500000/sel_80/search_time_summary.csv
sel_80,query_minlen1_nested_avgsel80pct,0.8002369928,layer2_t1_16000_t2_500000,2,16000,500000,312,0.876,433.45,432.39666666666665,433.355,0.009314942127292041,426.282,439.774,0.876,0.876,41.28905,12.8128,16.18775,0.00453244,12.28125,0.05457705,41.28905,12.7035,16.19535,0.00459442,12.33135,0.054305149999999996,7.275949999999999e-15,5.82077e-14,/home/sunyahui/worktrees/FilterVectorCode_multilevel_special/runs/high_selectivity_formal_boundary_extension_amazon_x1/layer2_t1_16000_t2_500000/sel_80/search_time_summary.csv
sel_80,query_minlen1_nested_avgsel80pct,0.8002369928,layer2_t1_16000_t2_500000,2,16000,500000,344,0.8782,451.941,451.16266666666667,449.038,0.014638633405566513,445.479,463.799,0.8782,0.8782,42.751,12.7603,16.40045,0.0047166299999999994,13.5402,0.06083065,42.75145,12.7109,16.47055,0.0047299149999999995,13.5123,0.05297415,1.45519e-14,5.09317e-14,/home/sunyahui/worktrees/FilterVectorCode_multilevel_special/runs/high_selectivity_formal_boundary_extension_amazon_x1/layer2_t1_16000_t2_500000/sel_80/search_time_summary.csv
sel_80,query_minlen1_nested_avgsel80pct,0.8002369928,layer2_t1_16000_t2_500000,2,16000,500000,375,0.8788,461.809,461.50083333333333,460.4565,0.013771822700297212,454.519,470.679,0.8788,0.8788,43.894949999999994,12.71645,16.5529,0.004729595,14.555800000000001,0.0570938,43.894949999999994,12.71645,16.5529,0.004693035,14.566099999999999,0.0548121,-2.1827899999999996e-14,7.27596e-14,/home/sunyahui/worktrees/FilterVectorCode_multilevel_special/runs/high_selectivity_formal_boundary_extension_amazon_x1/layer2_t1_16000_t2_500000/sel_80/search_time_summary.csv
sel_80,query_minlen1_nested_avgsel80pct,0.8002369928,layer2_t1_16000_t2_500000,2,16000,500000,500,0.8868,526.375,526.9961666666667,524.8810000000001,0.015642470656017024,517.841,539.346,0.8868,0.8868,49.9456,12.9443,17.55555,0.0050019850000000005,19.3649,0.0524402,49.9707,12.911650000000002,17.57895,0.004986255,19.41605,0.0590103,5.82075e-14,1.16415e-13,/home/sunyahui/worktrees/FilterVectorCode_multilevel_special/runs/high_selectivity_formal_boundary_extension_amazon_x1/layer2_t1_16000_t2_500000/sel_80/search_time_summary.csv
sel_85,query_minlen1_nested_avgsel85pct,0.8496712723,layer2_t1_16000_t2_500000,2,16000,500000,25,0.8365,899.873,266.5333333333333,266.436,0.011986332607446436,261.137,4699.91,0.8365,0.8365,25.29365,12.3595,11.3105,0.00367713,1.556125,0.02258485,25.27815,12.6143,11.0527,0.003670255,1.574775,0.0326937,-1.0913939999999998e-14,5.09317e-14,/home/sunyahui/worktrees/FilterVectorCode_multilevel_special/runs/high_selectivity_formal_boundary_extension_amazon_x1/layer2_t1_16000_t2_500000/sel_85/search_time_summary.csv
sel_85,query_minlen1_nested_avgsel85pct,0.8496712723,layer2_t1_16000_t2_500000,2,16000,500000,50,0.8563,282.549,282.6408333333333,282.515,0.01721310901733973,277.132,290.811,0.8563,0.8563,26.467100000000002,12.5495,11.402650000000001,0.003708945,2.5036050000000003,0.02238205,26.58185,12.613399999999999,11.47085,0.00372411,2.47185,0.02198125,2.364686e-14,5.09317e-14,/home/sunyahui/worktrees/FilterVectorCode_multilevel_special/runs/high_selectivity_formal_boundary_extension_amazon_x1/layer2_t1_16000_t2_500000/sel_85/search_time_summary.csv
sel_85,query_minlen1_nested_avgsel85pct,0.8496712723,layer2_t1_16000_t2_500000,2,16000,500000,75,0.8626,302.133,297.43983333333335,297.738,0.007363466195088199,294.286,330.29,0.8626,0.8626,27.9877,12.5159,12.14835,0.00384363,3.3892499999999997,0.02382855,28.050150000000002,12.446349999999999,12.17175,0.00384363,3.404375,0.0237635,-2.910385e-14,3.27418e-14,/home/sunyahui/worktrees/FilterVectorCode_multilevel_special/runs/high_selectivity_formal_boundary_extension_amazon_x1/layer2_t1_16000_t2_500000/sel_85/search_time_summary.csv
sel_85,query_minlen1_nested_avgsel85pct,0.8496712723,layer2_t1_16000_t2_500000,2,16000,500000,100,0.8704,316.637,313.244,313.653,0.006499692839653247,310.701,336.998,0.8704,0.8704,29.523699999999998,12.5313,12.63205,0.003895725,4.306595,0.0219361,29.692999999999998,12.732700000000001,12.627500000000001,0.004080439999999999,4.306595,0.0221453,-1.818989e-14,3.27418e-14,/home/sunyahui/worktrees/FilterVectorCode_multilevel_special/runs/high_selectivity_formal_boundary_extension_amazon_x1/layer2_t1_16000_t2_500000/sel_85/search_time_summary.csv
sel_85,query_minlen1_nested_avgsel85pct,0.8496712723,layer2_t1_16000_t2_500000,2,16000,500000,125,0.8746,326.681,325.94033333333334,326.8275,0.01232360347205253,319.412,331.123,0.8746,0.8746,31.0009,12.585650000000001,13.1114,0.004084384999999999,5.224864999999999,0.02322995,31.01915,12.48845,13.16325,0.00402587,5.340195,0.0232027,-2.91038e-14,4.36557e-14,/home/sunyahui/worktrees/FilterVectorCode_multilevel_special/runs/high_selectivity_formal_boundary_extension_amazon_x1/layer2_t1_16000_t2_500000/sel_85/search_time_summary.csv
sel_85,query_minlen1_nested_avgsel85pct,0.8496712723,layer2_t1_16000_t2_500000,2,16000,500000,156,0.8794,343.043,341.7588333333333,340.804,0.014557471502460433,336.24,350.745,0.8794,0.8794,32.47185,12.63495,13.42595,0.004053869999999999,6.392424999999999,0.02403375,32.47185,12.6256,13.42595,0.004060105,6.392424999999999,0.0237666,-4.547475e-14,6.54836e-14,/home/sunyahui/worktrees/FilterVectorCode_multilevel_special/runs/high_selectivity_formal_boundary_extension_amazon_x1/layer2_t1_16000_t2_500000/sel_85/search_time_summary.csv
sel_85,query_minlen1_nested_avgsel85pct,0.8496712723,layer2_t1_16000_t2_500000,2,16000,500000,188,0.8847,362.493,361.32366666666667,359.94899999999996,0.01360312406776426,356.091,369.509,0.8847,0.8847,33.939,12.6022,13.84715,0.00419567,7.54378,0.02511665,33.89265,12.543700000000001,13.776299999999999,0.004143335,7.54378,0.0246781,-1.81899e-14,3.63798e-14,/home/sunyahui/worktrees/FilterVectorCode_multilevel_special/runs/high_selectivity_formal_boundary_extension_amazon_x1/layer2_t1_16000_t2_500000/sel_85/search_time_summary.csv
sel_85,query_minlen1_nested_avgsel85pct,0.8496712723,layer2_t1_16000_t2_500000,2,16000,500000,219,0.8864,381.231,379.7096666666667,376.1245,0.030318826307165557,368.228,397.256,0.8864,0.8864,35.57155,12.68535,14.258199999999999,0.004284415,8.627685,0.0260798,35.57155,12.636700000000001,14.2574,0.004366675,8.645399999999999,0.027708299999999998,-3.63798e-15,4.36557e-14,/home/sunyahui/worktrees/FilterVectorCode_multilevel_special/runs/high_selectivity_formal_boundary_extension_amazon_x1/layer2_t1_16000_t2_500000/sel_85/search_time_summary.csv
sel_85,query_minlen1_nested_avgsel85pct,0.8496712723,layer2_t1_16000_t2_500000,2,16000,500000,250,0.8899,400.656,398.643,394.7075,0.017243841670109943,393.717,412.737,0.8899,0.8899,37.41605,12.668050000000001,14.762149999999998,0.004446455,10.0357,0.02780805,37.27719999999999,12.8052,14.5912,0.0045239849999999995,9.848465000000001,0.02780805,-2.182785e-14,6.54836e-14,/home/sunyahui/worktrees/FilterVectorCode_multilevel_special/runs/high_selectivity_formal_boundary_extension_amazon_x1/layer2_t1_16000_t2_500000/sel_85/search_time_summary.csv
sel_90,query_minlen1_nested_avgsel90pct,0.9004633639,layer2_t1_16000_t2_500000,2,16000,500000,25,0.8622,617.619,289.47516666666667,288.799,0.026895794893284322,280.485,2586.48,0.8622,0.8622,27.1555,13.3677,12.0809,0.00365803,1.699395,0.0428307,27.301250000000003,13.3701,12.187999999999999,0.0036074949999999996,1.69723,0.0423127,2.3646900000000002e-14,4.72937e-14,/home/sunyahui/worktrees/FilterVectorCode_multilevel_special/runs/high_selectivity_formal_boundary_extension_amazon_x1/layer2_t1_16000_t2_500000/sel_90/search_time_summary.csv
sel_90,query_minlen1_nested_avgsel90pct,0.9004633639,layer2_t1_16000_t2_500000,2,16000,500000,50,0.8816,306.87,304.6175,304.2815,0.01787832320573519,299.05,320.386,0.8816,0.8816,28.987099999999998,13.28045,12.90135,0.0038548849999999997,2.78071,0.05236625,28.987099999999998,13.28305,12.90135,0.003800435,2.746475,0.05236625,-1.637093e-14,2.54659e-14,/home/sunyahui/worktrees/FilterVectorCode_multilevel_special/runs/high_selectivity_formal_boundary_extension_amazon_x1/layer2_t1_16000_t2_500000/sel_90/search_time_summary.csv
sel_90,query_minlen1_nested_avgsel90pct,0.9004633639,layer2_t1_16000_t2_500000,2,16000,500000,75,0.8877,322.562,323.4445,324.762,0.011697271148966185,316.297,326.968,0.8877,0.8877,30.73055,13.53435,13.434899999999999,0.00400562,3.694505,0.052467849999999996,30.741100000000003,13.63505,13.364550000000001,0.0040110549999999995,3.69749,0.039998500000000006,-1.4551900000000004e-14,4.72937e-14,/home/sunyahui/worktrees/FilterVectorCode_multilevel_special/runs/high_selectivity_formal_boundary_extension_amazon_x1/layer2_t1_16000_t2_500000/sel_90/search_time_summary.csv
sel_90,query_minlen1_nested_avgsel90pct,0.9004633639,layer2_t1_16000_t2_500000,2,16000,500000,100,0.8955,336.547,336.743,334.3135,0.016204302838579106,332.239,346.279,0.8955,0.8955,31.7972,13.5975,13.528500000000001,0.004102545000000001,4.640415,0.04622665,31.7972,13.67355,13.528500000000001,0.00411264,4.546475,0.0445448,-2.0008859999999998e-14,5.82077e-14,/home/sunyahui/worktrees/FilterVectorCode_multilevel_special/runs/high_selectivity_formal_boundary_extension_amazon_x1/layer2_t1_16000_t2_500000/sel_90/search_time_summary.csv
sel_90,query_minlen1_nested_avgsel90pct,0.9004633639,layer2_t1_16000_t2_500000,2,16000,500000,125,0.8987,401.255,408.31716666666665,358.19100000000003,0.20666314769788768,348.932,535.948,0.8987,0.8987,33.847849999999994,13.855049999999999,14.3165,0.004399435,5.62881,0.0503668,33.847849999999994,13.61935,14.4555,0.004432805,5.7109950000000005,0.0575546,7.27596e-15,8.73115e-14,/home/sunyahui/worktrees/FilterVectorCode_multilevel_special/runs/high_selectivity_formal_boundary_extension_amazon_x1/layer2_t1_16000_t2_500000/sel_90/search_time_summary.csv
sel_90,query_minlen1_nested_avgsel90pct,0.9004633639,layer2_t1_16000_t2_500000,2,16000,500000,156,0.9033,374.094,373.13166666666666,372.923,0.012640670078979217,366.392,379.869,0.9033,0.9033,35.227199999999996,13.93765,14.4923,0.004420235,6.777845,0.03876565,35.4887,14.016950000000001,14.544,0.00443657,6.88459,0.03876565,-1.45519e-14,5.82077e-14,/home/sunyahui/worktrees/FilterVectorCode_multilevel_special/runs/high_selectivity_formal_boundary_extension_amazon_x1/layer2_t1_16000_t2_500000/sel_90/search_time_summary.csv
sel_90,query_minlen1_nested_avgsel90pct,0.9004633639,layer2_t1_16000_t2_500000,2,16000,500000,188,0.9076,390.277,388.88483333333335,390.279,0.015597734618346475,377.22,398.628,0.9076,0.9076,37.117450000000005,13.8352,14.933900000000001,0.004503005,8.053995,0.06446740000000001,37.117450000000005,14.15925,14.884599999999999,0.004840175,8.011465,0.05726775,2.546585e-14,5.82077e-14,/home/sunyahui/worktrees/FilterVectorCode_multilevel_special/runs/high_selectivity_formal_boundary_extension_amazon_x1/layer2_t1_16000_t2_500000/sel_90/search_time_summary.csv
sel_90,query_minlen1_nested_avgsel90pct,0.9004633639,layer2_t1_16000_t2_500000,2,16000,500000,219,0.9092,409.455,404.2115,403.1205,0.017941463317329303,396.119,440.918,0.9092,0.9092,38.22965,13.935500000000001,15.16675,0.004672915,9.15455,0.050769400000000006,38.2774,14.0112,15.03255,0.004659415,9.181255,0.0477071,-3.637950000000001e-15,2.91038e-14,/home/sunyahui/worktrees/FilterVectorCode_multilevel_special/runs/high_selectivity_formal_boundary_extension_amazon_x1/layer2_t1_16000_t2_500000/sel_90/search_time_summary.csv
sel_90,query_minlen1_nested_avgsel90pct,0.9004633639,layer2_t1_16000_t2_500000,2,16000,500000,250,0.9119,428.474,424.88733333333334,424.10249999999996,0.018357700778203152,415.519,449.993,0.9119,0.9119,40.5359,14.1622,15.72905,0.004831205,10.476949999999999,0.0506812,40.29745,14.19145,15.68525,0.0047959349999999994,10.35615,0.059835849999999996,4.001775e-14,5.82077e-14,/home/sunyahui/worktrees/FilterVectorCode_multilevel_special/runs/high_selectivity_formal_boundary_extension_amazon_x1/layer2_t1_16000_t2_500000/sel_90/search_time_summary.csv
sel_95,query_minlen1_nested_avgsel95pct,0.9501978063,layer2_t1_16000_t2_500000,2,16000,500000,25,0.8848,417.537,294.90066666666667,295.3015,0.03848663021203698,278.198,1153.35,0.8848,0.8848,27.6036,14.0546,11.693349999999999,0.0033027300000000002,1.70675,0.04139725,27.6036,14.1633,11.693349999999999,0.00330084,1.70675,0.03690695,-3.81988e-14,5.82077e-14,/home/sunyahui/worktrees/FilterVectorCode_multilevel_special/runs/high_selectivity_formal_boundary_extension_amazon_x1/layer2_t1_16000_t2_500000/sel_95/search_time_summary.csv
sel_95,query_minlen1_nested_avgsel95pct,0.9501978063,layer2_t1_16000_t2_500000,2,16000,500000,50,0.9041,315.569,312.8446666666667,312.166,0.019570243896033093,303.287,331.912,0.9041,0.9041,29.692749999999997,14.028,12.909600000000001,0.003558855,2.79373,0.043883599999999995,29.56745,14.1086,12.68895,0.003478525,2.72298,0.0433664,-1.8189699999999997e-15,7.63976e-14,/home/sunyahui/worktrees/FilterVectorCode_multilevel_special/runs/high_selectivity_formal_boundary_extension_amazon_x1/layer2_t1_16000_t2_500000/sel_95/search_time_summary.csv
sel_95,query_minlen1_nested_avgsel95pct,0.9501978063,layer2_t1_16000_t2_500000,2,16000,500000,75,0.9107,327.692,326.6236666666667,324.142,0.021613722405934937,320.521,338.997,0.9107,0.9107,30.8703,14.20795,12.959800000000001,0.003692995,3.6560449999999998,0.051456699999999994,30.8703,14.12455,12.960049999999999,0.003692995,3.730515,0.0514625,-5.45696e-15,1.45519e-14,/home/sunyahui/worktrees/FilterVectorCode_multilevel_special/runs/high_selectivity_formal_boundary_extension_amazon_x1/layer2_t1_16000_t2_500000/sel_95/search_time_summary.csv
sel_95,query_minlen1_nested_avgsel95pct,0.9501978063,layer2_t1_16000_t2_500000,2,16000,500000,100,0.9184,343.846,343.569,342.15250000000003,0.013470567367530576,340.134,352.861,0.9184,0.9184,32.7663,14.56205,13.5381,0.00379285,4.646039999999999,0.046400449999999996,32.79125,14.603200000000001,13.5381,0.00385435,4.600835,0.04528625,3.637979e-14,6.91216e-14,/home/sunyahui/worktrees/FilterVectorCode_multilevel_special/runs/high_selectivity_formal_boundary_extension_amazon_x1/layer2_t1_16000_t2_500000/sel_95/search_time_summary.csv
sel_95,query_minlen1_nested_avgsel95pct,0.9501978063,layer2_t1_16000_t2_500000,2,16000,500000,125,0.9211,361.906,361.663,362.04100000000005,0.00810752422933427,357.352,365.585,0.9211,0.9211,34.3403,14.5486,14.1508,0.0039493900000000005,5.6058699999999995,0.052164550000000004,34.301050000000004,14.6181,13.99165,0.003937965,5.6432,0.044147900000000004,-1.818988e-14,9.45874e-14,/home/sunyahui/worktrees/FilterVectorCode_multilevel_special/runs/high_selectivity_formal_boundary_extension_amazon_x1/layer2_t1_16000_t2_500000/sel_95/search_time_summary.csv
sel_95,query_minlen1_nested_avgsel95pct,0.9501978063,layer2_t1_16000_t2_500000,2,16000,500000,156,0.9249,381.019,381.6408333333333,377.623,0.034318443272790315,370.648,407.026,0.9249,0.9249,36.015,14.6058,14.483699999999999,0.004067335,6.7443550000000005,0.0457584,35.97055,14.6058,14.5988,0.00416801,6.7187,0.04313825,2.18279e-14,2.91038e-14,/home/sunyahui/worktrees/FilterVectorCode_multilevel_special/runs/high_selectivity_formal_boundary_extension_amazon_x1/layer2_t1_16000_t2_500000/sel_95/search_time_summary.csv
sel_95,query_minlen1_nested_avgsel95pct,0.9501978063,layer2_t1_16000_t2_500000,2,16000,500000,188,0.9273,394.404,392.6218333333333,391.55899999999997,0.010709425640528517,388.951,405.097,0.9273,0.9273,37.21095,14.6092,14.873750000000001,0.0041899,7.9168400000000005,0.0538231,37.21095,14.4176,14.873750000000001,0.004186935,7.863295,0.052129499999999995,-1.818988e-14,6.54836e-14,/home/sunyahui/worktrees/FilterVectorCode_multilevel_special/runs/high_selectivity_formal_boundary_extension_amazon_x1/layer2_t1_16000_t2_500000/sel_95/search_time_summary.csv
sel_95,query_minlen1_nested_avgsel95pct,0.9501978063,layer2_t1_16000_t2_500000,2,16000,500000,219,0.9289,413.286,410.99850000000004,410.1095,0.010699291841869022,406.619,427.015,0.9289,0.9289,38.93365,14.63775,15.216000000000001,0.004414335,9.091204999999999,0.04989785,38.873099999999994,14.65435,15.08625,0.004407105,9.077725000000001,0.050365450000000006,-2.1827850000000002e-14,2.91038e-14,/home/sunyahui/worktrees/FilterVectorCode_multilevel_special/runs/high_selectivity_formal_boundary_extension_amazon_x1/layer2_t1_16000_t2_500000/sel_95/search_time_summary.csv
sel_95,query_minlen1_nested_avgsel95pct,0.9501978063,layer2_t1_16000_t2_500000,2,16000,500000,250,0.9312,429.253,426.242,423.93,0.019196596908339664,417.518,447.319,0.9312,0.9312,40.4894,14.6034,15.4454,0.00456547,10.38155,0.04891725,40.4894,14.6034,15.4454,0.00456547,10.38155,0.05452435,-1.455192e-14,4.36557e-14,/home/sunyahui/worktrees/FilterVectorCode_multilevel_special/runs/high_selectivity_formal_boundary_extension_amazon_x1/layer2_t1_16000_t2_500000/sel_95/search_time_summary.csv
sel_967,query_minlen1_label1_sel967pct,0.9670165142,layer2_t1_16000_t2_500000,2,16000,500000,25,0.8942,336.802,301.8593333333333,301.1755,0.030292054815650272,290.797,546.455,0.8942,0.8942,28.7227,14.2621,12.631599999999999,0.00326336,1.8788749999999999,0.0460398,28.7227,14.212299999999999,12.631599999999999,0.0033422449999999998,1.829735,0.045738799999999996,4.3655749999999996e-14,6.54836e-14,/home/sunyahui/worktrees/FilterVectorCode_multilevel_special/runs/high_selectivity_formal_boundary_extension_amazon_x1/layer2_t1_16000_t2_500000/sel_967/search_time_summary.csv
sel_967,query_minlen1_label1_sel967pct,0.9670165142,layer2_t1_16000_t2_500000,2,16000,500000,50,0.913,322.723,321.7391666666667,324.61,0.031074812895131587,306.308,330.998,0.913,0.913,30.8159,14.58885,13.1714,0.00335601,2.891145,0.04573225,30.8159,14.6458,13.2791,0.0033784699999999997,2.8446249999999997,0.04299,-3.81988e-14,6.54836e-14,/home/sunyahui/worktrees/FilterVectorCode_multilevel_special/runs/high_selectivity_formal_boundary_extension_amazon_x1/layer2_t1_16000_t2_500000/sel_967/search_time_summary.csv
sel_967,query_minlen1_label1_sel967pct,0.9670165142,layer2_t1_16000_t2_500000,2,16000,500000,75,0.9185,341.194,340.1008333333333,339.60699999999997,0.017711661313062118,333.776,348.536,0.9185,0.9185,32.2399,14.50505,13.85175,0.0034372400000000003,3.9616350000000002,0.0512269,32.31085,14.4533,13.7843,0.0034576650000000004,4.009805,0.05999715,-2.00089e-14,2.91038e-14,/home/sunyahui/worktrees/FilterVectorCode_multilevel_special/runs/high_selectivity_formal_boundary_extension_amazon_x1/layer2_t1_16000_t2_500000/sel_967/search_time_summary.csv
sel_967,query_minlen1_label1_sel967pct,0.9670165142,layer2_t1_16000_t2_500000,2,16000,500000,100,0.9261,366.45,360.8838333333333,356.4415,0.03462446966665114,350.37,399.846,0.9261,0.9261,33.6301,14.81995,14.18545,0.0034993000000000003,4.85257,0.040516300000000005,33.6068,14.831800000000001,13.9508,0.0035235600000000002,4.778625,0.042048050000000003,7.27595e-15,1.45519e-14,/home/sunyahui/worktrees/FilterVectorCode_multilevel_special/runs/high_selectivity_formal_boundary_extension_amazon_x1/layer2_t1_16000_t2_500000/sel_967/search_time_summary.csv
sel_967,query_minlen1_label1_sel967pct,0.9670165142,layer2_t1_16000_t2_500000,2,16000,500000,125,0.9286,372.58,372.17516666666666,373.222,0.02070556353174227,359.178,382.515,0.9286,0.9286,35.3839,14.8789,14.643899999999999,0.00360985,5.829179999999999,0.04048215,35.5839,14.8209,14.830549999999999,0.003609945,5.8883399999999995,0.04048215,-3.6379999999999996e-15,2.18279e-14,/home/sunyahui/worktrees/FilterVectorCode_multilevel_special/runs/high_selectivity_formal_boundary_extension_amazon_x1/layer2_t1_16000_t2_500000/sel_967/search_time_summary.csv
sel_967,query_minlen1_label1_sel967pct,0.9670165142,layer2_t1_16000_t2_500000,2,16000,500000,156,0.9322,391.987,391.42283333333336,389.56399999999996,0.021418897929971287,384.139,406.509,0.9322,0.9322,37.2068,14.79055,15.271899999999999,0.00369061,7.0669699999999995,0.047859250000000006,37.2068,14.8241,15.271899999999999,0.00369061,7.0669699999999995,0.0401618,-4.001778e-14,1.01863e-13,/home/sunyahui/worktrees/FilterVectorCode_multilevel_special/runs/high_selectivity_formal_boundary_extension_amazon_x1/layer2_t1_16000_t2_500000/sel_967/search_time_summary.csv
sel_967,query_minlen1_label1_sel967pct,0.9670165142,layer2_t1_16000_t2_500000,2,16000,500000,188,0.9343,410.389,406.77183333333335,405.245,0.015581148184676694,400.629,432.09,0.9343,0.9343,38.789500000000004,14.92375,15.4962,0.003828625,8.31436,0.04715565,38.804050000000004,14.8174,15.614149999999999,0.003782075,8.31436,0.05431305,-3.6379999999999996e-15,8.73115e-14,/home/sunyahui/worktrees/FilterVectorCode_multilevel_special/runs/high_selectivity_formal_boundary_extension_amazon_x1/layer2_t1_16000_t2_500000/sel_967/search_time_summary.csv
sel_967,query_minlen1_label1_sel967pct,0.9670165142,layer2_t1_16000_t2_500000,2,16000,500000,219,0.9358,430.781,427.96166666666664,429.688,0.012191415568286347,420.876,447.696,0.9358,0.9358,41.154650000000004,15.02505,16.45205,0.003935025,9.66268,0.0479714,41.154650000000004,14.962399999999999,16.4775,0.003964675,9.66268,0.048101649999999996,-3.6379999999999996e-15,7.27596e-14,/home/sunyahui/worktrees/FilterVectorCode_multilevel_special/runs/high_selectivity_formal_boundary_extension_amazon_x1/layer2_t1_16000_t2_500000/sel_967/search_time_summary.csv
sel_967,query_minlen1_label1_sel967pct,0.9670165142,layer2_t1_16000_t2_500000,2,16000,500000,250,0.9373,472.538,443.808,445.34749999999997,0.016551840626866994,434.039,644.918,0.9373,0.9373,42.62135,14.92595,16.68645,0.004005395,10.8691,0.0579789,42.8367,14.95135,16.8244,0.004037145,10.989450000000001,0.06736065,-8.367345e-14,1.45519e-13,/home/sunyahui/worktrees/FilterVectorCode_multilevel_special/runs/high_selectivity_formal_boundary_extension_amazon_x1/layer2_t1_16000_t2_500000/sel_967/search_time_summary.csv
sel_100,query_empty_full100pct,1.0,layer2_t1_32000_t2_100000,2,32000,100000,25,0.8739,415.14,399.46316666666667,397.7775,0.02301070949840503,388.314,509.198,0.8739,0.8739,37.9999,9.780645,26.29955,0.003344895,1.854765,0.04993545,37.9999,9.780645,26.29955,0.003337355,1.87417,0.042193499999999995,-3.27418e-14,8.73115e-14,/home/sunyahui/worktrees/FilterVectorCode_multilevel_special/runs/high_selectivity_formal_amazon_x1/layer2_t1_32000_t2_100000/sel_100/search_time_summary.csv
sel_100,query_empty_full100pct,1.0,layer2_t1_32000_t2_100000,2,32000,100000,31,0.8811,398.229,402.07283333333334,404.556,0.021217250176599846,375.166,411.238,0.8811,0.8811,38.8826,9.8956,26.85085,0.003328755,2.11615,0.0366658,38.91115,9.822669999999999,26.9945,0.00343629,2.05577,0.0347766,-7.275949999999999e-15,7.27596e-14,/home/sunyahui/worktrees/FilterVectorCode_multilevel_special/runs/high_selectivity_formal_amazon_x1/layer2_t1_32000_t2_100000/sel_100/search_time_summary.csv
sel_100,query_empty_full100pct,1.0,layer2_t1_32000_t2_100000,2,32000,100000,38,0.8866,410.689,408.9766666666667,407.256,0.03020141345512165,394.807,428.946,0.8866,0.8866,38.793549999999996,9.912075,26.3212,0.00343727,2.501705,0.0493125,38.793549999999996,9.907445,26.3212,0.0033666349999999998,2.50058,0.0609652,5.09317e-14,6.54836e-14,/home/sunyahui/worktrees/FilterVectorCode_multilevel_special/runs/high_selectivity_formal_amazon_x1/layer2_t1_32000_t2_100000/sel_100/search_time_summary.csv
sel_100,query_empty_full100pct,1.0,layer2_t1_32000_t2_100000,2,32000,100000,44,0.8896,420.356,421.69016666666664,422.764,0.016910235801996232,408.936,428.372,0.8896,0.8896,40.4285,10.02213,27.61575,0.003447075,2.71964,0.04743635,40.4286,9.658655,27.987299999999998,0.0037484700000000003,2.73142,0.04743635,-7.27597e-15,2.18279e-14,/home/sunyahui/worktrees/FilterVectorCode_multilevel_special/runs/high_selectivity_formal_amazon_x1/layer2_t1_32000_t2_100000/sel_100/search_time_summary.csv
sel_100,query_empty_full100pct,1.0,layer2_t1_32000_t2_100000,2,32000,100000,50,0.8927,414.651,415.7315,414.64200000000005,0.01690135593416857,407.42,425.351,0.8927,0.8927,39.74635,9.93874,26.6429,0.0034006699999999997,3.00068,0.039119650000000006,39.74635,9.999835000000001,26.6429,0.0034154650000000003,3.05456,0.0456306,-1.818988e-14,4.36557e-14,/home/sunyahui/worktrees/FilterVectorCode_multilevel_special/runs/high_selectivity_formal_amazon_x1/layer2_t1_32000_t2_100000/sel_100/search_time_summary.csv
sel_100,query_empty_full100pct,1.0,layer2_t1_32000_t2_100000,2,32000,100000,100,0.9115,463.998,465.80583333333334,467.7845,0.02124395686875804,452.459,477.992,0.9115,0.9115,44.6066,9.9284,29.556849999999997,0.0036437300000000004,5.0545100000000005,0.04130405,44.6066,9.983275,29.556849999999997,0.00363342,5.021615000000001,0.0412569,-2.18279e-14,5.82077e-14,/home/sunyahui/worktrees/FilterVectorCode_multilevel_special/runs/high_selectivity_formal_amazon_x1/layer2_t1_32000_t2_100000/sel_100/search_time_summary.csv
sel_80,query_minlen1_nested_avgsel80pct,0.8002369928,layer2_t1_32000_t2_100000,2,32000,100000,250,0.8635,1271.22,380.497,379.772,0.00784019073266014,376.302,6615.54,0.8635,0.8635,35.907349999999994,11.821549999999998,14.9241,0.0039686800000000005,9.010045,0.06833225,35.9554,11.951049999999999,14.8479,0.003921694999999999,9.081724999999999,0.07083975,-5.456965e-14,6.54836e-14,/home/sunyahui/worktrees/FilterVectorCode_multilevel_special/runs/high_selectivity_formal_amazon_x1/layer2_t1_32000_t2_100000/sel_80/search_time_summary.csv
sel_80,query_minlen1_nested_avgsel80pct,0.8002369928,layer2_t1_32000_t2_100000,2,32000,100000,281,0.8705,394.365,392.0611666666667,390.654,0.014604700153177686,385.319,408.189,0.8705,0.8705,37.071349999999995,11.76925,15.170200000000001,0.004084065,10.001645,0.05160205,37.071349999999995,11.79065,15.222850000000001,0.004168505,10.001645,0.05196145,-7.27597e-15,3.63798e-14,/home/sunyahui/worktrees/FilterVectorCode_multilevel_special/runs/high_selectivity_formal_amazon_x1/layer2_t1_32000_t2_100000/sel_80/search_time_summary.csv
sel_80,query_minlen1_nested_avgsel80pct,0.8002369928,layer2_t1_32000_t2_100000,2,32000,100000,312,0.873,406.525,404.90250000000003,405.59450000000004,0.007784229796373361,400.998,416.261,0.873,0.873,38.27245,11.819849999999999,15.39675,0.0041592,10.98425,0.0597453,38.613550000000004,11.866050000000001,15.6034,0.00430697,11.0811,0.0586942,-7.27597e-15,6.54836e-14,/home/sunyahui/worktrees/FilterVectorCode_multilevel_special/runs/high_selectivity_formal_amazon_x1/layer2_t1_32000_t2_100000/sel_80/search_time_summary.csv
sel_80,query_minlen1_nested_avgsel80pct,0.8002369928,layer2_t1_32000_t2_100000,2,32000,100000,344,0.8743,446.63,447.8185,416.885,0.14942555042694847,413.643,582.664,0.8743,0.8743,39.7733,11.81955,15.81785,0.004315735,12.0698,0.06502474999999999,39.7733,11.81195,15.81785,0.00439643,12.07965,0.059411900000000004,-2.910385e-14,1.45519e-13,/home/sunyahui/worktrees/FilterVectorCode_multilevel_special/runs/high_selectivity_formal_amazon_x1/layer2_t1_32000_t2_100000/sel_80/search_time_summary.csv
sel_80,query_minlen1_nested_avgsel80pct,0.8002369928,layer2_t1_32000_t2_100000,2,32000,100000,375,0.8778,436.746,434.63783333333333,436.2455,0.012431871197865667,424.546,449.394,0.8778,0.8778,41.1953,11.84625,16.1531,0.00438535,13.27745,0.0538727,41.377399999999994,11.836300000000001,16.15885,0.004480145,13.31725,0.0605214,3.63798e-15,7.27596e-14,/home/sunyahui/worktrees/FilterVectorCode_multilevel_special/runs/high_selectivity_formal_amazon_x1/layer2_t1_32000_t2_100000/sel_80/search_time_summary.csv
sel_80,query_minlen1_nested_avgsel80pct,0.8002369928,layer2_t1_32000_t2_100000,2,32000,100000,500,0.8867,488.958,487.90366666666665,486.634,0.009175184215192308,482.29,495.285,0.8867,0.8867,46.380799999999994,11.90655,16.8649,0.004714275,17.52505,0.0652046,46.380799999999994,11.934000000000001,16.8649,0.004747895,17.51945,0.05762245,-3.63798e-14,1.09139e-13,/home/sunyahui/worktrees/FilterVectorCode_multilevel_special/runs/high_selectivity_formal_amazon_x1/layer2_t1_32000_t2_100000/sel_80/search_time_summary.csv
sel_85,query_minlen1_nested_avgsel85pct,0.8496712723,layer2_t1_32000_t2_100000,2,32000,100000,125,0.8679,911.603,336.3585,336.977,0.007025762325469719,332.503,4363.07,0.8679,0.8679,31.7408,12.9862,13.72015,0.00347435,5.0754,0.04729265,31.727249999999998,13.07475,13.53155,0.0034488749999999997,5.067945,0.04956035,2.182785e-14,5.09317e-14,/home/sunyahui/worktrees/FilterVectorCode_multilevel_special/runs/high_selectivity_formal_amazon_x1/layer2_t1_32000_t2_100000/sel_85/search_time_summary.csv
sel_85,query_minlen1_nested_avgsel85pct,0.8496712723,layer2_t1_32000_t2_100000,2,32000,100000,156,0.8712,353.686,352.12583333333333,352.3385,0.019058171188275175,344.07,363.206,0.8712,0.8712,33.34775,13.1583,13.9738,0.00355326,6.130075,0.04230125,33.46585,13.15325,14.10145,0.0035179,6.153415,0.054212250000000003,0.0,2.18279e-14,/home/sunyahui/worktrees/FilterVectorCode_multilevel_special/runs/high_selectivity_formal_amazon_x1/layer2_t1_32000_t2_100000/sel_85/search_time_summary.csv
sel_85,query_minlen1_nested_avgsel85pct,0.8496712723,layer2_t1_32000_t2_100000,2,32000,100000,188,0.8803,370.565,369.11833333333334,369.483,0.007330725815697547,363.893,379.246,0.8803,0.8803,35.308049999999994,13.23475,14.6019,0.00358678,7.35749,0.046773499999999996,35.34555,13.31275,14.574300000000001,0.00359563,7.3994800000000005,0.05544905,-7.275950000000002e-15,8.73115e-14,/home/sunyahui/worktrees/FilterVectorCode_multilevel_special/runs/high_selectivity_formal_amazon_x1/layer2_t1_32000_t2_100000/sel_85/search_time_summary.csv
sel_85,query_minlen1_nested_avgsel85pct,0.8496712723,layer2_t1_32000_t2_100000,2,32000,100000,219,0.8814,388.221,387.3473333333333,387.3625,0.01724852065752623,377.371,397.094,0.8814,0.8814,36.692949999999996,13.365549999999999,15.13875,0.0036730549999999997,8.33875,0.05050295,36.761449999999996,13.289200000000001,15.0383,0.00361122,8.382325,0.04802115,-4.3655749999999996e-14,5.82077e-14,/home/sunyahui/worktrees/FilterVectorCode_multilevel_special/runs/high_selectivity_formal_amazon_x1/layer2_t1_32000_t2_100000/sel_85/search_time_summary.csv
sel_85,query_minlen1_nested_avgsel85pct,0.8496712723,layer2_t1_32000_t2_100000,2,32000,100000,250,0.8881,401.521,400.5783333333333,399.3435,0.011697075841364871,394.373,407.181,0.8881,0.8881,37.87325,13.317350000000001,15.16965,0.00374264,9.391200000000001,0.0553787,37.8146,13.323550000000001,15.107099999999999,0.0037971999999999997,9.333995,0.04608315,4.0017750000000004e-14,9.45874e-14,/home/sunyahui/worktrees/FilterVectorCode_multilevel_special/runs/high_selectivity_formal_amazon_x1/layer2_t1_32000_t2_100000/sel_85/search_time_summary.csv
sel_85,query_minlen1_nested_avgsel85pct,0.8496712723,layer2_t1_32000_t2_100000,2,32000,100000,375,0.9014,466.607,465.3231666666667,464.387,0.01595717071030277,457.297,477.036,0.9014,0.9014,44.286100000000005,13.6853,16.60785,0.004092835,14.06045,0.05968685,44.286100000000005,13.54515,16.62595,0.004086,14.06045,0.0505114,-6.54836e-14,8.00355e-14,/home/sunyahui/worktrees/FilterVectorCode_multilevel_special/runs/high_selectivity_formal_amazon_x1/layer2_t1_32000_t2_100000/sel_85/search_time_summary.csv
sel_90,query_minlen1_nested_avgsel90pct,0.9004633639,layer2_t1_32000_t2_100000,2,32000,100000,125,0.8906,709.25,338.044,337.45500000000004,0.013557242712878592,332.784,2936.49,0.8906,0.8906,31.883499999999998,13.5776,13.3818,0.003668205,5.066549999999999,0.0389014,31.79895,13.6606,12.972000000000001,0.003533895,5.126125,0.0367864,3.638000000000001e-15,4.36557e-14,/home/sunyahui/worktrees/FilterVectorCode_multilevel_special/runs/high_selectivity_formal_amazon_x1/layer2_t1_32000_t2_100000/sel_90/search_time_summary.csv
sel_90,query_minlen1_nested_avgsel90pct,0.9004633639,layer2_t1_32000_t2_100000,2,32000,100000,156,0.8937,360.683,356.792,357.28549999999996,0.009914688483824496,350.198,384.029,0.8937,0.8937,33.7013,13.62375,13.7868,0.0038188,6.085240000000001,0.048806100000000005,33.7013,13.79215,13.77245,0.00382049,6.0841,0.048762150000000004,-7.275949999999999e-15,5.82077e-14,/home/sunyahui/worktrees/FilterVectorCode_multilevel_special/runs/high_selectivity_formal_amazon_x1/layer2_t1_32000_t2_100000/sel_90/search_time_summary.csv
sel_90,query_minlen1_nested_avgsel90pct,0.9004633639,layer2_t1_32000_t2_100000,2,32000,100000,188,0.9017,373.799,371.306,371.172,0.01126465773994225,366.044,388.759,0.9017,0.9017,35.379599999999996,13.626750000000001,14.3447,0.00392561,7.21361,0.046671699999999997,35.27705,13.565999999999999,14.465150000000001,0.003966795,7.197395,0.044635850000000005,1.8189900000000002e-14,8.73115e-14,/home/sunyahui/worktrees/FilterVectorCode_multilevel_special/runs/high_selectivity_formal_amazon_x1/layer2_t1_32000_t2_100000/sel_90/search_time_summary.csv
sel_90,query_minlen1_nested_avgsel90pct,0.9004633639,layer2_t1_32000_t2_100000,2,32000,100000,219,0.9029,392.491,389.33666666666664,388.2865,0.013411147125556638,385.415,411.414,0.9029,0.9029,36.82355,13.7731,14.729,0.004068024999999999,8.293949999999999,0.04573365,36.76245,13.691849999999999,14.73985,0.004118985,8.28339,0.043225150000000004,-3.638000000000001e-15,5.09317e-14,/home/sunyahui/worktrees/FilterVectorCode_multilevel_special/runs/high_selectivity_formal_amazon_x1/layer2_t1_32000_t2_100000/sel_90/search_time_summary.csv
sel_90,query_minlen1_nested_avgsel90pct,0.9004633639,layer2_t1_32000_t2_100000,2,32000,100000,250,0.9098,407.205,405.8421666666667,405.994,0.012578435375100987,398.051,415.383,0.9098,0.9098,38.42765,13.8418,15.02525,0.004234965,9.5021,0.04028745,38.42765,13.83315,15.02525,0.004362715,9.516995000000001,0.047840549999999996,3.63798e-15,5.09317e-14,/home/sunyahui/worktrees/FilterVectorCode_multilevel_special/runs/high_selectivity_formal_amazon_x1/layer2_t1_32000_t2_100000/sel_90/search_time_summary.csv
sel_90,query_minlen1_nested_avgsel90pct,0.9004633639,layer2_t1_32000_t2_100000,2,32000,100000,375,0.9238,471.711,468.335,463.783,0.02077690043637977,459.711,491.965,0.9238,0.9238,43.9135,13.9201,16.1511,0.004633125,13.84505,0.0410722,43.9135,14.0331,15.995999999999999,0.004626855,13.82275,0.057046650000000004,-3.637999999999998e-15,8.73115e-14,/home/sunyahui/worktrees/FilterVectorCode_multilevel_special/runs/high_selectivity_formal_amazon_x1/layer2_t1_32000_t2_100000/sel_90/search_time_summary.csv
sel_95,query_minlen1_nested_avgsel95pct,0.9501978063,layer2_t1_32000_t2_100000,2,32000,100000,125,0.9147,510.999,412.80783333333335,375.8555,0.18797794418797897,353.858,1100.15,0.9147,0.9147,35.9524,15.811250000000001,14.21115,0.003568585,5.361375,0.04577545,35.9524,15.811250000000001,14.47955,0.003483885,5.61237,0.04577545,2.5465869999999997e-14,8.00355e-14,/home/sunyahui/worktrees/FilterVectorCode_multilevel_special/runs/high_selectivity_formal_amazon_x1/layer2_t1_32000_t2_100000/sel_95/search_time_summary.csv
sel_95,query_minlen1_nested_avgsel95pct,0.9501978063,layer2_t1_32000_t2_100000,2,32000,100000,156,0.917,385.508,377.40250000000003,378.0285,0.01416130944739055,368.741,434.143,0.917,0.917,36.016850000000005,14.581,14.9003,0.0038381500000000002,6.546315,0.0509087,36.016850000000005,14.51575,14.9003,0.003945595,6.546315,0.05053245,-3.63797e-15,5.09317e-14,/home/sunyahui/worktrees/FilterVectorCode_multilevel_special/runs/high_selectivity_formal_amazon_x1/layer2_t1_32000_t2_100000/sel_95/search_time_summary.csv
sel_95,query_minlen1_nested_avgsel95pct,0.9501978063,layer2_t1_32000_t2_100000,2,32000,100000,188,0.9231,395.819,393.8681666666667,395.03,0.007302293051286958,390.242,407.521,0.9231,0.9231,37.50165,14.7436,15.022749999999998,0.0039473749999999995,7.681884999999999,0.04121955,37.50165,14.90595,14.8899,0.003756625,7.651809999999999,0.05030545,2.5465849999999997e-14,7.27596e-14,/home/sunyahui/worktrees/FilterVectorCode_multilevel_special/runs/high_selectivity_formal_amazon_x1/layer2_t1_32000_t2_100000/sel_95/search_time_summary.csv
sel_95,query_minlen1_nested_avgsel95pct,0.9501978063,layer2_t1_32000_t2_100000,2,32000,100000,219,0.9243,410.422,408.0183333333333,407.04449999999997,0.00992622047220323,403.842,424.846,0.9243,0.9243,39.027,14.79665,15.44125,0.004005109999999999,8.825330000000001,0.04197865,39.027,14.7411,15.46495,0.00421299,8.774345,0.042418300000000006,-6.91216e-14,8.00355e-14,/home/sunyahui/worktrees/FilterVectorCode_multilevel_special/runs/high_selectivity_formal_amazon_x1/layer2_t1_32000_t2_100000/sel_95/search_time_summary.csv
sel_95,query_minlen1_nested_avgsel95pct,0.9501978063,layer2_t1_32000_t2_100000,2,32000,100000,250,0.9308,426.209,425.3403333333333,424.5325,0.011751445059774188,419.923,434.323,0.9308,0.9308,40.439,14.71945,15.678,0.004150075,10.009875000000001,0.047803700000000005,40.5058,14.688749999999999,15.70475,0.0041473050000000004,10.06357,0.04453265,3.637978e-14,7.27596e-14,/home/sunyahui/worktrees/FilterVectorCode_multilevel_special/runs/high_selectivity_formal_amazon_x1/layer2_t1_32000_t2_100000/sel_95/search_time_summary.csv
sel_95,query_minlen1_nested_avgsel95pct,0.9501978063,layer2_t1_32000_t2_100000,2,32000,100000,375,0.9438,494.366,493.00083333333333,493.1105,0.01590526656644689,481.0,505.24,0.9438,0.9438,47.081500000000005,14.91995,16.941200000000002,0.00455652,14.831800000000001,0.053627999999999995,47.081500000000005,15.3087,16.9521,0.00461846,14.7624,0.053627999999999995,-1.4551949999999998e-14,7.27596e-14,/home/sunyahui/worktrees/FilterVectorCode_multilevel_special/runs/high_selectivity_formal_amazon_x1/layer2_t1_32000_t2_100000/sel_95/search_time_summary.csv
sel_967,query_minlen1_label1_sel967pct,0.9670165142,layer2_t1_32000_t2_100000,2,32000,100000,125,0.9223,388.732,366.1728333333333,366.627,0.003807078431392592,364.185,524.086,0.9223,0.9223,34.962450000000004,14.673950000000001,14.5138,0.003365755,5.56246,0.045914750000000004,35.171099999999996,14.72065,14.768149999999999,0.003352935,5.623955,0.05493985,-1.09139e-14,8.00355e-14,/home/sunyahui/worktrees/FilterVectorCode_multilevel_special/runs/high_selectivity_formal_amazon_x1/layer2_t1_32000_t2_100000/sel_967/search_time_summary.csv
sel_967,query_minlen1_label1_sel967pct,0.9670165142,layer2_t1_32000_t2_100000,2,32000,100000,156,0.9244,389.328,388.6008333333333,384.453,0.036507805865551,379.238,416.952,0.9244,0.9244,36.74565,14.8837,15.06175,0.00346948,6.653115,0.0483547,36.80175,14.943349999999999,15.111049999999999,0.00346948,6.707715,0.0360681,-1.45519e-14,5.09317e-14,/home/sunyahui/worktrees/FilterVectorCode_multilevel_special/runs/high_selectivity_formal_amazon_x1/layer2_t1_32000_t2_100000/sel_967/search_time_summary.csv
sel_967,query_minlen1_label1_sel967pct,0.9670165142,layer2_t1_32000_t2_100000,2,32000,100000,188,0.9302,411.295,408.92583333333334,405.375,0.021173327653403684,399.938,425.511,0.9302,0.9302,38.4649,15.0801,15.493,0.003601615,7.941345,0.052808850000000004,38.4649,15.175699999999999,15.3337,0.003601615,7.89663,0.05527335,3.6379999999999996e-15,5.09317e-14,/home/sunyahui/worktrees/FilterVectorCode_multilevel_special/runs/high_selectivity_formal_amazon_x1/layer2_t1_32000_t2_100000/sel_967/search_time_summary.csv
sel_967,query_minlen1_label1_sel967pct,0.9670165142,layer2_t1_32000_t2_100000,2,32000,100000,219,0.9313,455.452,455.0973333333333,421.126,0.1852062791587795,416.798,627.055,0.9313,0.9313,40.12465,15.1613,15.944700000000001,0.003706655,9.08923,0.052216,40.12465,15.03405,15.963750000000001,0.0036697250000000004,9.077245000000001,0.0459221,3.637999999999998e-15,6.54836e-14,/home/sunyahui/worktrees/FilterVectorCode_multilevel_special/runs/high_selectivity_formal_amazon_x1/layer2_t1_32000_t2_100000/sel_967/search_time_summary.csv
sel_967,query_minlen1_label1_sel967pct,0.9670165142,layer2_t1_32000_t2_100000,2,32000,100000,250,0.937,442.254,441.55233333333337,440.0545,0.01563518021152102,432.36,451.338,0.937,0.937,42.24735,15.0836,16.64815,0.0038039299999999996,10.3885,0.0450657,42.06014999999999,14.9368,16.7446,0.003798585,10.3219,0.05309175,-1.09139e-14,9.45874e-14,/home/sunyahui/worktrees/FilterVectorCode_multilevel_special/runs/high_selectivity_formal_amazon_x1/layer2_t1_32000_t2_100000/sel_967/search_time_summary.csv
sel_967,query_minlen1_label1_sel967pct,0.9670165142,layer2_t1_32000_t2_100000,2,32000,100000,375,0.9486,511.35,509.73566666666665,509.161,0.009011062861101432,504.69,521.036,0.9486,0.9486,48.76035,15.178,17.962850000000003,0.004106035,15.55705,0.0549462,48.6306,15.057500000000001,17.9521,0.004218015,15.55705,0.05975335,4.7293699999999996e-14,1.16415e-13,/home/sunyahui/worktrees/FilterVectorCode_multilevel_special/runs/high_selectivity_formal_amazon_x1/layer2_t1_32000_t2_100000/sel_967/search_time_summary.csv
sel_100,query_empty_full100pct,1.0,layer2_t1_32000_t2_200000,2,32000,200000,25,0.8956,418.032,395.2561666666667,400.988,0.04601730201126992,372.432,554.685,0.8956,0.8956,38.37655,10.01195,26.204349999999998,0.003201175,1.9120400000000002,0.0418754,38.64435,9.873415000000001,26.800150000000002,0.00328951,1.92554,0.0419907,4.0017750000000004e-14,5.09317e-14,/home/sunyahui/worktrees/FilterVectorCode_multilevel_special/runs/high_selectivity_formal_amazon_x1/layer2_t1_32000_t2_200000/sel_100/search_time_summary.csv
sel_100,query_empty_full100pct,1.0,layer2_t1_32000_t2_200000,2,32000,200000,31,0.9011,409.975,411.38716666666664,413.6295,0.02463616157714766,392.11,420.074,0.9011,0.9011,39.55515,9.827960000000001,27.5056,0.003388585,2.2087,0.0437719,39.323499999999996,9.764479999999999,27.31915,0.003388585,2.184355,0.05206234999999999,6.184565e-14,1.01863e-13,/home/sunyahui/worktrees/FilterVectorCode_multilevel_special/runs/high_selectivity_formal_amazon_x1/layer2_t1_32000_t2_200000/sel_100/search_time_summary.csv
sel_100,query_empty_full100pct,1.0,layer2_t1_32000_t2_200000,2,32000,200000,38,0.9061,407.009,408.8425,410.368,0.01544888474498411,396.009,414.173,0.9061,0.9061,39.2795,9.918645,26.45995,0.003259325,2.600225,0.04901375,39.378299999999996,9.979415,26.7178,0.003207205,2.632175,0.04568775,1.8189900000000002e-14,8.73115e-14,/home/sunyahui/worktrees/FilterVectorCode_multilevel_special/runs/high_selectivity_formal_amazon_x1/layer2_t1_32000_t2_200000/sel_100/search_time_summary.csv
sel_100,query_empty_full100pct,1.0,layer2_t1_32000_t2_200000,2,32000,200000,44,0.909,425.23,420.5421666666667,419.113,0.014059598390981025,414.272,453.36,0.909,0.909,40.040099999999995,9.737580000000001,27.32495,0.00341238,2.80078,0.045454049999999996,40.040099999999995,9.710090000000001,27.490099999999998,0.003396065,2.7892900000000003,0.0472679,-4.3655749999999996e-14,1.01863e-13,/home/sunyahui/worktrees/FilterVectorCode_multilevel_special/runs/high_selectivity_formal_amazon_x1/layer2_t1_32000_t2_200000/sel_100/search_time_summary.csv
sel_100,query_empty_full100pct,1.0,layer2_t1_32000_t2_200000,2,32000,200000,50,0.9107,424.553,426.42016666666666,427.2125,0.02492914292172307,407.58,439.696,0.9107,0.9107,40.9029,9.674045,27.98285,0.0034722900000000003,3.1207000000000003,0.04620945,40.9029,9.664304999999999,28.066200000000002,0.0034598750000000003,3.1207000000000003,0.04826925,3.63797e-15,1.16415e-13,/home/sunyahui/worktrees/FilterVectorCode_multilevel_special/runs/high_selectivity_formal_amazon_x1/layer2_t1_32000_t2_200000/sel_100/search_time_summary.csv
sel_100,query_empty_full100pct,1.0,layer2_t1_32000_t2_200000,2,32000,200000,100,0.9232,468.927,470.4485,470.14750000000004,0.014432132695009895,459.796,481.524,0.9232,0.9232,44.892250000000004,9.672365,30.094450000000002,0.00384978,5.26039,0.0453732,45.0788,9.563185,30.2059,0.003986735,5.26039,0.0452775,-6.548345e-14,1.09139e-13,/home/sunyahui/worktrees/FilterVectorCode_multilevel_special/runs/high_selectivity_formal_amazon_x1/layer2_t1_32000_t2_200000/sel_100/search_time_summary.csv
sel_80,query_minlen1_nested_avgsel80pct,0.8002369928,layer2_t1_32000_t2_200000,2,32000,200000,250,0.8644,1262.96,377.5215,376.905,0.00999898607479872,373.448,6575.57,0.8644,0.8644,35.77165,12.01075,14.5718,0.00362126,9.226705,0.0295181,35.8429,12.01235,14.5718,0.0036924799999999997,9.2241,0.0309785,-2.18279e-14,5.82077e-14,/home/sunyahui/worktrees/FilterVectorCode_multilevel_special/runs/high_selectivity_formal_amazon_x1/layer2_t1_32000_t2_200000/sel_80/search_time_summary.csv
sel_80,query_minlen1_nested_avgsel80pct,0.8002369928,layer2_t1_32000_t2_200000,2,32000,200000,281,0.8678,392.793,390.711,390.123,0.0071119741774891155,386.885,405.288,0.8678,0.8678,36.9849,12.00825,14.7253,0.00371685,10.2778,0.029726950000000002,36.90095,12.017700000000001,14.64115,0.003727745,10.20895,0.02942285,-1.4551900000000004e-14,8.73115e-14,/home/sunyahui/worktrees/FilterVectorCode_multilevel_special/runs/high_selectivity_formal_amazon_x1/layer2_t1_32000_t2_200000/sel_80/search_time_summary.csv
sel_80,query_minlen1_nested_avgsel80pct,0.8002369928,layer2_t1_32000_t2_200000,2,32000,200000,312,0.8694,410.687,410.17333333333335,409.47900000000004,0.011253575299713338,404.647,415.812,0.8694,0.8694,38.6519,12.0426,15.100850000000001,0.003730145,11.432400000000001,0.031998650000000003,38.6519,12.09445,15.100850000000001,0.0038160349999999997,11.4198,0.03292075,-3.63798e-15,5.09317e-14,/home/sunyahui/worktrees/FilterVectorCode_multilevel_special/runs/high_selectivity_formal_amazon_x1/layer2_t1_32000_t2_200000/sel_80/search_time_summary.csv
sel_80,query_minlen1_nested_avgsel80pct,0.8002369928,layer2_t1_32000_t2_200000,2,32000,200000,344,0.8708,426.44,426.56333333333333,424.252,0.02483607042424924,417.075,442.859,0.8708,0.8708,39.98935,12.06795,15.44425,0.0037579099999999997,12.5708,0.03189215,39.8019,12.09345,15.252600000000001,0.003752735,12.418849999999999,0.03329985,4.72937e-14,9.45874e-14,/home/sunyahui/worktrees/FilterVectorCode_multilevel_special/runs/high_selectivity_formal_amazon_x1/layer2_t1_32000_t2_200000/sel_80/search_time_summary.csv
sel_80,query_minlen1_nested_avgsel80pct,0.8002369928,layer2_t1_32000_t2_200000,2,32000,200000,375,0.8743,437.788,436.7961666666667,436.41700000000003,0.00994215748633481,432.137,444.148,0.8743,0.8743,41.32445,12.052,15.6248,0.00386337,13.7317,0.03227595,41.26115,12.11355,15.48875,0.0038721149999999998,13.6218,0.03315335,2.1827879999999997e-14,8.73115e-14,/home/sunyahui/worktrees/FilterVectorCode_multilevel_special/runs/high_selectivity_formal_amazon_x1/layer2_t1_32000_t2_200000/sel_80/search_time_summary.csv
sel_80,query_minlen1_nested_avgsel80pct,0.8002369928,layer2_t1_32000_t2_200000,2,32000,200000,500,0.8869,493.004,491.94933333333336,490.131,0.011395296857786211,486.646,500.544,0.8869,0.8869,46.6959,12.02245,16.4943,0.0040644,18.106450000000002,0.0359204,46.7457,11.98945,16.6022,0.004134075,18.11255,0.03737975,7.27595e-15,1.01863e-13,/home/sunyahui/worktrees/FilterVectorCode_multilevel_special/runs/high_selectivity_formal_amazon_x1/layer2_t1_32000_t2_200000/sel_80/search_time_summary.csv
sel_85,query_minlen1_nested_avgsel85pct,0.8496712723,layer2_t1_32000_t2_200000,2,32000,200000,125,0.8741,929.007,340.95983333333334,340.231,0.007866371986981433,338.537,4457.29,0.8741,0.8741,32.338300000000004,13.208,13.887450000000001,0.003559675,5.281995,0.05661595,32.23435,13.340050000000002,13.5475,0.0034903950000000003,5.2992799999999995,0.0440108,-5.457e-15,4.00178e-14,/home/sunyahui/worktrees/FilterVectorCode_multilevel_special/runs/high_selectivity_formal_amazon_x1/layer2_t1_32000_t2_200000/sel_85/search_time_summary.csv
sel_85,query_minlen1_nested_avgsel85pct,0.8496712723,layer2_t1_32000_t2_200000,2,32000,200000,156,0.8784,363.538,362.1515,362.90549999999996,0.02535801137030549,349.097,374.399,0.8784,0.8784,34.3156,13.2839,14.41015,0.0037097099999999997,6.48596,0.0549878,34.3156,13.2839,14.41015,0.003756045,6.57662,0.04119075,-4.3655749999999996e-14,6.54836e-14,/home/sunyahui/worktrees/FilterVectorCode_multilevel_special/runs/high_selectivity_formal_amazon_x1/layer2_t1_32000_t2_200000/sel_85/search_time_summary.csv
sel_85,query_minlen1_nested_avgsel85pct,0.8496712723,layer2_t1_32000_t2_200000,2,32000,200000,188,0.8845,376.322,375.3713333333333,375.301,0.006867726997912425,372.536,382.023,0.8845,0.8845,35.82535,13.3643,14.69575,0.003794545,7.587135,0.050237000000000004,35.82535,13.4759,14.69575,0.0038179399999999997,7.606299999999999,0.0435811,3.6379999999999996e-15,6.54836e-14,/home/sunyahui/worktrees/FilterVectorCode_multilevel_special/runs/high_selectivity_formal_amazon_x1/layer2_t1_32000_t2_200000/sel_85/search_time_summary.csv
sel_85,query_minlen1_nested_avgsel85pct,0.8496712723,layer2_t1_32000_t2_200000,2,32000,200000,219,0.8862,392.565,392.277,394.375,0.013159534207746916,383.802,396.688,0.8862,0.8862,37.53635,13.49225,15.3189,0.00391882,8.578385,0.0495357,37.59155,13.5775,15.3189,0.003984059999999999,8.64162,0.0495357,-1.091395e-14,5.09317e-14,/home/sunyahui/worktrees/FilterVectorCode_multilevel_special/runs/high_selectivity_formal_amazon_x1/layer2_t1_32000_t2_200000/sel_85/search_time_summary.csv
sel_85,query_minlen1_nested_avgsel85pct,0.8496712723,layer2_t1_32000_t2_200000,2,32000,200000,250,0.8888,428.665,431.55133333333333,404.9905,0.15753884096189602,399.137,570.137,0.8888,0.8888,38.63495,13.38615,15.298549999999999,0.004016185,9.728415,0.0526857,38.63495,13.3708,15.501,0.004010494999999999,9.715129999999998,0.0439644,-1.4551899999999997e-14,6.54836e-14,/home/sunyahui/worktrees/FilterVectorCode_multilevel_special/runs/high_selectivity_formal_amazon_x1/layer2_t1_32000_t2_200000/sel_85/search_time_summary.csv
sel_85,query_minlen1_nested_avgsel85pct,0.8496712723,layer2_t1_32000_t2_200000,2,32000,200000,375,0.8977,471.442,469.28766666666667,467.748,0.0112398993156988,465.26,484.367,0.8977,0.8977,44.64405,13.736550000000001,16.6112,0.00440793,14.265699999999999,0.0626806,44.55595,13.737649999999999,16.57425,0.004422809999999999,14.16695,0.07261355,-1.091393e-14,7.27596e-14,/home/sunyahui/worktrees/FilterVectorCode_multilevel_special/runs/high_selectivity_formal_amazon_x1/layer2_t1_32000_t2_200000/sel_85/search_time_summary.csv
sel_90,query_minlen1_nested_avgsel90pct,0.9004633639,layer2_t1_32000_t2_200000,2,32000,200000,125,0.896,703.912,350.61066666666665,349.15200000000004,0.011460708409591309,347.065,2823.72,0.896,0.896,33.216899999999995,13.6919,14.1423,0.00368409,5.381125,0.0403356,33.204499999999996,13.9144,13.92175,0.00356264,5.33362,0.031206249999999998,-2.546585e-14,6.54836e-14,/home/sunyahui/worktrees/FilterVectorCode_multilevel_special/runs/high_selectivity_formal_amazon_x1/layer2_t1_32000_t2_200000/sel_90/search_time_summary.csv
sel_90,query_minlen1_nested_avgsel90pct,0.9004633639,layer2_t1_32000_t2_200000,2,32000,200000,156,0.9001,368.893,367.99,367.2255,0.011987085671567674,363.335,374.315,0.9001,0.9001,34.9503,13.69925,14.6412,0.00385692,6.59235,0.04215195,35.048249999999996,13.69925,14.69575,0.00378546,6.6071349999999995,0.04228465,-2.910385e-14,5.09317e-14,/home/sunyahui/worktrees/FilterVectorCode_multilevel_special/runs/high_selectivity_formal_amazon_x1/layer2_t1_32000_t2_200000/sel_90/search_time_summary.csv
sel_90,query_minlen1_nested_avgsel90pct,0.9004633639,layer2_t1_32000_t2_200000,2,32000,200000,188,0.9051,390.94,389.13266666666664,390.6275,0.010060077735431407,382.56,401.786,0.9051,0.9051,36.82155,13.7929,15.16115,0.004028065,7.845055,0.0471333,37.02265,13.9041,15.19805,0.004084829999999999,7.870395,0.04601535,-3.6379999999999996e-15,5.82077e-14,/home/sunyahui/worktrees/FilterVectorCode_multilevel_special/runs/high_selectivity_formal_amazon_x1/layer2_t1_32000_t2_200000/sel_90/search_time_summary.csv
sel_90,query_minlen1_nested_avgsel90pct,0.9004633639,layer2_t1_32000_t2_200000,2,32000,200000,219,0.9074,404.6,404.422,401.821,0.012115249562356177,400.42,412.579,0.9074,0.9074,38.423649999999995,13.7355,15.5711,0.004200495,9.08886,0.0416552,38.08765,13.769400000000001,15.35575,0.00403132,8.911774999999999,0.046688450000000006,-1.8189900000000002e-14,8.00355e-14,/home/sunyahui/worktrees/FilterVectorCode_multilevel_special/runs/high_selectivity_formal_amazon_x1/layer2_t1_32000_t2_200000/sel_90/search_time_summary.csv
sel_90,query_minlen1_nested_avgsel90pct,0.9004633639,layer2_t1_32000_t2_200000,2,32000,200000,250,0.9092,446.981,450.4103333333333,420.2415,0.16034271480032647,413.804,597.178,0.9092,0.9092,40.09225,13.905249999999999,16.0001,0.0042527,10.24805,0.051470699999999994,39.9955,13.71235,16.0001,0.00425836,10.2238,0.054956149999999995,3.6379769999999996e-14,1.09139e-13,/home/sunyahui/worktrees/FilterVectorCode_multilevel_special/runs/high_selectivity_formal_amazon_x1/layer2_t1_32000_t2_200000/sel_90/search_time_summary.csv
sel_90,query_minlen1_nested_avgsel90pct,0.9004633639,layer2_t1_32000_t2_200000,2,32000,200000,375,0.9188,488.61,487.43716666666666,485.4145,0.011266531199845163,482.64,495.647,0.9188,0.9188,46.54405,13.9775,17.35955,0.004704115,15.13465,0.05720915,46.5269,13.8103,17.42105,0.004669195,15.2268,0.06407715,2.546585e-14,5.82077e-14,/home/sunyahui/worktrees/FilterVectorCode_multilevel_special/runs/high_selectivity_formal_amazon_x1/layer2_t1_32000_t2_200000/sel_90/search_time_summary.csv
sel_95,query_minlen1_nested_avgsel95pct,0.9501978063,layer2_t1_32000_t2_200000,2,32000,200000,125,0.9203,477.986,368.44433333333336,369.7115,0.013825320082511293,361.877,1135.24,0.9203,0.9203,34.796049999999994,14.5181,14.668949999999999,0.003620925,5.62823,0.03662215,34.796049999999994,14.5181,14.59405,0.003658165,5.62823,0.0520228,-1.0913949999999998e-14,3.63798e-14,/home/sunyahui/worktrees/FilterVectorCode_multilevel_special/runs/high_selectivity_formal_amazon_x1/layer2_t1_32000_t2_200000/sel_95/search_time_summary.csv
sel_95,query_minlen1_nested_avgsel95pct,0.9501978063,layer2_t1_32000_t2_200000,2,32000,200000,156,0.9235,390.61,385.3738333333333,385.794,0.012154565533009316,379.066,422.03,0.9235,0.9235,36.8668,14.53875,15.2741,0.00384591,6.926045,0.0455811,36.8668,14.53875,15.28425,0.0037662249999999998,6.9910250000000005,0.04895025,4.0017799999999995e-14,6.54836e-14,/home/sunyahui/worktrees/FilterVectorCode_multilevel_special/runs/high_selectivity_formal_amazon_x1/layer2_t1_32000_t2_200000/sel_95/search_time_summary.csv
sel_95,query_minlen1_nested_avgsel95pct,0.9501978063,layer2_t1_32000_t2_200000,2,32000,200000,188,0.9266,405.139,402.36783333333335,402.8105,0.0063000683327395805,399.352,421.764,0.9266,0.9266,38.370999999999995,14.62855,15.567450000000001,0.003978985,8.165535,0.047696550000000004,38.460750000000004,14.60455,15.567450000000001,0.003933275,8.236609999999999,0.048215549999999996,3.63798e-15,3.63798e-14,/home/sunyahui/worktrees/FilterVectorCode_multilevel_special/runs/high_selectivity_formal_amazon_x1/layer2_t1_32000_t2_200000/sel_95/search_time_summary.csv
sel_95,query_minlen1_nested_avgsel95pct,0.9501978063,layer2_t1_32000_t2_200000,2,32000,200000,219,0.9289,426.834,425.7565,425.8725,0.01347733875557239,417.992,433.296,0.9289,0.9289,40.58,14.7786,16.1373,0.004179765,9.47359,0.047353450000000005,40.60535,14.7366,16.364649999999997,0.00430736,9.44581,0.05393205,-7.275949999999999e-15,4.36557e-14,/home/sunyahui/worktrees/FilterVectorCode_multilevel_special/runs/high_selectivity_formal_amazon_x1/layer2_t1_32000_t2_200000/sel_95/search_time_summary.csv
sel_95,query_minlen1_nested_avgsel95pct,0.9501978063,layer2_t1_32000_t2_200000,2,32000,200000,250,0.9303,443.306,441.656,442.3,0.013014330217983101,431.611,453.206,0.9303,0.9303,42.0426,14.7343,16.488500000000002,0.00421544,10.74455,0.05153285,41.94745,14.60615,16.50025,0.004169330000000001,10.78525,0.0516593,-7.275949999999999e-15,9.45874e-14,/home/sunyahui/worktrees/FilterVectorCode_multilevel_special/runs/high_selectivity_formal_amazon_x1/layer2_t1_32000_t2_200000/sel_95/search_time_summary.csv
sel_95,query_minlen1_nested_avgsel95pct,0.9501978063,layer2_t1_32000_t2_200000,2,32000,200000,375,0.9388,519.396,517.3331666666667,513.673,0.017147428374918037,509.245,532.38,0.9388,0.9388,49.1215,15.009,18.143700000000003,0.004724055,16.093400000000003,0.0591114,48.96445,14.9611,18.05845,0.00476442,15.8842,0.05595095,-2.182785e-14,1.01863e-13,/home/sunyahui/worktrees/FilterVectorCode_multilevel_special/runs/high_selectivity_formal_amazon_x1/layer2_t1_32000_t2_200000/sel_95/search_time_summary.csv
sel_967,query_minlen1_label1_sel967pct,0.9670165142,layer2_t1_32000_t2_200000,2,32000,200000,125,0.9279,421.016,395.78683333333333,361.145,0.21666240231771702,355.858,572.392,0.9279,0.9279,34.224149999999995,14.6791,14.16865,0.00327049,5.48812,0.042608099999999996,34.117149999999995,14.57275,13.9984,0.003305245,5.50666,0.03600775,7.27596e-15,9.45874e-14,/home/sunyahui/worktrees/FilterVectorCode_multilevel_special/runs/high_selectivity_formal_amazon_x1/layer2_t1_32000_t2_200000/sel_967/search_time_summary.csv
sel_967,query_minlen1_label1_sel967pct,0.9670165142,layer2_t1_32000_t2_200000,2,32000,200000,156,0.9309,386.39,380.1615,377.932,0.02180106093954285,371.76,423.76,0.9309,0.9309,35.97485,14.6979,14.61305,0.00337184,6.667065,0.0485433,36.16545,14.8163,14.730799999999999,0.00337184,6.572775,0.0421387,1.4551899999999997e-14,8.00355e-14,/home/sunyahui/worktrees/FilterVectorCode_multilevel_special/runs/high_selectivity_formal_amazon_x1/layer2_t1_32000_t2_200000/sel_967/search_time_summary.csv
sel_967,query_minlen1_label1_sel967pct,0.9670165142,layer2_t1_32000_t2_200000,2,32000,200000,188,0.9337,435.094,397.8905,395.6295,0.013246487190202437,392.743,658.311,0.9337,0.9337,37.653400000000005,14.81415,14.867049999999999,0.00345482,7.801,0.0487495,37.55015,14.8779,14.867049999999999,0.003504055,7.764895,0.0368508,-3.274183e-14,9.45874e-14,/home/sunyahui/worktrees/FilterVectorCode_multilevel_special/runs/high_selectivity_formal_amazon_x1/layer2_t1_32000_t2_200000/sel_967/search_time_summary.csv
sel_967,query_minlen1_label1_sel967pct,0.9670165142,layer2_t1_32000_t2_200000,2,32000,200000,219,0.9359,422.096,417.2615,415.823,0.03301617761665978,403.584,451.102,0.9359,0.9359,39.456900000000005,14.89405,15.347100000000001,0.003574315,9.084575000000001,0.04661925,39.665350000000004,15.1154,15.411249999999999,0.0035964300000000003,9.084575000000001,0.05059055,3.6379999999999996e-15,5.82077e-14,/home/sunyahui/worktrees/FilterVectorCode_multilevel_special/runs/high_selectivity_formal_amazon_x1/layer2_t1_32000_t2_200000/sel_967/search_time_summary.csv
sel_967,query_minlen1_label1_sel967pct,0.9670165142,layer2_t1_32000_t2_200000,2,32000,200000,250,0.9365,438.832,433.2821666666667,430.4075,0.022201558556471924,424.591,472.132,0.9365,0.9365,41.075649999999996,15.03375,16.0151,0.003683705,10.20885,0.05006015,41.062200000000004,15.017600000000002,15.7721,0.0036818800000000002,10.20885,0.05992115,7.27596e-15,5.09317e-14,/home/sunyahui/worktrees/FilterVectorCode_multilevel_special/runs/high_selectivity_formal_amazon_x1/layer2_t1_32000_t2_200000/sel_967/search_time_summary.csv
sel_967,query_minlen1_label1_sel967pct,0.9670165142,layer2_t1_32000_t2_200000,2,32000,200000,375,0.9436,510.902,503.41266666666667,499.67449999999997,0.025452404327548833,488.564,555.836,0.9436,0.9436,47.27515,15.21105,16.891849999999998,0.003937365,15.0916,0.049201999999999996,47.255700000000004,15.217649999999999,16.887549999999997,0.00397571,15.0916,0.054948750000000005,1.8189900000000002e-14,5.82077e-14,/home/sunyahui/worktrees/FilterVectorCode_multilevel_special/runs/high_selectivity_formal_amazon_x1/layer2_t1_32000_t2_200000/sel_967/search_time_summary.csv
sel_100,query_empty_full100pct,1.0,layer2_t1_32000_t2_400000,2,32000,400000,25,0.8939,410.498,385.0498333333333,387.41949999999997,0.029979790027203683,371.206,563.19,0.8939,0.8939,37.139399999999995,9.886935000000001,25.26905,0.0032128900000000004,1.8554300000000001,0.02393445,37.1803,9.844175,25.474249999999998,0.003240405,1.835785,0.0228351,-7.275949999999999e-15,6.54836e-14,/home/sunyahui/worktrees/FilterVectorCode_multilevel_special/runs/high_selectivity_formal_amazon_x1/layer2_t1_32000_t2_400000/sel_100/search_time_summary.csv
sel_100,query_empty_full100pct,1.0,layer2_t1_32000_t2_400000,2,32000,400000,31,0.8982,395.518,399.3016666666667,395.2835,0.023665083601832795,372.817,416.153,0.8982,0.8982,37.8374,9.78142,25.87005,0.0032933399999999996,2.1421200000000002,0.0231493,37.632149999999996,9.804955,25.69115,0.0032825600000000003,2.10093,0.03184125,1.091392e-14,5.82077e-14,/home/sunyahui/worktrees/FilterVectorCode_multilevel_special/runs/high_selectivity_formal_amazon_x1/layer2_t1_32000_t2_400000/sel_100/search_time_summary.csv
sel_100,query_empty_full100pct,1.0,layer2_t1_32000_t2_400000,2,32000,400000,38,0.9024,403.059,404.35133333333334,403.3675,0.011293896532677539,395.306,412.035,0.9024,0.9024,38.57925,9.81547,26.223950000000002,0.00325697,2.5015799999999997,0.023409899999999997,38.5906,9.78866,26.25665,0.003183155,2.51454,0.02759975,4.0017600000000006e-14,1.09139e-13,/home/sunyahui/worktrees/FilterVectorCode_multilevel_special/runs/high_selectivity_formal_amazon_x1/layer2_t1_32000_t2_400000/sel_100/search_time_summary.csv
sel_100,query_empty_full100pct,1.0,layer2_t1_32000_t2_400000,2,32000,400000,44,0.9053,412.813,412.6868333333333,412.8325,0.019887888330405144,402.952,426.842,0.9053,0.9053,39.1934,9.703244999999999,26.677799999999998,0.0033574599999999996,2.717465,0.02515885,39.42505,9.78167,26.880850000000002,0.0033574599999999996,2.73032,0.02881765,7.27597e-15,5.82077e-14,/home/sunyahui/worktrees/FilterVectorCode_multilevel_special/runs/high_selectivity_formal_amazon_x1/layer2_t1_32000_t2_400000/sel_100/search_time_summary.csv
sel_100,query_empty_full100pct,1.0,layer2_t1_32000_t2_400000,2,32000,400000,50,0.9078,415.197,414.433,415.6055,0.01198332879550392,407.764,419.778,0.9078,0.9078,39.81,9.66766,26.998649999999998,0.00348029,2.9844999999999997,0.0254924,39.9744,9.786135,27.12625,0.0035413199999999997,3.033425,0.025097500000000002,1.45519e-14,8.00355e-14,/home/sunyahui/worktrees/FilterVectorCode_multilevel_special/runs/high_selectivity_formal_amazon_x1/layer2_t1_32000_t2_400000/sel_100/search_time_summary.csv
sel_100,query_empty_full100pct,1.0,layer2_t1_32000_t2_400000,2,32000,400000,100,0.9213,458.672,460.55266666666665,461.72400000000005,0.015978783074734527,447.39,469.945,0.9213,0.9213,43.9007,9.701425,28.9072,0.003600575,5.1382650000000005,0.0250298,43.9007,9.826635,28.9072,0.003530655,5.1382650000000005,0.0250298,-1.4551949999999998e-14,8.00355e-14,/home/sunyahui/worktrees/FilterVectorCode_multilevel_special/runs/high_selectivity_formal_amazon_x1/layer2_t1_32000_t2_400000/sel_100/search_time_summary.csv
sel_80,query_minlen1_nested_avgsel80pct,0.8002369928,layer2_t1_32000_t2_400000,2,32000,400000,250,0.8629,1261.34,408.1483333333333,382.94399999999996,0.1596502006381015,376.158,6380.46,0.8629,0.8629,36.045249999999996,12.38665,14.7518,0.003641165,9.00961,0.058268799999999996,36.159,12.34665,14.7518,0.00367638,8.99006,0.06686845,-3.637975e-14,5.82077e-14,/home/sunyahui/worktrees/FilterVectorCode_multilevel_special/runs/high_selectivity_formal_amazon_x1/layer2_t1_32000_t2_400000/sel_80/search_time_summary.csv
sel_80,query_minlen1_nested_avgsel80pct,0.8002369928,layer2_t1_32000_t2_400000,2,32000,400000,281,0.8658,400.29,396.13216666666665,394.424,0.016017463037924735,389.345,425.238,0.8658,0.8658,37.398250000000004,12.40765,14.760750000000002,0.0037506199999999996,10.028500000000001,0.0595508,37.398250000000004,12.57615,14.760750000000002,0.0037375999999999998,10.005125,0.05252155,-1.4551929999999998e-14,6.54836e-14,/home/sunyahui/worktrees/FilterVectorCode_multilevel_special/runs/high_selectivity_formal_amazon_x1/layer2_t1_32000_t2_400000/sel_80/search_time_summary.csv
sel_80,query_minlen1_nested_avgsel80pct,0.8002369928,layer2_t1_32000_t2_400000,2,32000,400000,312,0.8693,417.049,412.42216666666667,411.148,0.0196491617408557,404.544,444.808,0.8693,0.8693,38.75525,12.513449999999999,15.19755,0.0038305,11.09615,0.0526193,38.727149999999995,12.3804,15.217649999999999,0.003874005,11.06625,0.058977100000000005,-2.91038e-14,5.82077e-14,/home/sunyahui/worktrees/FilterVectorCode_multilevel_special/runs/high_selectivity_formal_amazon_x1/layer2_t1_32000_t2_400000/sel_80/search_time_summary.csv
sel_80,query_minlen1_nested_avgsel80pct,0.8002369928,layer2_t1_32000_t2_400000,2,32000,400000,344,0.8717,425.759,422.71566666666666,419.693,0.015221462673469313,417.647,444.015,0.8717,0.8717,39.86565,12.45195,15.39595,0.003878675,12.0755,0.052738850000000004,39.840999999999994,12.43345,15.32995,0.003874445,12.026900000000001,0.04684725,7.275949999999999e-15,6.54836e-14,/home/sunyahui/worktrees/FilterVectorCode_multilevel_special/runs/high_selectivity_formal_amazon_x1/layer2_t1_32000_t2_400000/sel_80/search_time_summary.csv
sel_80,query_minlen1_nested_avgsel80pct,0.8002369928,layer2_t1_32000_t2_400000,2,32000,400000,375,0.8752,442.021,439.6813333333333,438.7235,0.014318828954860712,433.165,456.06,0.8752,0.8752,41.47245,12.40095,15.8154,0.0039875,13.250399999999999,0.06442085,41.62435,12.6484,15.704450000000001,0.0038733149999999996,13.2098,0.05779775,-5.820764999999999e-14,8.00355e-14,/home/sunyahui/worktrees/FilterVectorCode_multilevel_special/runs/high_selectivity_formal_amazon_x1/layer2_t1_32000_t2_400000/sel_80/search_time_summary.csv
sel_80,query_minlen1_nested_avgsel80pct,0.8002369928,layer2_t1_32000_t2_400000,2,32000,400000,500,0.8843,496.742,493.9435,492.2155,0.016186109334165623,484.002,513.529,0.8843,0.8843,46.7013,12.5916,16.51285,0.0041895149999999996,17.5539,0.06393255,46.66435,12.563849999999999,16.471600000000002,0.004260089999999999,17.5539,0.07073185,3.6379800000000003e-14,9.45874e-14,/home/sunyahui/worktrees/FilterVectorCode_multilevel_special/runs/high_selectivity_formal_amazon_x1/layer2_t1_32000_t2_400000/sel_80/search_time_summary.csv
sel_85,query_minlen1_nested_avgsel85pct,0.8496712723,layer2_t1_32000_t2_400000,2,32000,400000,125,0.8731,963.106,330.75233333333335,329.45500000000004,0.017429701752052173,324.112,4757.23,0.8731,0.8731,31.1195,12.84985,13.21385,0.00359985,5.02481,0.0522644,31.25845,12.760349999999999,13.41255,0.003688085,5.02968,0.0521776,-2.364685e-14,6.91216e-14,/home/sunyahui/worktrees/FilterVectorCode_multilevel_special/runs/high_selectivity_formal_amazon_x1/layer2_t1_32000_t2_400000/sel_85/search_time_summary.csv
sel_85,query_minlen1_nested_avgsel85pct,0.8496712723,layer2_t1_32000_t2_400000,2,32000,400000,156,0.8769,349.995,345.4651666666667,345.178,0.011573973988033002,341.261,377.172,0.8769,0.8769,32.74875,12.88295,13.680050000000001,0.003692705,6.1395,0.0422739,32.7701,12.90645,13.7102,0.003693275,6.108615,0.041171700000000006,5.456950000000001e-15,5.45697e-14,/home/sunyahui/worktrees/FilterVectorCode_multilevel_special/runs/high_selectivity_formal_amazon_x1/layer2_t1_32000_t2_400000/sel_85/search_time_summary.csv
sel_85,query_minlen1_nested_avgsel85pct,0.8496712723,layer2_t1_32000_t2_400000,2,32000,400000,188,0.8812,369.877,365.9811666666667,365.64,0.00965089583250317,362.082,393.252,0.8812,0.8812,34.7959,13.06545,14.36995,0.00382637,7.225194999999999,0.04681425,34.8748,13.34295,14.36995,0.003815705,7.10774,0.0503089,-1.4551929999999998e-14,2.18279e-14,/home/sunyahui/worktrees/FilterVectorCode_multilevel_special/runs/high_selectivity_formal_amazon_x1/layer2_t1_32000_t2_400000/sel_85/search_time_summary.csv
sel_85,query_minlen1_nested_avgsel85pct,0.8496712723,layer2_t1_32000_t2_400000,2,32000,400000,219,0.8838,391.895,388.9148333333333,383.6155,0.043249613419590625,376.244,422.556,0.8838,0.8838,36.025,13.2397,14.4921,0.00390281,8.265205,0.051629049999999996,36.21525,13.1609,14.66505,0.00390281,8.33013,0.0552324,1.4551899999999997e-14,6.54836e-14,/home/sunyahui/worktrees/FilterVectorCode_multilevel_special/runs/high_selectivity_formal_amazon_x1/layer2_t1_32000_t2_400000/sel_85/search_time_summary.csv
sel_85,query_minlen1_nested_avgsel85pct,0.8496712723,layer2_t1_32000_t2_400000,2,32000,400000,250,0.8874,400.558,397.6671666666667,394.7425,0.01702524664929918,391.871,417.905,0.8874,0.8874,37.63775,13.269400000000001,14.88495,0.004004385,9.414985000000001,0.0516897,37.63775,13.46615,14.881599999999999,0.004004385,9.232035,0.05392355,-1.091392e-14,4.36557e-14,/home/sunyahui/worktrees/FilterVectorCode_multilevel_special/runs/high_selectivity_formal_amazon_x1/layer2_t1_32000_t2_400000/sel_85/search_time_summary.csv
sel_85,query_minlen1_nested_avgsel85pct,0.8496712723,layer2_t1_32000_t2_400000,2,32000,400000,375,0.8986,464.597,460.61400000000003,461.435,0.011641936221738158,453.408,488.494,0.8986,0.8986,43.57725000000001,13.32485,16.28575,0.00443293,13.91205,0.055020799999999995,43.6525,13.27955,16.3649,0.004453045,13.94145,0.062199000000000004,5.0931680000000004e-14,9.45874e-14,/home/sunyahui/worktrees/FilterVectorCode_multilevel_special/runs/high_selectivity_formal_amazon_x1/layer2_t1_32000_t2_400000/sel_85/search_time_summary.csv
sel_90,query_minlen1_nested_avgsel90pct,0.9004633639,layer2_t1_32000_t2_400000,2,32000,400000,125,0.896,707.074,341.7126666666667,340.3225,0.01513853079456923,335.015,2899.24,0.896,0.896,32.2277,13.502749999999999,13.532350000000001,0.003522835,5.1796299999999995,0.06210690000000001,32.2277,13.533100000000001,13.48225,0.00355405,5.144159999999999,0.06458030000000001,5.6388699999999994e-14,5.82077e-14,/home/sunyahui/worktrees/FilterVectorCode_multilevel_special/runs/high_selectivity_formal_amazon_x1/layer2_t1_32000_t2_400000/sel_90/search_time_summary.csv
sel_90,query_minlen1_nested_avgsel90pct,0.9004633639,layer2_t1_32000_t2_400000,2,32000,400000,156,0.8996,359.463,357.8901666666667,359.32000000000005,0.01715124277539006,349.94,368.9,0.8996,0.8996,34.1264,13.387550000000001,14.1923,0.0035818200000000003,6.373335,0.051839399999999994,34.1264,13.387550000000001,14.248149999999999,0.003622775,6.43361,0.0535164,-3.6379999999999996e-15,3.63798e-14,/home/sunyahui/worktrees/FilterVectorCode_multilevel_special/runs/high_selectivity_formal_amazon_x1/layer2_t1_32000_t2_400000/sel_90/search_time_summary.csv
sel_90,query_minlen1_nested_avgsel90pct,0.9004633639,layer2_t1_32000_t2_400000,2,32000,400000,188,0.9028,378.122,376.7055,377.6445,0.011122652141060363,368.678,386.62,0.9028,0.9028,35.8143,13.550799999999999,14.72765,0.003727115,7.51882,0.04450535,35.65875,13.53965,14.53515,0.003727115,7.53605,0.044159699999999996,-3.637950000000001e-15,6.54836e-14,/home/sunyahui/worktrees/FilterVectorCode_multilevel_special/runs/high_selectivity_formal_amazon_x1/layer2_t1_32000_t2_400000/sel_90/search_time_summary.csv
sel_90,query_minlen1_nested_avgsel90pct,0.9004633639,layer2_t1_32000_t2_400000,2,32000,400000,219,0.9053,393.378,391.652,392.92499999999995,0.010021525477983309,384.299,403.732,0.9053,0.9053,37.30970000000001,13.413699999999999,15.01025,0.00386432,8.62759,0.04671255,37.458,13.4097,15.135200000000001,0.00383541,8.857705,0.0515201,-3.63797e-15,8.00355e-14,/home/sunyahui/worktrees/FilterVectorCode_multilevel_special/runs/high_selectivity_formal_amazon_x1/layer2_t1_32000_t2_400000/sel_90/search_time_summary.csv
sel_90,query_minlen1_nested_avgsel90pct,0.9004633639,layer2_t1_32000_t2_400000,2,32000,400000,250,0.9091,410.539,407.03616666666665,407.20950000000005,0.011013920586389116,399.847,431.554,0.9091,0.9091,38.65365,13.45035,15.30065,0.00397015,9.719415,0.04703815,38.65365,13.5915,15.2874,0.00396295,9.715615,0.0551671,-7.27595e-15,3.63798e-14,/home/sunyahui/worktrees/FilterVectorCode_multilevel_special/runs/high_selectivity_formal_amazon_x1/layer2_t1_32000_t2_400000/sel_90/search_time_summary.csv
sel_90,query_minlen1_nested_avgsel90pct,0.9004633639,layer2_t1_32000_t2_400000,2,32000,400000,375,0.9209,473.626,470.03933333333333,468.5065,0.011195687528406112,464.756,495.144,0.9209,0.9209,44.76255,13.3809,16.74045,0.00446465,14.50085,0.05733630000000001,44.67145,13.53425,16.5922,0.0044988300000000005,14.4892,0.05128225,-2.1827879999999997e-14,7.27596e-14,/home/sunyahui/worktrees/FilterVectorCode_multilevel_special/runs/high_selectivity_formal_amazon_x1/layer2_t1_32000_t2_400000/sel_90/search_time_summary.csv
sel_95,query_minlen1_nested_avgsel95pct,0.9501978063,layer2_t1_32000_t2_400000,2,32000,400000,125,0.9191,462.9,368.39933333333335,368.187,0.010763388840179956,362.804,1029.9,0.9191,0.9191,34.99495,14.725249999999999,14.533750000000001,0.00356539,5.78825,0.0377401,35.0475,14.5373,14.666450000000001,0.00358987,5.797734999999999,0.0424384,1.81899e-14,7.27596e-14,/home/sunyahui/worktrees/FilterVectorCode_multilevel_special/runs/high_selectivity_formal_amazon_x1/layer2_t1_32000_t2_400000/sel_95/search_time_summary.csv
sel_95,query_minlen1_nested_avgsel95pct,0.9501978063,layer2_t1_32000_t2_400000,2,32000,400000,156,0.9218,407.717,404.9868333333333,385.35699999999997,0.12974304202665066,376.718,511.862,0.9218,0.9218,36.77705,14.86125,14.96645,0.003624965,6.9315549999999995,0.04640165,36.77705,14.81935,14.96645,0.00363871,6.9389199999999995,0.04870045,-1.091395e-14,5.82077e-14,/home/sunyahui/worktrees/FilterVectorCode_multilevel_special/runs/high_selectivity_formal_amazon_x1/layer2_t1_32000_t2_400000/sel_95/search_time_summary.csv
sel_95,query_minlen1_nested_avgsel95pct,0.9501978063,layer2_t1_32000_t2_400000,2,32000,400000,188,0.9231,405.081,403.4255,403.76250000000005,0.013809694077303057,397.197,415.014,0.9231,0.9231,38.3354,15.033100000000001,15.31945,0.0037566350000000004,8.013584999999999,0.04977995,38.31955000000001,15.033100000000001,15.16705,0.00368671,8.062405,0.0532761,-7.27597e-15,2.18279e-14,/home/sunyahui/worktrees/FilterVectorCode_multilevel_special/runs/high_selectivity_formal_amazon_x1/layer2_t1_32000_t2_400000/sel_95/search_time_summary.csv
sel_95,query_minlen1_nested_avgsel95pct,0.9501978063,layer2_t1_32000_t2_400000,2,32000,400000,219,0.9257,422.605,421.9628333333333,422.2585,0.019953226350390672,412.415,435.059,0.9257,0.9257,40.3181,14.90785,15.9521,0.003999704999999999,9.234079999999999,0.05223745,40.44535,14.97625,16.209,0.00398076,9.215399999999999,0.0406864,2.182787e-14,6.54836e-14,/home/sunyahui/worktrees/FilterVectorCode_multilevel_special/runs/high_selectivity_formal_amazon_x1/layer2_t1_32000_t2_400000/sel_95/search_time_summary.csv
sel_95,query_minlen1_nested_avgsel95pct,0.9501978063,layer2_t1_32000_t2_400000,2,32000,400000,250,0.9291,439.717,438.60133333333334,435.9205,0.017646339887112318,429.174,448.253,0.9291,0.9291,41.7495,15.010449999999999,16.2746,0.00399804,10.47355,0.04165305,41.7495,15.01265,16.314700000000002,0.004043515,10.376000000000001,0.0421473,-2.546585e-14,7.27596e-14,/home/sunyahui/worktrees/FilterVectorCode_multilevel_special/runs/high_selectivity_formal_amazon_x1/layer2_t1_32000_t2_400000/sel_95/search_time_summary.csv
sel_95,query_minlen1_nested_avgsel95pct,0.9501978063,layer2_t1_32000_t2_400000,2,32000,400000,375,0.9399,505.335,503.6426666666666,504.96299999999997,0.019177645179216773,491.371,515.487,0.9399,0.9399,48.1612,15.2939,17.3711,0.00451535,15.403500000000001,0.055416400000000005,48.1612,15.2812,17.410449999999997,0.004517025,15.403500000000001,0.06155305,-2.546585e-14,8.00355e-14,/home/sunyahui/worktrees/FilterVectorCode_multilevel_special/runs/high_selectivity_formal_amazon_x1/layer2_t1_32000_t2_400000/sel_95/search_time_summary.csv
sel_967,query_minlen1_label1_sel967pct,0.9670165142,layer2_t1_32000_t2_400000,2,32000,400000,125,0.9259,431.387,396.104,373.978,0.1587646737505641,362.616,643.087,0.9259,0.9259,35.38120000000001,14.893799999999999,14.60215,0.003360935,5.722495,0.0369888,35.38120000000001,14.88585,14.68545,0.003420565,5.7626349999999995,0.04382145,2.91038e-14,5.09317e-14,/home/sunyahui/worktrees/FilterVectorCode_multilevel_special/runs/high_selectivity_formal_amazon_x1/layer2_t1_32000_t2_400000/sel_967/search_time_summary.csv
sel_967,query_minlen1_label1_sel967pct,0.9670165142,layer2_t1_32000_t2_400000,2,32000,400000,156,0.9284,390.628,387.423,387.00149999999996,0.014262619414416531,381.385,409.861,0.9284,0.9284,36.890699999999995,14.8013,14.97625,0.0036266700000000002,6.8243849999999995,0.039483050000000006,36.93785,15.0937,15.005949999999999,0.003620695,6.8023299999999995,0.03221175,2.910385e-14,3.63798e-14,/home/sunyahui/worktrees/FilterVectorCode_multilevel_special/runs/high_selectivity_formal_amazon_x1/layer2_t1_32000_t2_400000/sel_967/search_time_summary.csv
sel_967,query_minlen1_label1_sel967pct,0.9670165142,layer2_t1_32000_t2_400000,2,32000,400000,188,0.9294,413.875,407.6115,405.17600000000004,0.017589770498600072,399.755,451.459,0.9294,0.9294,38.427949999999996,14.933250000000001,15.3658,0.00371464,8.08488,0.041878,38.24415,14.882850000000001,15.3636,0.0037006499999999998,7.952769999999999,0.0411604,1.091393e-14,5.82077e-14,/home/sunyahui/worktrees/FilterVectorCode_multilevel_special/runs/high_selectivity_formal_amazon_x1/layer2_t1_32000_t2_400000/sel_967/search_time_summary.csv
sel_967,query_minlen1_label1_sel967pct,0.9670165142,layer2_t1_32000_t2_400000,2,32000,400000,219,0.9319,431.868,429.688,426.108,0.03110759140211926,415.482,448.025,0.9319,0.9319,40.617549999999994,14.9788,16.1392,0.00380204,9.286535,0.04401025,40.617549999999994,14.9061,16.1777,0.0038739250000000003,9.4887,0.041156899999999996,4.3655749999999996e-14,6.54836e-14,/home/sunyahui/worktrees/FilterVectorCode_multilevel_special/runs/high_selectivity_formal_amazon_x1/layer2_t1_32000_t2_400000/sel_967/search_time_summary.csv
sel_967,query_minlen1_label1_sel967pct,0.9670165142,layer2_t1_32000_t2_400000,2,32000,400000,250,0.9345,472.242,473.11066666666665,444.5665,0.1560241990247322,430.743,622.458,0.9345,0.9345,42.4775,15.05685,16.331400000000002,0.003988075000000001,10.5521,0.0458808,42.15455,15.027750000000001,16.44615,0.00411027,10.6357,0.0408687,1.81899e-14,5.09317e-14,/home/sunyahui/worktrees/FilterVectorCode_multilevel_special/runs/high_selectivity_formal_amazon_x1/layer2_t1_32000_t2_400000/sel_967/search_time_summary.csv
sel_967,query_minlen1_label1_sel967pct,0.9670165142,layer2_t1_32000_t2_400000,2,32000,400000,375,0.9439,517.101,512.582,516.269,0.025272487222222136,495.253,544.215,0.9439,0.9439,49.41915,15.2954,17.9315,0.004464955,15.9205,0.05016065,49.44905,15.4619,18.0143,0.0045657,15.9205,0.04779445,7.275950000000002e-15,1.30967e-13,/home/sunyahui/worktrees/FilterVectorCode_multilevel_special/runs/high_selectivity_formal_amazon_x1/layer2_t1_32000_t2_400000/sel_967/search_time_summary.csv
sel_90,query_minlen1_nested_avgsel90pct,0.9004633639,layer2_t1_32000_t2_50000,2,32000,50000,125,0.8659,675.946,346.5433333333333,346.2005,0.016858048406599893,339.198,2652.36,0.8659,0.8659,32.7179,13.8336,13.962499999999999,0.00385426,4.925445,0.0457076,32.8907,13.951350000000001,13.9876,0.00385426,4.9043849999999996,0.04353555,9.09493e-15,7.27596e-14,/home/sunyahui/worktrees/FilterVectorCode_multilevel_special/runs/high_selectivity_formal_amazon_x1/layer2_t1_32000_t2_50000/sel_90/search_time_summary.csv
sel_90,query_minlen1_nested_avgsel90pct,0.9004633639,layer2_t1_32000_t2_50000,2,32000,50000,156,0.871,367.291,366.67033333333336,363.5915,0.029600259408768665,355.89,387.238,0.871,0.871,34.494550000000004,14.0229,14.4586,0.004015005,5.90856,0.05503495,34.494550000000004,13.8356,14.66265,0.003970545,5.9356,0.05668735,-7.275949999999999e-15,8.00355e-14,/home/sunyahui/worktrees/FilterVectorCode_multilevel_special/runs/high_selectivity_formal_amazon_x1/layer2_t1_32000_t2_50000/sel_90/search_time_summary.csv
sel_90,query_minlen1_nested_avgsel90pct,0.9004633639,layer2_t1_32000_t2_50000,2,32000,50000,188,0.8765,379.5,378.1648333333333,376.6975,0.014382097551237972,373.367,388.89,0.8765,0.8765,35.73265000000001,13.94405,14.79825,0.00415784,7.027605,0.04820095,35.4678,13.911100000000001,14.525749999999999,0.0041237700000000006,6.97395,0.05281695,1.0913949999999998e-14,8.73115e-14,/home/sunyahui/worktrees/FilterVectorCode_multilevel_special/runs/high_selectivity_formal_amazon_x1/layer2_t1_32000_t2_50000/sel_90/search_time_summary.csv
sel_90,query_minlen1_nested_avgsel90pct,0.9004633639,layer2_t1_32000_t2_50000,2,32000,50000,219,0.8797,391.952,391.4635,387.7795,0.02109704176221502,382.151,402.516,0.8797,0.8797,36.90205,14.08525,15.0033,0.004223155,8.019765,0.0416358,36.901700000000005,13.9931,14.8741,0.004223155,7.981814999999999,0.04852705,-3.637950000000001e-15,8.73115e-14,/home/sunyahui/worktrees/FilterVectorCode_multilevel_special/runs/high_selectivity_formal_amazon_x1/layer2_t1_32000_t2_50000/sel_90/search_time_summary.csv
sel_90,query_minlen1_nested_avgsel90pct,0.9004633639,layer2_t1_32000_t2_50000,2,32000,50000,250,0.883,408.969,407.2746666666667,407.5825,0.017956737742758796,395.988,419.137,0.883,0.883,38.7697,14.030899999999999,15.53485,0.0043316399999999994,9.164755,0.05428545,38.6823,14.030899999999999,15.53485,0.00435127,9.05726,0.05491865,2.910382e-14,6.54836e-14,/home/sunyahui/worktrees/FilterVectorCode_multilevel_special/runs/high_selectivity_formal_amazon_x1/layer2_t1_32000_t2_50000/sel_90/search_time_summary.csv
sel_90,query_minlen1_nested_avgsel90pct,0.9004633639,layer2_t1_32000_t2_50000,2,32000,50000,375,0.9001,472.65,470.979,469.553,0.012949004467076504,463.356,482.675,0.9001,0.9001,44.84455,14.34315,16.77665,0.00486373,13.66665,0.0531662,44.84455,14.3957,16.73395,0.00478797,13.66665,0.0434759,-2.910385e-14,5.82077e-14,/home/sunyahui/worktrees/FilterVectorCode_multilevel_special/runs/high_selectivity_formal_amazon_x1/layer2_t1_32000_t2_50000/sel_90/search_time_summary.csv
sel_95,query_minlen1_nested_avgsel95pct,0.9501978063,layer2_t1_32000_t2_50000,2,32000,50000,125,0.8855,483.753,383.353,351.034,0.212439803382219,345.67,1086.15,0.8855,0.8855,33.50365,14.66485,13.824449999999999,0.00365493,4.88741,0.04056595,33.5102,14.6374,14.0181,0.00367604,4.81332,0.03764,-2.18279e-14,3.63798e-14,/home/sunyahui/worktrees/FilterVectorCode_multilevel_special/runs/high_selectivity_formal_amazon_x1/layer2_t1_32000_t2_50000/sel_95/search_time_summary.csv
sel_95,query_minlen1_nested_avgsel95pct,0.9501978063,layer2_t1_32000_t2_50000,2,32000,50000,156,0.8898,373.907,366.909,366.6225,0.02319823691912986,355.542,415.894,0.8898,0.8898,34.80945,14.84395,14.150649999999999,0.0038105,5.8789,0.05114005,34.80945,14.7006,14.150649999999999,0.0038105,5.903325000000001,0.05100395,1.81899e-14,3.63798e-14,/home/sunyahui/worktrees/FilterVectorCode_multilevel_special/runs/high_selectivity_formal_amazon_x1/layer2_t1_32000_t2_50000/sel_95/search_time_summary.csv
sel_95,query_minlen1_nested_avgsel95pct,0.9501978063,layer2_t1_32000_t2_50000,2,32000,50000,188,0.8935,385.787,383.067,385.13149999999996,0.01298778851265956,375.308,402.104,0.8935,0.8935,36.59505,14.8491,14.608049999999999,0.0037935,6.98477,0.0452641,36.59505,14.8491,14.703,0.0037935,6.98477,0.05441535,7.275949999999999e-15,6.54836e-14,/home/sunyahui/worktrees/FilterVectorCode_multilevel_special/runs/high_selectivity_formal_amazon_x1/layer2_t1_32000_t2_50000/sel_95/search_time_summary.csv
sel_95,query_minlen1_nested_avgsel95pct,0.9501978063,layer2_t1_32000_t2_50000,2,32000,50000,219,0.8967,402.891,400.62683333333337,402.58299999999997,0.0183220783191237,387.245,416.477,0.8967,0.8967,38.357,14.888449999999999,15.07675,0.0039245,8.198125000000001,0.05064795,38.357,15.021249999999998,15.07675,0.003934905,8.198125000000001,0.05695635,3.27418e-14,3.63798e-14,/home/sunyahui/worktrees/FilterVectorCode_multilevel_special/runs/high_selectivity_formal_amazon_x1/layer2_t1_32000_t2_50000/sel_95/search_time_summary.csv
sel_95,query_minlen1_nested_avgsel95pct,0.9501978063,layer2_t1_32000_t2_50000,2,32000,50000,250,0.9003,419.281,416.67983333333336,416.20349999999996,0.015233781677577005,407.564,434.889,0.9003,0.9003,39.873050000000006,15.0598,15.419,0.0040532499999999996,9.21573,0.0478338,39.88555,15.02345,15.59525,0.00413861,9.21573,0.047054399999999996,2.182787e-14,5.09317e-14,/home/sunyahui/worktrees/FilterVectorCode_multilevel_special/runs/high_selectivity_formal_amazon_x1/layer2_t1_32000_t2_50000/sel_95/search_time_summary.csv
sel_95,query_minlen1_nested_avgsel95pct,0.9501978063,layer2_t1_32000_t2_50000,2,32000,50000,375,0.9163,482.411,481.0795,482.3465,0.011361942947168293,470.511,490.399,0.9163,0.9163,45.5958,15.1867,16.75645,0.004385965,13.6488,0.0483369,45.425250000000005,15.1151,16.6099,0.004379605,13.6488,0.0470887,-2.18279e-14,7.27596e-14,/home/sunyahui/worktrees/FilterVectorCode_multilevel_special/runs/high_selectivity_formal_amazon_x1/layer2_t1_32000_t2_50000/sel_95/search_time_summary.csv
sel_967,query_minlen1_label1_sel967pct,0.9670165142,layer2_t1_32000_t2_50000,2,32000,50000,125,0.8924,378.178,353.78133333333335,353.19849999999997,0.00500732778867502,352.259,524.558,0.8924,0.8924,33.6597,14.5119,14.137250000000002,0.00371014,4.9254750000000005,0.0396199,33.6597,14.515699999999999,14.21695,0.00380687,4.880445,0.0427537,3.637950000000001e-15,9.45874e-14,/home/sunyahui/worktrees/FilterVectorCode_multilevel_special/runs/high_selectivity_formal_amazon_x1/layer2_t1_32000_t2_50000/sel_967/search_time_summary.csv
sel_967,query_minlen1_label1_sel967pct,0.9670165142,layer2_t1_32000_t2_50000,2,32000,50000,156,0.8965,377.215,374.31233333333336,371.39,0.025475440431676603,365.798,394.63,0.8965,0.8965,35.3635,14.61,14.63795,0.00380619,5.96588,0.048324149999999996,35.25865,14.63485,14.6275,0.0036897550000000003,5.940325,0.0522744,-4.7293699999999996e-14,6.54836e-14,/home/sunyahui/worktrees/FilterVectorCode_multilevel_special/runs/high_selectivity_formal_amazon_x1/layer2_t1_32000_t2_50000/sel_967/search_time_summary.csv
sel_967,query_minlen1_label1_sel967pct,0.9670165142,layer2_t1_32000_t2_50000,2,32000,50000,188,0.8999,415.212,411.20466666666664,390.178,0.13458649277401175,383.969,523.796,0.8999,0.8999,36.94985,14.8537,15.0972,0.0040479999999999995,7.112415,0.03846915,37.20845,14.7315,15.18125,0.00397314,7.2440549999999995,0.04766515,5.09317e-14,7.27596e-14,/home/sunyahui/worktrees/FilterVectorCode_multilevel_special/runs/high_selectivity_formal_amazon_x1/layer2_t1_32000_t2_50000/sel_967/search_time_summary.csv
sel_967,query_minlen1_label1_sel967pct,0.9670165142,layer2_t1_32000_t2_50000,2,32000,50000,219,0.903,435.552,437.09066666666666,406.211,0.1758843124099352,399.515,593.413,0.903,0.903,38.56845,14.78345,15.543050000000001,0.0041760600000000005,8.27678,0.045766749999999995,38.54185,14.93075,15.4215,0.0041173600000000005,8.141565,0.0439443,0.0,8.00355e-14,/home/sunyahui/worktrees/FilterVectorCode_multilevel_special/runs/high_selectivity_formal_amazon_x1/layer2_t1_32000_t2_50000/sel_967/search_time_summary.csv
sel_967,query_minlen1_label1_sel967pct,0.9670165142,layer2_t1_32000_t2_50000,2,32000,50000,250,0.9058,419.322,416.96816666666666,414.405,0.01791666327862139,409.757,433.445,0.9058,0.9058,39.3472,14.81505,15.5356,0.00426881,9.068435000000001,0.04153015,39.30515,14.81505,15.3811,0.00417294,9.066655,0.038208099999999995,-1.4551899999999997e-14,4.36557e-14,/home/sunyahui/worktrees/FilterVectorCode_multilevel_special/runs/high_selectivity_formal_amazon_x1/layer2_t1_32000_t2_50000/sel_967/search_time_summary.csv
sel_967,query_minlen1_label1_sel967pct,0.9670165142,layer2_t1_32000_t2_50000,2,32000,50000,375,0.9204,483.8,480.40383333333335,476.88800000000003,0.027220660927453684,469.134,506.024,0.9204,0.9204,45.56305,14.83465,16.851300000000002,0.004726805000000001,13.782250000000001,0.0560591,45.56305,14.83465,16.851300000000002,0.004722745,13.821100000000001,0.05126505,-6.184565e-14,8.73115e-14,/home/sunyahui/worktrees/FilterVectorCode_multilevel_special/runs/high_selectivity_formal_amazon_x1/layer2_t1_32000_t2_50000/sel_967/search_time_summary.csv
sel_100,query_empty_full100pct,1.0,layer2_t1_32000_t2_80000,2,32000,80000,25,0.8531,436.487,393.4193333333333,395.717,0.03248233856697069,373.133,694.89,0.8531,0.8531,37.8224,10.219750000000001,25.72335,0.0032693799999999997,1.8014649999999999,0.0386221,38.036100000000005,10.30795,25.8839,0.0031504949999999997,1.8014649999999999,0.039614250000000004,-2.5465869999999997e-14,5.82077e-14,/home/sunyahui/worktrees/FilterVectorCode_multilevel_special/runs/high_selectivity_formal_amazon_x1/layer2_t1_32000_t2_80000/sel_100/search_time_summary.csv
sel_100,query_empty_full100pct,1.0,layer2_t1_32000_t2_80000,2,32000,80000,31,0.8614,402.392,402.87,404.953,0.03178785531985688,381.151,419.211,0.8614,0.8614,38.716300000000004,10.06638,26.321649999999998,0.003279585,2.036835,0.03999755,38.716300000000004,10.011795,26.5343,0.003303005,2.1125350000000003,0.054400699999999996,-2.1827879999999997e-14,8.00355e-14,/home/sunyahui/worktrees/FilterVectorCode_multilevel_special/runs/high_selectivity_formal_amazon_x1/layer2_t1_32000_t2_80000/sel_100/search_time_summary.csv
sel_100,query_empty_full100pct,1.0,layer2_t1_32000_t2_80000,2,32000,80000,38,0.8694,417.821,409.73833333333334,410.38300000000004,0.016327183592732608,398.524,466.317,0.8694,0.8694,39.52405,9.97466,26.9221,0.00340735,2.41024,0.044473700000000005,39.20995,9.97466,26.86065,0.003404115,2.3267800000000003,0.044473700000000005,-1.8189900000000002e-14,2.91038e-14,/home/sunyahui/worktrees/FilterVectorCode_multilevel_special/runs/high_selectivity_formal_amazon_x1/layer2_t1_32000_t2_80000/sel_100/search_time_summary.csv
sel_100,query_empty_full100pct,1.0,layer2_t1_32000_t2_80000,2,32000,80000,44,0.8752,417.566,419.5031666666667,419.81050000000005,0.006139703552590895,405.944,422.418,0.8752,0.8752,40.17745,10.012720000000002,27.7205,0.00343063,2.6568,0.043550000000000005,40.2916,9.951395000000002,27.6057,0.00354667,2.68366,0.047285400000000005,4.729375e-14,8.00355e-14,/home/sunyahui/worktrees/FilterVectorCode_multilevel_special/runs/high_selectivity_formal_amazon_x1/layer2_t1_32000_t2_80000/sel_100/search_time_summary.csv
sel_100,query_empty_full100pct,1.0,layer2_t1_32000_t2_80000,2,32000,80000,50,0.8794,412.918,414.6743333333333,413.28549999999996,0.026409302488374094,402.381,429.789,0.8794,0.8794,39.69355,9.80949,27.0464,0.003397965,2.850015,0.0357303,39.59825,9.742609999999999,26.961,0.003397965,2.850015,0.0412348,-3.27418e-14,1.16415e-13,/home/sunyahui/worktrees/FilterVectorCode_multilevel_special/runs/high_selectivity_formal_amazon_x1/layer2_t1_32000_t2_80000/sel_100/search_time_summary.csv
sel_100,query_empty_full100pct,1.0,layer2_t1_32000_t2_80000,2,32000,80000,100,0.8978,469.98,468.42083333333335,466.16949999999997,0.029165531072001916,455.94,493.622,0.8978,0.8978,44.542100000000005,10.06142,29.3043,0.003680725,4.84897,0.0496505,44.542100000000005,10.06142,29.57345,0.00370515,4.850765,0.05273045,2.182787e-14,5.09317e-14,/home/sunyahui/worktrees/FilterVectorCode_multilevel_special/runs/high_selectivity_formal_amazon_x1/layer2_t1_32000_t2_80000/sel_100/search_time_summary.csv
sel_80,query_minlen1_nested_avgsel80pct,0.8002369928,layer2_t1_32000_t2_80000,2,32000,80000,375,0.8664,1343.16,449.8965,449.10249999999996,0.015044451046764083,441.707,6702.74,0.8664,0.8664,42.555099999999996,12.99,16.23505,0.004128639999999999,13.3255,0.0587571,42.555099999999996,12.96395,16.1943,0.004163025,13.3224,0.0702581,-2.1827850000000002e-14,9.45874e-14,/home/sunyahui/worktrees/FilterVectorCode_multilevel_special/runs/high_selectivity_formal_amazon_x1/layer2_t1_32000_t2_80000/sel_80/search_time_summary.csv
sel_80,query_minlen1_nested_avgsel80pct,0.8002369928,layer2_t1_32000_t2_80000,2,32000,80000,406,0.8697,471.01,465.8446666666666,467.21,0.018511295003202817,455.411,501.999,0.8697,0.8697,43.921549999999996,12.96425,16.671300000000002,0.00419043,14.42615,0.0544373,43.921549999999996,12.753499999999999,16.671300000000002,0.00416948,14.42615,0.0664273,2.910383e-14,1.23691e-13,/home/sunyahui/worktrees/FilterVectorCode_multilevel_special/runs/high_selectivity_formal_amazon_x1/layer2_t1_32000_t2_80000/sel_80/search_time_summary.csv
sel_80,query_minlen1_nested_avgsel80pct,0.8002369928,layer2_t1_32000_t2_80000,2,32000,80000,438,0.8714,481.98,479.95883333333336,479.2905,0.011496692130009332,472.81,494.11,0.8714,0.8714,45.2046,13.103100000000001,16.90835,0.004210525,15.50775,0.0563437,45.2046,12.9519,16.6845,0.004236715,15.50775,0.0561279,-3.63797e-15,1.45519e-13,/home/sunyahui/worktrees/FilterVectorCode_multilevel_special/runs/high_selectivity_formal_amazon_x1/layer2_t1_32000_t2_80000/sel_80/search_time_summary.csv
sel_80,query_minlen1_nested_avgsel80pct,0.8002369928,layer2_t1_32000_t2_80000,2,32000,80000,469,0.8744,498.179,496.7536666666667,496.5535,0.01977221052163595,479.591,509.098,0.8744,0.8744,46.918949999999995,13.1099,17.056150000000002,0.004319535,16.68085,0.0657522,46.693749999999994,12.78035,17.16905,0.004305565,16.6705,0.06962375,-5.456969999999999e-14,7.27596e-14,/home/sunyahui/worktrees/FilterVectorCode_multilevel_special/runs/high_selectivity_formal_amazon_x1/layer2_t1_32000_t2_80000/sel_80/search_time_summary.csv
sel_80,query_minlen1_nested_avgsel80pct,0.8002369928,layer2_t1_32000_t2_80000,2,32000,80000,500,0.877,510.945,508.20683333333335,508.138,0.012277081170460568,500.725,527.377,0.877,0.877,48.3343,13.390450000000001,17.328850000000003,0.0043806850000000005,17.7782,0.0580045,48.3343,13.446449999999999,17.201050000000002,0.004356105,17.60945,0.07302620000000001,3.637999999999998e-15,8.00355e-14,/home/sunyahui/worktrees/FilterVectorCode_multilevel_special/runs/high_selectivity_formal_amazon_x1/layer2_t1_32000_t2_80000/sel_80/search_time_summary.csv
sel_80,query_minlen1_nested_avgsel80pct,0.8002369928,layer2_t1_32000_t2_80000,2,32000,80000,625,0.8801,562.988,561.532,559.3045,0.00964222350783319,555.917,571.72,0.8801,0.8801,53.1716,13.269449999999999,17.890050000000002,0.004529035,22.12225,0.06386990000000001,52.9273,13.0494,17.890050000000002,0.00453926,21.915950000000002,0.06739545,7.639755000000001e-14,8.73115e-14,/home/sunyahui/worktrees/FilterVectorCode_multilevel_special/runs/high_selectivity_formal_amazon_x1/layer2_t1_32000_t2_80000/sel_80/search_time_summary.csv
sel_85,query_minlen1_nested_avgsel85pct,0.8496712723,layer2_t1_32000_t2_80000,2,32000,80000,125,0.8613,950.562,359.37016666666665,332.0265,0.18949142989933962,329.125,4497.71,0.8613,0.8613,31.68555,13.024000000000001,13.76485,0.0038263999999999998,4.871575,0.048353099999999996,31.7407,13.024000000000001,13.77635,0.0038139000000000003,4.88153,0.054963250000000005,5.09317e-14,5.82077e-14,/home/sunyahui/worktrees/FilterVectorCode_multilevel_special/runs/high_selectivity_formal_amazon_x1/layer2_t1_32000_t2_80000/sel_85/search_time_summary.csv
sel_85,query_minlen1_nested_avgsel85pct,0.8496712723,layer2_t1_32000_t2_80000,2,32000,80000,156,0.8669,358.288,355.49583333333334,352.6905,0.03240489580877024,345.014,377.209,0.8669,0.8669,33.38105,13.32525,13.98275,0.0039888300000000005,5.87324,0.043884400000000004,33.42,13.5374,13.98275,0.003936005,5.85982,0.03602265,1.091393e-14,4.00178e-14,/home/sunyahui/worktrees/FilterVectorCode_multilevel_special/runs/high_selectivity_formal_amazon_x1/layer2_t1_32000_t2_80000/sel_85/search_time_summary.csv
sel_85,query_minlen1_nested_avgsel85pct,0.8496712723,layer2_t1_32000_t2_80000,2,32000,80000,188,0.8717,369.254,367.824,367.35450000000003,0.012950423081666924,361.418,377.832,0.8717,0.8717,34.89215,13.21105,14.588999999999999,0.004018384999999999,6.999115,0.0430296,34.7926,13.2371,14.47035,0.0039926300000000005,7.0398700000000005,0.04133555,-1.091395e-14,5.09317e-14,/home/sunyahui/worktrees/FilterVectorCode_multilevel_special/runs/high_selectivity_formal_amazon_x1/layer2_t1_32000_t2_80000/sel_85/search_time_summary.csv
sel_85,query_minlen1_nested_avgsel85pct,0.8496712723,layer2_t1_32000_t2_80000,2,32000,80000,219,0.8742,381.971,382.126,381.9665,0.016695527408309797,372.789,392.188,0.8742,0.8742,36.4516,13.32835,14.9365,0.00419722,8.09441,0.0524071,36.4516,13.373149999999999,14.93355,0.004172604999999999,8.08873,0.05202725,-7.27597e-15,2.91038e-14,/home/sunyahui/worktrees/FilterVectorCode_multilevel_special/runs/high_selectivity_formal_amazon_x1/layer2_t1_32000_t2_80000/sel_85/search_time_summary.csv
sel_85,query_minlen1_nested_avgsel85pct,0.8496712723,layer2_t1_32000_t2_80000,2,32000,80000,250,0.877,412.984,414.19416666666666,401.9365,0.08170397389357349,392.625,482.639,0.877,0.877,38.12095,13.36985,15.16755,0.004285870000000001,9.272415,0.06414045,38.14275,13.4511,15.266300000000001,0.004289435,9.356995000000001,0.06414045,-2.910385e-14,4.36557e-14,/home/sunyahui/worktrees/FilterVectorCode_multilevel_special/runs/high_selectivity_formal_amazon_x1/layer2_t1_32000_t2_80000/sel_85/search_time_summary.csv
sel_85,query_minlen1_nested_avgsel85pct,0.8496712723,layer2_t1_32000_t2_80000,2,32000,80000,375,0.8896,460.085,457.89033333333333,458.6145,0.012092665611795774,450.515,473.253,0.8896,0.8896,43.56205,13.49195,16.4354,0.004802535,13.50155,0.061408000000000004,43.5372,13.4852,16.5088,0.004870195000000001,13.476849999999999,0.0614924,1.0913949999999998e-14,5.82077e-14,/home/sunyahui/worktrees/FilterVectorCode_multilevel_special/runs/high_selectivity_formal_amazon_x1/layer2_t1_32000_t2_80000/sel_85/search_time_summary.csv
sel_90,query_minlen1_nested_avgsel90pct,0.9004633639,layer2_t1_32000_t2_80000,2,32000,80000,125,0.8847,636.613,348.023,347.31899999999996,0.02101807115306574,337.71,2368.15,0.8847,0.8847,33.17825,13.82695,14.10615,0.003808485,5.229785,0.043089050000000004,33.187650000000005,13.879750000000001,14.13195,0.0038033900000000002,5.130129999999999,0.042013350000000005,1.818988e-14,7.27596e-14,/home/sunyahui/worktrees/FilterVectorCode_multilevel_special/runs/high_selectivity_formal_amazon_x1/layer2_t1_32000_t2_80000/sel_90/search_time_summary.csv
sel_90,query_minlen1_nested_avgsel90pct,0.9004633639,layer2_t1_32000_t2_80000,2,32000,80000,156,0.8903,367.874,366.49716666666666,366.147,0.01607737391757645,358.699,376.134,0.8903,0.8903,34.623000000000005,14.0352,14.35605,0.003931270000000001,6.172689999999999,0.047848150000000006,34.59085,13.97975,14.444600000000001,0.0040294350000000005,6.11968,0.04282885,1.8189900000000002e-14,5.09317e-14,/home/sunyahui/worktrees/FilterVectorCode_multilevel_special/runs/high_selectivity_formal_amazon_x1/layer2_t1_32000_t2_80000/sel_90/search_time_summary.csv
sel_90,query_minlen1_nested_avgsel90pct,0.9004633639,layer2_t1_32000_t2_80000,2,32000,80000,188,0.8939,391.966,392.3463333333333,384.659,0.04990133305903318,376.669,430.222,0.8939,0.8939,36.4484,14.09855,14.943,0.0040947250000000004,7.408595,0.048099249999999996,36.4484,14.09855,14.8957,0.004057265,7.40531,0.044826950000000004,-1.091393e-14,2.18279e-14,/home/sunyahui/worktrees/FilterVectorCode_multilevel_special/runs/high_selectivity_formal_amazon_x1/layer2_t1_32000_t2_80000/sel_90/search_time_summary.csv
sel_90,query_minlen1_nested_avgsel90pct,0.9004633639,layer2_t1_32000_t2_80000,2,32000,80000,219,0.8967,400.203,398.276,399.807,0.0076760209127312885,394.137,411.763,0.8967,0.8967,37.844750000000005,14.0631,15.2806,0.004244045,8.461385,0.0436198,37.844750000000005,14.003350000000001,15.3496,0.00424835,8.42953,0.05800805,-1.81899e-14,3.63798e-14,/home/sunyahui/worktrees/FilterVectorCode_multilevel_special/runs/high_selectivity_formal_amazon_x1/layer2_t1_32000_t2_80000/sel_90/search_time_summary.csv
sel_90,query_minlen1_nested_avgsel90pct,0.9004633639,layer2_t1_32000_t2_80000,2,32000,80000,250,0.8987,420.359,419.0541666666667,418.15,0.012046746684136465,411.566,428.186,0.8987,0.8987,39.6565,14.0475,15.86495,0.004307645000000001,9.636009999999999,0.05161075,39.6565,14.0475,15.99145,0.004297235,9.55645,0.05679865,-7.275949999999999e-15,6.54836e-14,/home/sunyahui/worktrees/FilterVectorCode_multilevel_special/runs/high_selectivity_formal_amazon_x1/layer2_t1_32000_t2_80000/sel_90/search_time_summary.csv
sel_90,query_minlen1_nested_avgsel90pct,0.9004633639,layer2_t1_32000_t2_80000,2,32000,80000,375,0.911,479.651,478.52866666666665,479.74649999999997,0.010378761948415673,471.652,486.389,0.911,0.911,45.59665,14.3435,16.9744,0.004732185,14.32255,0.048774399999999996,45.575,14.593250000000001,16.71045,0.00463082,14.21785,0.048774399999999996,-3.27418e-14,8.73115e-14,/home/sunyahui/worktrees/FilterVectorCode_multilevel_special/runs/high_selectivity_formal_amazon_x1/layer2_t1_32000_t2_80000/sel_90/search_time_summary.csv
sel_95,query_minlen1_nested_avgsel95pct,0.9501978063,layer2_t1_32000_t2_80000,2,32000,80000,125,0.9071,458.645,348.22816666666665,348.269,0.007757241807522117,343.67,1121.15,0.9071,0.9071,33.18665,14.077200000000001,14.0175,0.00360951,5.090925,0.0427714,33.2693,14.0121,14.06935,0.00359672,5.14348,0.04073475,1.0913949999999998e-14,8.73115e-14,/home/sunyahui/worktrees/FilterVectorCode_multilevel_special/runs/high_selectivity_formal_amazon_x1/layer2_t1_32000_t2_80000/sel_95/search_time_summary.csv
sel_95,query_minlen1_nested_avgsel95pct,0.9501978063,layer2_t1_32000_t2_80000,2,32000,80000,156,0.9118,373.333,370.43983333333335,370.6175,0.016127526457589747,363.016,390.692,0.9118,0.9118,35.04365,14.295200000000001,14.3549,0.00379233,6.2116050000000005,0.042136099999999996,35.09075,14.20115,14.6567,0.0037831799999999997,6.18276,0.0463381,4.729375e-14,7.27596e-14,/home/sunyahui/worktrees/FilterVectorCode_multilevel_special/runs/high_selectivity_formal_amazon_x1/layer2_t1_32000_t2_80000/sel_95/search_time_summary.csv
sel_95,query_minlen1_nested_avgsel95pct,0.9501978063,layer2_t1_32000_t2_80000,2,32000,80000,188,0.9135,384.858,382.6035,382.852,0.012422731878728435,375.806,398.383,0.9135,0.9135,36.49115,14.29255,14.795449999999999,0.00385351,7.35879,0.0435073,36.49115,14.116,14.8992,0.00387925,7.42098,0.051100549999999995,-1.4551899999999997e-14,1.16415e-13,/home/sunyahui/worktrees/FilterVectorCode_multilevel_special/runs/high_selectivity_formal_amazon_x1/layer2_t1_32000_t2_80000/sel_95/search_time_summary.csv
sel_95,query_minlen1_nested_avgsel95pct,0.9501978063,layer2_t1_32000_t2_80000,2,32000,80000,219,0.9164,400.4,399.8416666666667,399.86,0.014015474689327989,390.713,406.646,0.9164,0.9164,37.922250000000005,14.2656,15.152650000000001,0.003947475,8.509174999999999,0.0457712,37.82515,14.1985,15.152650000000001,0.00398428,8.42333,0.0467019,0.0,2.91038e-14,/home/sunyahui/worktrees/FilterVectorCode_multilevel_special/runs/high_selectivity_formal_amazon_x1/layer2_t1_32000_t2_80000/sel_95/search_time_summary.csv
sel_95,query_minlen1_nested_avgsel95pct,0.9501978063,layer2_t1_32000_t2_80000,2,32000,80000,250,0.918,417.259,416.6926666666667,417.187,0.01175368957389969,409.295,423.203,0.918,0.918,39.67035,14.31805,15.6587,0.004030789999999999,9.70725,0.05169705,39.59335,14.18215,15.681750000000001,0.004062255,9.682155,0.04324765,2.182785e-14,8.00355e-14,/home/sunyahui/worktrees/FilterVectorCode_multilevel_special/runs/high_selectivity_formal_amazon_x1/layer2_t1_32000_t2_80000/sel_95/search_time_summary.csv
sel_95,query_minlen1_nested_avgsel95pct,0.9501978063,layer2_t1_32000_t2_80000,2,32000,80000,375,0.9292,484.835,485.48516666666666,485.301,0.013162230204262734,479.179,494.508,0.9292,0.9292,46.25895,14.453399999999998,17.16995,0.00442012,14.47925,0.0606565,46.1548,14.456199999999999,17.112650000000002,0.00443353,14.5227,0.0588395,3.6379769999999996e-14,8.00355e-14,/home/sunyahui/worktrees/FilterVectorCode_multilevel_special/runs/high_selectivity_formal_amazon_x1/layer2_t1_32000_t2_80000/sel_95/search_time_summary.csv
sel_967,query_minlen1_label1_sel967pct,0.9670165142,layer2_t1_32000_t2_80000,2,32000,80000,125,0.9157,422.802,361.6476666666667,358.44100000000003,0.03167630065244541,352.496,789.725,0.9157,0.9157,33.8825,14.5606,14.0699,0.0035191249999999997,5.229229999999999,0.0443476,33.8825,14.34505,14.286850000000001,0.0034855449999999996,5.193345,0.0538183,-1.81899e-14,1.01863e-13,/home/sunyahui/worktrees/FilterVectorCode_multilevel_special/runs/high_selectivity_formal_amazon_x1/layer2_t1_32000_t2_80000/sel_967/search_time_summary.csv
sel_967,query_minlen1_label1_sel967pct,0.9670165142,layer2_t1_32000_t2_80000,2,32000,80000,156,0.9202,374.82,372.86316666666664,373.24,0.009417719664567129,367.521,386.56,0.9202,0.9202,35.53465,14.53475,14.53495,0.0035822099999999997,6.34529,0.037934800000000005,35.544399999999996,14.39325,14.79465,0.00366095,6.321985,0.03083565,-7.27596e-15,2.91038e-14,/home/sunyahui/worktrees/FilterVectorCode_multilevel_special/runs/high_selectivity_formal_amazon_x1/layer2_t1_32000_t2_80000/sel_967/search_time_summary.csv
sel_967,query_minlen1_label1_sel967pct,0.9670165142,layer2_t1_32000_t2_80000,2,32000,80000,188,0.9216,399.817,396.17266666666666,396.898,0.0048079460361290785,393.329,421.684,0.9216,0.9216,37.67275,14.483,15.4591,0.0038195,7.6478850000000005,0.0431907,37.83045,14.55865,15.489650000000001,0.003782685,7.73183,0.046502249999999995,0.0,5.82077e-14,/home/sunyahui/worktrees/FilterVectorCode_multilevel_special/runs/high_selectivity_formal_amazon_x1/layer2_t1_32000_t2_80000/sel_967/search_time_summary.csv
sel_967,query_minlen1_label1_sel967pct,0.9670165142,layer2_t1_32000_t2_80000,2,32000,80000,219,0.9244,411.75,410.74966666666666,410.22299999999996,0.008421558256857416,406.745,417.751,0.9244,0.9244,39.188199999999995,14.5835,15.7314,0.00382723,8.768395,0.05620895,39.1802,14.6396,15.63425,0.003788375,8.846305,0.05620895,-4.729375e-14,8.00355e-14,/home/sunyahui/worktrees/FilterVectorCode_multilevel_special/runs/high_selectivity_formal_amazon_x1/layer2_t1_32000_t2_80000/sel_967/search_time_summary.csv
sel_967,query_minlen1_label1_sel967pct,0.9670165142,layer2_t1_32000_t2_80000,2,32000,80000,250,0.9252,439.777,440.2405,428.3055,0.0849609040281526,412.957,515.546,0.9252,0.9252,40.654650000000004,14.5929,16.086399999999998,0.003881555,9.914055,0.05632925,40.9773,14.6767,16.2167,0.00394388,10.023205,0.0567219,3.6379999999999996e-15,2.91038e-14,/home/sunyahui/worktrees/FilterVectorCode_multilevel_special/runs/high_selectivity_formal_amazon_x1/layer2_t1_32000_t2_80000/sel_967/search_time_summary.csv
sel_967,query_minlen1_label1_sel967pct,0.9670165142,layer2_t1_32000_t2_80000,2,32000,80000,375,0.935,495.838,493.4603333333333,493.464,0.013064448280594124,484.677,510.105,0.935,0.935,46.867000000000004,14.55545,17.600099999999998,0.004218315,14.798,0.06621175,46.867000000000004,14.55545,17.44285,0.00416888,14.798,0.06654555,-2.546585e-14,7.27596e-14,/home/sunyahui/worktrees/FilterVectorCode_multilevel_special/runs/high_selectivity_formal_amazon_x1/layer2_t1_32000_t2_80000/sel_967/search_time_summary.csv
sel_95,query_minlen1_nested_avgsel95pct,0.9501978063,layer2_t1_64000_t2_100000,2,64000,100000,125,0.8569,467.258,380.4003333333333,348.207,0.22174505506044168,341.296,988.401,0.8569,0.8569,32.95325,14.52565,13.5439,0.003265395,5.04016,0.04630305,32.8828,14.702850000000002,13.106300000000001,0.0032252599999999998,5.02045,0.049922999999999995,-2.7284850000000002e-14,6.54836e-14,/home/sunyahui/worktrees/FilterVectorCode_multilevel_special/runs/high_selectivity_formal_amazon_x1/layer2_t1_64000_t2_100000/sel_95/search_time_summary.csv
sel_95,query_minlen1_nested_avgsel95pct,0.9501978063,layer2_t1_64000_t2_100000,2,64000,100000,156,0.8656,374.551,366.4603333333333,366.3705,0.014577747620476096,360.479,423.097,0.8656,0.8656,34.8582,14.655999999999999,13.8398,0.003364815,6.066834999999999,0.0454381,34.8582,14.599450000000001,14.10885,0.003458165,6.09667,0.04977985,-3.637950000000001e-15,6.54836e-14,/home/sunyahui/worktrees/FilterVectorCode_multilevel_special/runs/high_selectivity_formal_amazon_x1/layer2_t1_64000_t2_100000/sel_95/search_time_summary.csv
sel_95,query_minlen1_nested_avgsel95pct,0.9501978063,layer2_t1_64000_t2_100000,2,64000,100000,188,0.869,382.542,379.8063333333333,378.66099999999994,0.012428739069230864,375.94,398.954,0.869,0.869,35.9474,14.45775,14.24465,0.0034355749999999997,7.170535,0.05423745,36.02345,14.44095,14.347850000000001,0.0034463949999999997,7.170535,0.060621549999999996,-7.27595e-15,5.82077e-14,/home/sunyahui/worktrees/FilterVectorCode_multilevel_special/runs/high_selectivity_formal_amazon_x1/layer2_t1_64000_t2_100000/sel_95/search_time_summary.csv
sel_95,query_minlen1_nested_avgsel95pct,0.9501978063,layer2_t1_64000_t2_100000,2,64000,100000,219,0.8731,397.319,395.147,394.108,0.016742769035544853,388.589,410.35,0.8731,0.8731,37.48115,14.557400000000001,14.65045,0.003558325,8.29607,0.050692249999999994,37.48115,14.557400000000001,14.59205,0.00356919,8.278545000000001,0.04959365,-5.09317e-14,5.82077e-14,/home/sunyahui/worktrees/FilterVectorCode_multilevel_special/runs/high_selectivity_formal_amazon_x1/layer2_t1_64000_t2_100000/sel_95/search_time_summary.csv
sel_95,query_minlen1_nested_avgsel95pct,0.9501978063,layer2_t1_64000_t2_100000,2,64000,100000,250,0.8761,413.74,411.17833333333334,409.95050000000003,0.02122654074102324,400.238,429.107,0.8761,0.8761,39.018,14.7149,14.94015,0.0036554200000000004,9.26232,0.0530871,39.0952,14.7501,15.02695,0.003658605,9.26232,0.0522061,1.0913949999999997e-14,7.27596e-14,/home/sunyahui/worktrees/FilterVectorCode_multilevel_special/runs/high_selectivity_formal_amazon_x1/layer2_t1_64000_t2_100000/sel_95/search_time_summary.csv
sel_95,query_minlen1_nested_avgsel95pct,0.9501978063,layer2_t1_64000_t2_100000,2,64000,100000,375,0.8919,472.904,469.41949999999997,469.128,0.012003984401771759,463.413,493.814,0.8919,0.8919,44.604200000000006,14.7991,16.05945,0.004017685,13.76635,0.05628355,44.76695,14.741150000000001,16.1216,0.00401619,13.8415,0.05872305,2.9103799999999995e-14,1.09139e-13,/home/sunyahui/worktrees/FilterVectorCode_multilevel_special/runs/high_selectivity_formal_amazon_x1/layer2_t1_64000_t2_100000/sel_95/search_time_summary.csv
sel_967,query_minlen1_label1_sel967pct,0.9670165142,layer2_t1_64000_t2_100000,2,64000,100000,125,0.8626,379.206,352.629,352.37800000000004,0.011741429063993334,348.347,538.669,0.8626,0.8626,33.5942,14.745650000000001,13.705449999999999,0.00308398,5.02815,0.05314335,33.65645,14.888349999999999,13.56855,0.0029367100000000004,5.152545,0.04410905,1.455192e-14,6.54836e-14,/home/sunyahui/worktrees/FilterVectorCode_multilevel_special/runs/high_selectivity_formal_amazon_x1/layer2_t1_64000_t2_100000/sel_967/search_time_summary.csv
sel_967,query_minlen1_label1_sel967pct,0.9670165142,layer2_t1_64000_t2_100000,2,64000,100000,156,0.8711,375.449,373.5241666666667,372.855,0.017589766818671394,364.499,387.0,0.8711,0.8711,35.328450000000004,14.7927,14.092649999999999,0.00313709,6.23034,0.041366,35.328450000000004,15.096599999999999,14.004850000000001,0.0030181,6.183945,0.040025950000000005,1.45519e-14,3.63798e-14,/home/sunyahui/worktrees/FilterVectorCode_multilevel_special/runs/high_selectivity_formal_amazon_x1/layer2_t1_64000_t2_100000/sel_967/search_time_summary.csv
sel_967,query_minlen1_label1_sel967pct,0.9670165142,layer2_t1_64000_t2_100000,2,64000,100000,188,0.8742,392.814,389.83983333333333,388.734,0.012644295840316167,383.506,410.661,0.8742,0.8742,37.055350000000004,14.799949999999999,14.668050000000001,0.00326068,7.34361,0.06599405,37.055350000000004,14.73865,14.87275,0.003269295,7.37223,0.0684655,-1.8189900000000002e-14,5.09317e-14,/home/sunyahui/worktrees/FilterVectorCode_multilevel_special/runs/high_selectivity_formal_amazon_x1/layer2_t1_64000_t2_100000/sel_967/search_time_summary.csv
sel_967,query_minlen1_label1_sel967pct,0.9670165142,layer2_t1_64000_t2_100000,2,64000,100000,219,0.879,417.571,408.9268333333333,408.855,0.013179828671467789,400.856,469.437,0.879,0.879,38.871849999999995,15.04555,15.245149999999999,0.00332288,8.50156,0.05779655,38.93165,15.04555,15.3157,0.00337431,8.504,0.06299769999999999,2.5465829999999998e-14,4.36557e-14,/home/sunyahui/worktrees/FilterVectorCode_multilevel_special/runs/high_selectivity_formal_amazon_x1/layer2_t1_64000_t2_100000/sel_967/search_time_summary.csv
sel_967,query_minlen1_label1_sel967pct,0.9670165142,layer2_t1_64000_t2_100000,2,64000,100000,250,0.8812,428.255,426.7475,425.5675,0.03070726744092028,408.983,446.345,0.8812,0.8812,40.1846,14.9853,15.55035,0.00333812,9.590555,0.051144999999999996,40.42945,15.182549999999999,15.59595,0.00340896,9.598605,0.0489452,5.820755e-14,1.38243e-13,/home/sunyahui/worktrees/FilterVectorCode_multilevel_special/runs/high_selectivity_formal_amazon_x1/layer2_t1_64000_t2_100000/sel_967/search_time_summary.csv
sel_967,query_minlen1_label1_sel967pct,0.9670165142,layer2_t1_64000_t2_100000,2,64000,100000,375,0.8956,486.449,484.79083333333335,485.4225,0.015611155902300554,475.937,496.398,0.8956,0.8956,46.3321,15.0522,16.824199999999998,0.003610215,14.2446,0.05937985,46.3321,15.2592,16.773049999999998,0.00354038,14.23065,0.06563185,3.27418e-14,8.73115e-14,/home/sunyahui/worktrees/FilterVectorCode_multilevel_special/runs/high_selectivity_formal_amazon_x1/layer2_t1_64000_t2_100000/sel_967/search_time_summary.csv
sel_90,query_minlen1_nested_avgsel90pct,0.9004633639,layer2_t1_64000_t2_200000,2,64000,200000,125,0.877,669.358,341.1438333333333,341.64750000000004,0.012272243572044912,335.052,2638.64,0.877,0.877,32.442899999999995,13.8675,13.214500000000001,0.0033424,5.194865,0.06294659999999999,32.3324,13.89135,13.214500000000001,0.0033621049999999998,5.165465,0.05770675,-1.6370900000000003e-14,6.18456e-14,/home/sunyahui/worktrees/FilterVectorCode_multilevel_special/runs/high_selectivity_formal_amazon_x1/layer2_t1_64000_t2_200000/sel_90/search_time_summary.csv
sel_90,query_minlen1_nested_avgsel90pct,0.9004633639,layer2_t1_64000_t2_200000,2,64000,200000,156,0.8811,364.875,363.245,356.4615,0.04400871447565872,351.537,393.886,0.8811,0.8811,34.1051,13.99705,13.659600000000001,0.003415395,6.280635,0.04960495,34.1051,14.15255,13.625900000000001,0.00338397,6.280635,0.04262615,1.8189900000000002e-14,2.18279e-14,/home/sunyahui/worktrees/FilterVectorCode_multilevel_special/runs/high_selectivity_formal_amazon_x1/layer2_t1_64000_t2_200000/sel_90/search_time_summary.csv
sel_90,query_minlen1_nested_avgsel90pct,0.9004633639,layer2_t1_64000_t2_200000,2,64000,200000,188,0.8843,406.104,406.23716666666667,380.7955,0.1679614683051326,369.73,544.635,0.8843,0.8843,36.2676,14.2455,14.3233,0.003565885,7.446205,0.06205985,36.2676,14.2455,14.37675,0.003579105,7.57358,0.06815,7.27595e-15,6.54836e-14,/home/sunyahui/worktrees/FilterVectorCode_multilevel_special/runs/high_selectivity_formal_amazon_x1/layer2_t1_64000_t2_200000/sel_90/search_time_summary.csv
sel_90,query_minlen1_nested_avgsel90pct,0.9004633639,layer2_t1_64000_t2_200000,2,64000,200000,219,0.8869,403.025,395.92966666666666,394.916,0.02305405685807776,386.887,445.596,0.8869,0.8869,37.43845,14.333649999999999,14.4347,0.00367333,8.498940000000001,0.0537495,37.43845,14.376349999999999,14.4347,0.00367398,8.56436,0.0593813,7.27595e-15,8.00355e-14,/home/sunyahui/worktrees/FilterVectorCode_multilevel_special/runs/high_selectivity_formal_amazon_x1/layer2_t1_64000_t2_200000/sel_90/search_time_summary.csv
sel_90,query_minlen1_nested_avgsel90pct,0.9004633639,layer2_t1_64000_t2_200000,2,64000,200000,250,0.8884,416.035,415.751,411.40700000000004,0.04900603679365754,400.03,455.287,0.8884,0.8884,39.0148,14.3187,14.789,0.0038165150000000004,9.569780000000002,0.0530389,39.161,14.505600000000001,14.9097,0.0038213350000000004,9.690755,0.051111500000000004,-2.910382e-14,8.00355e-14,/home/sunyahui/worktrees/FilterVectorCode_multilevel_special/runs/high_selectivity_formal_amazon_x1/layer2_t1_64000_t2_200000/sel_90/search_time_summary.csv
sel_90,query_minlen1_nested_avgsel90pct,0.9004633639,layer2_t1_64000_t2_200000,2,64000,200000,375,0.9059,474.297,472.5226666666667,469.07,0.015770033353475536,466.558,484.94,0.9059,0.9059,44.6871,14.61235,15.93395,0.004068635,14.14845,0.062015549999999996,44.639849999999996,14.53585,15.8712,0.004140685,14.14845,0.0801773,-1.091393e-14,6.54836e-14,/home/sunyahui/worktrees/FilterVectorCode_multilevel_special/runs/high_selectivity_formal_amazon_x1/layer2_t1_64000_t2_200000/sel_90/search_time_summary.csv
sel_95,query_minlen1_nested_avgsel95pct,0.9501978063,layer2_t1_64000_t2_200000,2,64000,200000,125,0.8988,475.164,359.09366666666665,356.67449999999997,0.013843740789812004,354.704,1171.58,0.8988,0.8988,34.0061,14.4883,13.870000000000001,0.00325228,5.557085,0.04256435,34.0061,14.4883,13.9498,0.003246275,5.52346,0.04131535,1.091392e-14,5.82077e-14,/home/sunyahui/worktrees/FilterVectorCode_multilevel_special/runs/high_selectivity_formal_amazon_x1/layer2_t1_64000_t2_200000/sel_95/search_time_summary.csv
sel_95,query_minlen1_nested_avgsel95pct,0.9501978063,layer2_t1_64000_t2_200000,2,64000,200000,156,0.902,384.153,377.4071666666667,376.7315,0.01600159826487979,368.242,424.625,0.902,0.902,35.93175,14.783999999999999,14.30895,0.003361075,6.732945,0.0461061,35.923649999999995,14.783999999999999,14.30895,0.003359755,6.788444999999999,0.0389809,-1.091392e-14,2.91038e-14,/home/sunyahui/worktrees/FilterVectorCode_multilevel_special/runs/high_selectivity_formal_amazon_x1/layer2_t1_64000_t2_200000/sel_95/search_time_summary.csv
sel_95,query_minlen1_nested_avgsel95pct,0.9501978063,layer2_t1_64000_t2_200000,2,64000,200000,188,0.9033,397.488,397.6301666666667,399.476,0.013910169133050142,390.58,403.103,0.9033,0.9033,37.944100000000006,14.89185,14.8047,0.00360164,7.931115,0.05768085,37.944100000000006,14.90765,14.9741,0.003618695,7.9999649999999995,0.058776749999999996,2.546585e-14,8.73115e-14,/home/sunyahui/worktrees/FilterVectorCode_multilevel_special/runs/high_selectivity_formal_amazon_x1/layer2_t1_64000_t2_200000/sel_95/search_time_summary.csv
sel_95,query_minlen1_nested_avgsel95pct,0.9501978063,layer2_t1_64000_t2_200000,2,64000,200000,219,0.906,412.9,412.6395,413.9305,0.01544278639644089,404.878,421.337,0.906,0.906,39.285849999999996,14.8231,15.1431,0.00370943,9.163730000000001,0.06253495,39.44305,15.00815,15.26055,0.0036577099999999998,9.11964,0.051089850000000006,1.8189900000000002e-14,3.63798e-14,/home/sunyahui/worktrees/FilterVectorCode_multilevel_special/runs/high_selectivity_formal_amazon_x1/layer2_t1_64000_t2_200000/sel_95/search_time_summary.csv
sel_95,query_minlen1_nested_avgsel95pct,0.9501978063,layer2_t1_64000_t2_200000,2,64000,200000,250,0.9071,430.058,429.37166666666667,425.341,0.016844292127644357,424.073,439.652,0.9071,0.9071,40.7194,14.7378,15.65985,0.00377056,10.2771,0.046307799999999996,40.5595,14.7746,15.5081,0.00377978,10.228100000000001,0.04491035,-3.63798e-15,8.73115e-14,/home/sunyahui/worktrees/FilterVectorCode_multilevel_special/runs/high_selectivity_formal_amazon_x1/layer2_t1_64000_t2_200000/sel_95/search_time_summary.csv
sel_95,query_minlen1_nested_avgsel95pct,0.9501978063,layer2_t1_64000_t2_200000,2,64000,200000,375,0.9235,498.88,497.69883333333337,496.39549999999997,0.013361143101358271,490.432,508.77,0.9235,0.9235,47.32105,14.90025,17.15925,0.00420517,15.22075,0.07292894999999999,47.203649999999996,14.792349999999999,17.12575,0.00420517,15.22075,0.060601100000000005,-3.63798e-14,5.82077e-14,/home/sunyahui/worktrees/FilterVectorCode_multilevel_special/runs/high_selectivity_formal_amazon_x1/layer2_t1_64000_t2_200000/sel_95/search_time_summary.csv
sel_967,query_minlen1_label1_sel967pct,0.9670165142,layer2_t1_64000_t2_200000,2,64000,200000,125,0.9061,397.115,362.61466666666666,361.18,0.019037669947668725,355.141,604.114,0.9061,0.9061,34.5717,14.9942,13.88775,0.0032285,5.5761,0.0480801,34.5717,14.9601,13.98905,0.003346365,5.5767299999999995,0.04245905,1.81899e-14,5.82077e-14,/home/sunyahui/worktrees/FilterVectorCode_multilevel_special/runs/high_selectivity_formal_amazon_x1/layer2_t1_64000_t2_200000/sel_967/search_time_summary.csv
sel_967,query_minlen1_label1_sel967pct,0.9670165142,layer2_t1_64000_t2_200000,2,64000,200000,156,0.9091,381.83,381.74666666666667,381.00300000000004,0.013480879413939615,376.772,388.338,0.9091,0.9091,36.1951,15.12015,14.2661,0.00332353,6.745955,0.04829635,36.1951,14.93125,14.476849999999999,0.003357705,6.732085,0.0515057,2.910383e-14,5.09317e-14,/home/sunyahui/worktrees/FilterVectorCode_multilevel_special/runs/high_selectivity_formal_amazon_x1/layer2_t1_64000_t2_200000/sel_967/search_time_summary.csv
sel_967,query_minlen1_label1_sel967pct,0.9670165142,layer2_t1_64000_t2_200000,2,64000,200000,188,0.9102,406.882,401.85333333333335,400.5345,0.01940044590186946,394.242,437.054,0.9102,0.9102,38.3686,15.44505,14.80865,0.0033659,7.97376,0.04693975,38.31235,15.40395,14.877849999999999,0.00342123,7.982379999999999,0.044774999999999995,3.27418e-14,6.54836e-14,/home/sunyahui/worktrees/FilterVectorCode_multilevel_special/runs/high_selectivity_formal_amazon_x1/layer2_t1_64000_t2_200000/sel_967/search_time_summary.csv
sel_967,query_minlen1_label1_sel967pct,0.9670165142,layer2_t1_64000_t2_200000,2,64000,200000,219,0.9128,422.644,418.4071666666667,417.19550000000004,0.01392161908814672,411.979,448.063,0.9128,0.9128,39.8369,15.357800000000001,15.280249999999999,0.003470485,9.192025000000001,0.0510663,39.856700000000004,15.2988,15.2995,0.0034725700000000003,9.211895,0.043009000000000006,1.818988e-14,1.09139e-13,/home/sunyahui/worktrees/FilterVectorCode_multilevel_special/runs/high_selectivity_formal_amazon_x1/layer2_t1_64000_t2_200000/sel_967/search_time_summary.csv
sel_967,query_minlen1_label1_sel967pct,0.9670165142,layer2_t1_64000_t2_200000,2,64000,200000,250,0.9131,433.02,431.59433333333334,434.5785,0.01506503438428975,420.324,441.573,0.9131,0.9131,41.22475,15.32995,15.292200000000001,0.003466025,10.31705,0.05496885,41.22475,15.455400000000001,15.343250000000001,0.003466025,10.3702,0.052438,3.637950000000001e-15,6.54836e-14,/home/sunyahui/worktrees/FilterVectorCode_multilevel_special/runs/high_selectivity_formal_amazon_x1/layer2_t1_64000_t2_200000/sel_967/search_time_summary.csv
sel_967,query_minlen1_label1_sel967pct,0.9670165142,layer2_t1_64000_t2_200000,2,64000,200000,375,0.9291,510.425,508.4843333333333,502.2685,0.04669577516295987,492.552,555.998,0.9291,0.9291,47.9576,15.70815,16.917,0.003720935,15.2456,0.061268649999999994,47.9576,15.6312,17.00275,0.0037099000000000004,15.261050000000001,0.058885400000000004,7.275950000000002e-15,6.54836e-14,/home/sunyahui/worktrees/FilterVectorCode_multilevel_special/runs/high_selectivity_formal_amazon_x1/layer2_t1_64000_t2_200000/sel_967/search_time_summary.csv
sel_100,query_empty_full100pct,1.0,layer2_t1_64000_t2_400000,2,64000,400000,25,0.7763,402.847,377.629,377.8665,0.022773758260307395,364.293,554.152,0.7763,0.7763,36.102850000000004,9.659099999999999,24.7444,0.0030284350000000003,1.696175,0.03913605,36.102850000000004,9.813189999999999,24.5456,0.002977415,1.6895449999999999,0.0515051,-2.5465829999999998e-14,4.36557e-14,/home/sunyahui/worktrees/FilterVectorCode_multilevel_special/runs/high_selectivity_formal_amazon_x1/layer2_t1_64000_t2_400000/sel_100/search_time_summary.csv
sel_100,query_empty_full100pct,1.0,layer2_t1_64000_t2_400000,2,64000,400000,31,0.817,384.106,385.27233333333334,385.84299999999996,0.012305239856589626,377.11,390.138,0.817,0.817,36.9302,9.85411,24.99605,0.003063405,2.049165,0.044799649999999996,36.99495,9.862665,24.954050000000002,0.0030977799999999996,2.1255100000000002,0.0496903,-3.63797e-15,1.16415e-13,/home/sunyahui/worktrees/FilterVectorCode_multilevel_special/runs/high_selectivity_formal_amazon_x1/layer2_t1_64000_t2_400000/sel_100/search_time_summary.csv
sel_100,query_empty_full100pct,1.0,layer2_t1_64000_t2_400000,2,64000,400000,38,0.8447,391.264,388.36899999999997,391.229,0.021798948944839365,373.222,408.632,0.8447,0.8447,37.0345,9.644375,24.6685,0.003076195,2.44332,0.04249265,37.0345,10.083905000000001,24.46895,0.0029400249999999998,2.44332,0.035351,4.001775e-14,8.00355e-14,/home/sunyahui/worktrees/FilterVectorCode_multilevel_special/runs/high_selectivity_formal_amazon_x1/layer2_t1_64000_t2_400000/sel_100/search_time_summary.csv
sel_100,query_empty_full100pct,1.0,layer2_t1_64000_t2_400000,2,64000,400000,44,0.8585,406.369,401.985,401.60749999999996,0.03335643599885094,388.156,432.674,0.8585,0.8585,38.14635,9.892945000000001,25.8192,0.003124605,2.667015,0.0458277,38.425399999999996,9.742325000000001,25.942149999999998,0.003124605,2.6836,0.05417735,-3.6379800000000003e-14,8.73115e-14,/home/sunyahui/worktrees/FilterVectorCode_multilevel_special/runs/high_selectivity_formal_amazon_x1/layer2_t1_64000_t2_400000/sel_100/search_time_summary.csv
sel_100,query_empty_full100pct,1.0,layer2_t1_64000_t2_400000,2,64000,400000,50,0.8724,403.449,406.52133333333336,402.6545,0.025790056737765646,385.016,425.083,0.8724,0.8724,38.195800000000006,9.91264,25.298450000000003,0.003026615,3.038865,0.04835735,38.195800000000006,9.964765,25.203850000000003,0.003026615,2.98046,0.043678800000000004,1.8189900000000002e-14,8.00355e-14,/home/sunyahui/worktrees/FilterVectorCode_multilevel_special/runs/high_selectivity_formal_amazon_x1/layer2_t1_64000_t2_400000/sel_100/search_time_summary.csv
sel_100,query_empty_full100pct,1.0,layer2_t1_64000_t2_400000,2,64000,400000,100,0.9028,447.217,448.116,447.3555,0.00686224878946897,441.826,452.037,0.9028,0.9028,42.8405,9.768725,27.8625,0.003333735,5.24705,0.05330635,42.735600000000005,9.775839999999999,27.61275,0.00324783,5.275495,0.068231,-7.275999999999999e-15,5.82077e-14,/home/sunyahui/worktrees/FilterVectorCode_multilevel_special/runs/high_selectivity_formal_amazon_x1/layer2_t1_64000_t2_400000/sel_100/search_time_summary.csv
sel_80,query_minlen1_nested_avgsel80pct,0.8002369928,layer2_t1_64000_t2_400000,2,64000,400000,375,0.8604,1258.92,409.88683333333336,405.53,0.05137675184450249,391.474,6353.1,0.8604,0.8604,38.21755,12.2076,13.5626,0.0037263,12.380949999999999,0.03880425,38.33425,12.365549999999999,13.545300000000001,0.0037497299999999997,12.380949999999999,0.03880425,1.8189900000000002e-14,2.18279e-14,/home/sunyahui/worktrees/FilterVectorCode_multilevel_special/runs/high_selectivity_formal_amazon_x1/layer2_t1_64000_t2_400000/sel_80/search_time_summary.csv
sel_80,query_minlen1_nested_avgsel80pct,0.8002369928,layer2_t1_64000_t2_400000,2,64000,400000,406,0.8642,419.226,417.3991666666667,415.38800000000003,0.018276057371421534,409.303,430.185,0.8642,0.8642,39.2729,12.166699999999999,13.780550000000002,0.0037973,13.3979,0.0402454,39.2729,12.084,13.74585,0.003774725,13.3979,0.041321949999999996,3.637950000000001e-15,1.45519e-13,/home/sunyahui/worktrees/FilterVectorCode_multilevel_special/runs/high_selectivity_formal_amazon_x1/layer2_t1_64000_t2_400000/sel_80/search_time_summary.csv
sel_80,query_minlen1_nested_avgsel80pct,0.8002369928,layer2_t1_64000_t2_400000,2,64000,400000,438,0.8653,428.373,426.07283333333334,425.60699999999997,0.011695851992906726,418.265,442.177,0.8653,0.8653,40.45895,12.37855,13.756599999999999,0.003794085,14.1759,0.0399734,40.37535,12.29025,13.756599999999999,0.0037611349999999997,14.2852,0.039482149999999994,3.637975e-14,5.09317e-14,/home/sunyahui/worktrees/FilterVectorCode_multilevel_special/runs/high_selectivity_formal_amazon_x1/layer2_t1_64000_t2_400000/sel_80/search_time_summary.csv
sel_80,query_minlen1_nested_avgsel80pct,0.8002369928,layer2_t1_64000_t2_400000,2,64000,400000,469,0.868,442.925,441.34933333333333,442.2335,0.01340759423380078,432.293,452.379,0.868,0.868,41.6018,12.21475,14.0186,0.003786915,15.33875,0.040971450000000006,41.59095000000001,12.18455,14.02335,0.00379737,15.33875,0.04049705,-2.182787e-14,5.09317e-14,/home/sunyahui/worktrees/FilterVectorCode_multilevel_special/runs/high_selectivity_formal_amazon_x1/layer2_t1_64000_t2_400000/sel_80/search_time_summary.csv
sel_80,query_minlen1_nested_avgsel80pct,0.8002369928,layer2_t1_64000_t2_400000,2,64000,400000,500,0.8716,456.996,455.4986666666667,454.4235,0.012263723550497107,449.021,465.983,0.8716,0.8716,43.06075,12.29635,14.354700000000001,0.003965865,16.38715,0.04231485,42.9888,12.32145,14.31155,0.0038938949999999996,16.31005,0.041894600000000004,-5.09317e-14,8.73115e-14,/home/sunyahui/worktrees/FilterVectorCode_multilevel_special/runs/high_selectivity_formal_amazon_x1/layer2_t1_64000_t2_400000/sel_80/search_time_summary.csv
sel_80,query_minlen1_nested_avgsel80pct,0.8002369928,layer2_t1_64000_t2_400000,2,64000,400000,625,0.8746,504.993,503.8321666666667,502.974,0.01622359755289213,493.063,518.226,0.8746,0.8746,47.3721,12.312550000000002,14.6633,0.004020145,20.304850000000002,0.04603025,47.4302,12.25955,14.6633,0.00399052,20.455849999999998,0.0474949,-4.3655749999999996e-14,9.45874e-14,/home/sunyahui/worktrees/FilterVectorCode_multilevel_special/runs/high_selectivity_formal_amazon_x1/layer2_t1_64000_t2_400000/sel_80/search_time_summary.csv
sel_85,query_minlen1_nested_avgsel85pct,0.8496712723,layer2_t1_64000_t2_400000,2,64000,400000,250,0.8685,1012.21,384.355,384.776,0.013476315835427535,376.592,4779.32,0.8685,0.8685,36.52645,13.4358,13.84365,0.003737775,9.000045,0.0522933,36.52645,13.4502,13.98685,0.0037543999999999998,9.032055,0.0535886,-7.27597e-15,3.63798e-14,/home/sunyahui/worktrees/FilterVectorCode_multilevel_special/runs/high_selectivity_formal_amazon_x1/layer2_t1_64000_t2_400000/sel_85/search_time_summary.csv
sel_85,query_minlen1_nested_avgsel85pct,0.8496712723,layer2_t1_64000_t2_400000,2,64000,400000,281,0.8706,405.96,400.80016666666666,400.24699999999996,0.006995886092281792,396.798,436.917,0.8706,0.8706,38.1493,13.600999999999999,14.2089,0.003930565,10.097999999999999,0.05040125,37.77785,13.4567,14.19265,0.003930565,10.075125,0.04943605,-4.365575e-14,8.73115e-14,/home/sunyahui/worktrees/FilterVectorCode_multilevel_special/runs/high_selectivity_formal_amazon_x1/layer2_t1_64000_t2_400000/sel_85/search_time_summary.csv
sel_85,query_minlen1_nested_avgsel85pct,0.8496712723,layer2_t1_64000_t2_400000,2,64000,400000,312,0.8778,421.24,418.748,417.87199999999996,0.016361199644296963,410.512,436.193,0.8778,0.8778,39.74285,13.821449999999999,14.400500000000001,0.003995485,11.0394,0.04980155,39.542100000000005,14.29345,14.24105,0.0038909699999999997,10.9476,0.05613945,2.546585e-14,6.54836e-14,/home/sunyahui/worktrees/FilterVectorCode_multilevel_special/runs/high_selectivity_formal_amazon_x1/layer2_t1_64000_t2_400000/sel_85/search_time_summary.csv
sel_85,query_minlen1_nested_avgsel85pct,0.8496712723,layer2_t1_64000_t2_400000,2,64000,400000,344,0.8832,433.993,431.3618333333333,428.0565,0.016879958905105897,425.576,449.778,0.8832,0.8832,40.7034,13.58645,14.8701,0.0041227550000000005,12.18055,0.06598419999999999,40.605900000000005,13.58645,14.7808,0.004098605,12.1619,0.0726583,-1.45519e-14,4.36557e-14,/home/sunyahui/worktrees/FilterVectorCode_multilevel_special/runs/high_selectivity_formal_amazon_x1/layer2_t1_64000_t2_400000/sel_85/search_time_summary.csv
sel_85,query_minlen1_nested_avgsel85pct,0.8496712723,layer2_t1_64000_t2_400000,2,64000,400000,375,0.8838,444.963,443.5745,440.375,0.018823941464666486,435.753,455.749,0.8838,0.8838,41.809799999999996,13.663150000000002,14.9694,0.004132415,13.16835,0.05799425,41.80735,13.5402,14.97155,0.004198525,13.2346,0.05677915,1.45519e-14,5.09317e-14,/home/sunyahui/worktrees/FilterVectorCode_multilevel_special/runs/high_selectivity_formal_amazon_x1/layer2_t1_64000_t2_400000/sel_85/search_time_summary.csv
sel_85,query_minlen1_nested_avgsel85pct,0.8496712723,layer2_t1_64000_t2_400000,2,64000,400000,500,0.8932,497.587,496.02433333333335,496.3645,0.01013846350965005,488.408,506.964,0.8932,0.8932,47.010549999999995,13.77235,15.799150000000001,0.00451807,17.35975,0.05797225,47.1315,13.82535,15.915049999999999,0.0044672,17.3209,0.06578995,-3.274183e-14,1.09139e-13,/home/sunyahui/worktrees/FilterVectorCode_multilevel_special/runs/high_selectivity_formal_amazon_x1/layer2_t1_64000_t2_400000/sel_85/search_time_summary.csv
sel_90,query_minlen1_nested_avgsel90pct,0.9004633639,layer2_t1_64000_t2_400000,2,64000,400000,125,0.8763,659.293,335.3553333333333,336.48199999999997,0.012841706013298083,327.354,2602.92,0.8763,0.8763,31.68195,13.42845,13.033100000000001,0.00333835,5.20868,0.04834265,31.652099999999997,13.4784,12.94425,0.00335678,5.18402,0.0421037,2.000889e-14,5.82077e-14,/home/sunyahui/worktrees/FilterVectorCode_multilevel_special/runs/high_selectivity_formal_amazon_x1/layer2_t1_64000_t2_400000/sel_90/search_time_summary.csv
sel_90,query_minlen1_nested_avgsel90pct,0.9004633639,layer2_t1_64000_t2_400000,2,64000,400000,156,0.8811,354.85,353.86316666666664,355.1245,0.008408160768320218,350.115,360.768,0.8811,0.8811,33.499700000000004,13.3895,13.5014,0.00342469,6.29811,0.0545333,33.499700000000004,13.600449999999999,13.5014,0.0035195599999999997,6.3438300000000005,0.05054615,-1.09139e-14,4.36557e-14,/home/sunyahui/worktrees/FilterVectorCode_multilevel_special/runs/high_selectivity_formal_amazon_x1/layer2_t1_64000_t2_400000/sel_90/search_time_summary.csv
sel_90,query_minlen1_nested_avgsel90pct,0.9004633639,layer2_t1_64000_t2_400000,2,64000,400000,188,0.8848,368.888,367.79633333333334,366.7445,0.014821936567084906,362.096,377.921,0.8848,0.8848,34.92565,13.4359,14.12965,0.0035390300000000003,7.46697,0.0571757,34.9914,13.54075,13.99915,0.003592885,7.394315000000001,0.05358175,7.27595e-15,4.36557e-14,/home/sunyahui/worktrees/FilterVectorCode_multilevel_special/runs/high_selectivity_formal_amazon_x1/layer2_t1_64000_t2_400000/sel_90/search_time_summary.csv
sel_90,query_minlen1_nested_avgsel90pct,0.9004633639,layer2_t1_64000_t2_400000,2,64000,400000,219,0.8864,442.032,417.68583333333333,384.8345,0.1767208046512234,379.92,588.111,0.8864,0.8864,36.788250000000005,13.453949999999999,14.7986,0.0036393550000000004,8.6522,0.06077755,36.788250000000005,13.27135,14.7986,0.0036133800000000002,8.6522,0.06252245000000001,1.81899e-14,5.09317e-14,/home/sunyahui/worktrees/FilterVectorCode_multilevel_special/runs/high_selectivity_formal_amazon_x1/layer2_t1_64000_t2_400000/sel_90/search_time_summary.csv
sel_90,query_minlen1_nested_avgsel90pct,0.9004633639,layer2_t1_64000_t2_400000,2,64000,400000,250,0.8892,403.955,403.281,404.707,0.009297957736238512,397.057,407.999,0.8892,0.8892,38.52815,13.4789,15.1377,0.00363986,9.810855,0.06123265,38.62265,13.51385,15.2212,0.003744295,9.819115,0.06473945,-1.091393e-14,4.36557e-14,/home/sunyahui/worktrees/FilterVectorCode_multilevel_special/runs/high_selectivity_formal_amazon_x1/layer2_t1_64000_t2_400000/sel_90/search_time_summary.csv
sel_90,query_minlen1_nested_avgsel90pct,0.9004633639,layer2_t1_64000_t2_400000,2,64000,400000,375,0.9051,494.302,496.4053333333333,464.8515,0.15727009168768127,455.264,655.026,0.9051,0.9051,44.2847,13.3913,16.446550000000002,0.003961505000000001,14.3826,0.060225,44.2847,13.3913,16.446550000000002,0.0040889,14.3826,0.060225,4.7293730000000003e-14,9.45874e-14,/home/sunyahui/worktrees/FilterVectorCode_multilevel_special/runs/high_selectivity_formal_amazon_x1/layer2_t1_64000_t2_400000/sel_90/search_time_summary.csv
sel_95,query_minlen1_nested_avgsel95pct,0.9501978063,layer2_t1_64000_t2_400000,2,64000,400000,125,0.8972,493.75,391.2561666666667,358.423,0.20723787788586145,351.821,1108.71,0.8972,0.8972,33.993750000000006,14.71585,13.5701,0.003344915,5.4604099999999995,0.0511895,33.993750000000006,14.71585,13.676649999999999,0.00337032,5.552490000000001,0.04541955,-1.091395e-14,2.91038e-14,/home/sunyahui/worktrees/FilterVectorCode_multilevel_special/runs/high_selectivity_formal_amazon_x1/layer2_t1_64000_t2_400000/sel_95/search_time_summary.csv
sel_95,query_minlen1_nested_avgsel95pct,0.9501978063,layer2_t1_64000_t2_400000,2,64000,400000,156,0.9011,383.664,375.9216666666667,375.3225,0.017149701943061948,366.732,430.118,0.9011,0.9011,35.797200000000004,14.7866,14.1786,0.00348006,6.67882,0.050129,35.797200000000004,14.974499999999999,14.104299999999999,0.00339612,6.67882,0.036084,-4.3655749999999996e-14,8.00355e-14,/home/sunyahui/worktrees/FilterVectorCode_multilevel_special/runs/high_selectivity_formal_amazon_x1/layer2_t1_64000_t2_400000/sel_95/search_time_summary.csv
sel_95,query_minlen1_nested_avgsel95pct,0.9501978063,layer2_t1_64000_t2_400000,2,64000,400000,188,0.9029,395.286,393.9115,392.45799999999997,0.016209614000670537,386.55,403.535,0.9029,0.9029,37.4424,14.9522,14.57635,0.0035765299999999996,7.8102149999999995,0.05401135,37.4424,14.9981,14.57635,0.0035743499999999996,7.8102149999999995,0.05418175,-3.637975e-14,4.36557e-14,/home/sunyahui/worktrees/FilterVectorCode_multilevel_special/runs/high_selectivity_formal_amazon_x1/layer2_t1_64000_t2_400000/sel_95/search_time_summary.csv
sel_95,query_minlen1_nested_avgsel95pct,0.9501978063,layer2_t1_64000_t2_400000,2,64000,400000,219,0.9045,409.724,408.1938333333333,407.144,0.018287282836287225,400.094,418.908,0.9045,0.9045,38.7872,14.92705,14.795100000000001,0.003678095,8.962945000000001,0.05252595,38.739000000000004,14.911200000000001,14.7566,0.00366011,9.01503,0.05252595,2.546585e-14,5.09317e-14,/home/sunyahui/worktrees/FilterVectorCode_multilevel_special/runs/high_selectivity_formal_amazon_x1/layer2_t1_64000_t2_400000/sel_95/search_time_summary.csv
sel_95,query_minlen1_nested_avgsel95pct,0.9501978063,layer2_t1_64000_t2_400000,2,64000,400000,250,0.9069,424.53,424.0865,424.5605,0.01348680228998209,416.577,432.438,0.9069,0.9069,40.34795,15.0259,15.17375,0.00378077,10.149899999999999,0.0616541,40.49435,15.0537,15.17265,0.00378077,10.206800000000001,0.057474449999999996,-7.27597e-15,6.54836e-14,/home/sunyahui/worktrees/FilterVectorCode_multilevel_special/runs/high_selectivity_formal_amazon_x1/layer2_t1_64000_t2_400000/sel_95/search_time_summary.csv
sel_95,query_minlen1_nested_avgsel95pct,0.9501978063,layer2_t1_64000_t2_400000,2,64000,400000,375,0.9217,494.108,492.444,493.786,0.01702487223060618,481.334,504.373,0.9217,0.9217,47.008399999999995,15.3561,16.62655,0.00418097,14.88505,0.05979285,47.03735,15.42305,16.62655,0.004217065000000001,14.92375,0.05979285,7.275960000000001e-14,8.73115e-14,/home/sunyahui/worktrees/FilterVectorCode_multilevel_special/runs/high_selectivity_formal_amazon_x1/layer2_t1_64000_t2_400000/sel_95/search_time_summary.csv
sel_967,query_minlen1_label1_sel967pct,0.9670165142,layer2_t1_64000_t2_400000,2,64000,400000,125,0.9055,389.603,356.46366666666665,356.3685,0.009504846530220594,352.489,588.436,0.9055,0.9055,33.7849,14.654050000000002,13.548649999999999,0.00309138,5.511934999999999,0.04904085,33.87825,14.65675,13.64175,0.00304387,5.5277449999999995,0.04903615,-1.455192e-14,4.36557e-14,/home/sunyahui/worktrees/FilterVectorCode_multilevel_special/runs/high_selectivity_formal_amazon_x1/layer2_t1_64000_t2_400000/sel_967/search_time_summary.csv
sel_967,query_minlen1_label1_sel967pct,0.9670165142,layer2_t1_64000_t2_400000,2,64000,400000,156,0.9092,385.083,382.381,377.845,0.03399490027444519,371.251,407.11,0.9092,0.9092,35.846599999999995,14.75595,14.347850000000001,0.0032062799999999997,6.71408,0.05309815,35.846599999999995,14.736650000000001,14.29015,0.00322215,6.74831,0.06820015,4.7293699999999996e-14,6.54836e-14,/home/sunyahui/worktrees/FilterVectorCode_multilevel_special/runs/high_selectivity_formal_amazon_x1/layer2_t1_64000_t2_400000/sel_967/search_time_summary.csv
sel_967,query_minlen1_label1_sel967pct,0.9670165142,layer2_t1_64000_t2_400000,2,64000,400000,188,0.9107,402.075,396.37083333333334,392.53,0.024285481140191092,387.611,436.299,0.9107,0.9107,37.45025,14.90035,14.643149999999999,0.00330426,7.88588,0.051665699999999995,37.3963,14.75315,14.73995,0.00330426,7.848165,0.0517646,1.81899e-14,5.82077e-14,/home/sunyahui/worktrees/FilterVectorCode_multilevel_special/runs/high_selectivity_formal_amazon_x1/layer2_t1_64000_t2_400000/sel_967/search_time_summary.csv
sel_967,query_minlen1_label1_sel967pct,0.9670165142,layer2_t1_64000_t2_400000,2,64000,400000,219,0.9122,432.355,429.6381666666667,414.15099999999995,0.09289707007565515,407.623,510.81,0.9122,0.9122,39.492000000000004,14.9606,15.21075,0.003404165,9.110495,0.0519874,39.492000000000004,15.00515,15.247250000000001,0.00340021,9.173045,0.0631553,2.18279e-14,5.82077e-14,/home/sunyahui/worktrees/FilterVectorCode_multilevel_special/runs/high_selectivity_formal_amazon_x1/layer2_t1_64000_t2_400000/sel_967/search_time_summary.csv
sel_967,query_minlen1_label1_sel967pct,0.9670165142,layer2_t1_64000_t2_400000,2,64000,400000,250,0.9138,435.047,433.512,432.618,0.0077810308816432935,429.636,444.255,0.9138,0.9138,41.11695,15.049050000000001,15.65355,0.003473935,10.368649999999999,0.0508547,40.96815,14.95885,15.63315,0.0034751799999999996,10.317499999999999,0.05514465,-3.63798e-14,1.01863e-13,/home/sunyahui/worktrees/FilterVectorCode_multilevel_special/runs/high_selectivity_formal_amazon_x1/layer2_t1_64000_t2_400000/sel_967/search_time_summary.csv
sel_967,query_minlen1_label1_sel967pct,0.9670165142,layer2_t1_64000_t2_400000,2,64000,400000,375,0.9273,501.904,500.9815,498.905,0.01398851330805299,494.035,509.996,0.9273,0.9273,47.3442,15.00005,17.1841,0.003705305,15.39685,0.05286515,47.30035,14.97645,17.0048,0.003699075,15.25475,0.06063875,5.0931680000000004e-14,9.45874e-14,/home/sunyahui/worktrees/FilterVectorCode_multilevel_special/runs/high_selectivity_formal_amazon_x1/layer2_t1_64000_t2_400000/sel_967/search_time_summary.csv
sel_80,query_minlen1_nested_avgsel80pct,0.8002369928,layer2_t1_8000_t2_100000,2,8000,100000,250,0.8669,1300.38,393.77716666666663,395.244,0.020759328574578104,382.268,6740.03,0.8669,0.8669,37.40260000000001,12.8058,14.7419,0.005042905,9.755455,0.05370005,37.40260000000001,12.7226,14.793050000000001,0.00500245,9.812835,0.06911310000000001,-3.6379800000000003e-14,5.09317e-14,/home/sunyahui/worktrees/FilterVectorCode_multilevel_special/runs/high_selectivity_formal_amazon_x1/layer2_t1_8000_t2_100000/sel_80/search_time_summary.csv
sel_80,query_minlen1_nested_avgsel80pct,0.8002369928,layer2_t1_8000_t2_100000,2,8000,100000,281,0.8712,413.259,408.538,408.8295,0.011729935458494913,402.761,441.584,0.8712,0.8712,38.6356,12.75675,14.97695,0.005266460000000001,10.86655,0.05258625,38.5222,12.80795,14.8252,0.005286235,10.83415,0.0495912,-2.546585e-14,6.54836e-14,/home/sunyahui/worktrees/FilterVectorCode_multilevel_special/runs/high_selectivity_formal_amazon_x1/layer2_t1_8000_t2_100000/sel_80/search_time_summary.csv
sel_80,query_minlen1_nested_avgsel80pct,0.8002369928,layer2_t1_8000_t2_100000,2,8000,100000,312,0.8767,431.849,428.3931666666667,427.9385,0.018113334892793646,420.591,452.584,0.8767,0.8767,40.4165,12.9322,15.15445,0.0052558050000000005,11.965,0.0508368,40.4165,12.84255,15.455449999999999,0.00551762,12.0531,0.059881649999999995,-3.637950000000001e-15,5.82077e-14,/home/sunyahui/worktrees/FilterVectorCode_multilevel_special/runs/high_selectivity_formal_amazon_x1/layer2_t1_8000_t2_100000/sel_80/search_time_summary.csv
sel_80,query_minlen1_nested_avgsel80pct,0.8002369928,layer2_t1_8000_t2_100000,2,8000,100000,344,0.8799,440.616,438.3756666666667,435.4125,0.015852954704732056,432.624,454.058,0.8799,0.8799,41.41445,12.831150000000001,15.403400000000001,0.00543832,13.134450000000001,0.06417105,41.41445,12.8193,15.403400000000001,0.005446645,13.1216,0.06473995,-7.275949999999999e-15,6.54836e-14,/home/sunyahui/worktrees/FilterVectorCode_multilevel_special/runs/high_selectivity_formal_amazon_x1/layer2_t1_8000_t2_100000/sel_80/search_time_summary.csv
sel_80,query_minlen1_nested_avgsel80pct,0.8002369928,layer2_t1_8000_t2_100000,2,8000,100000,375,0.8803,454.145,451.8245,451.49850000000004,0.010874210695045542,444.966,468.067,0.8803,0.8803,43.036500000000004,13.070699999999999,15.7157,0.005524599999999999,14.237,0.04666895,43.146950000000004,13.141200000000001,15.7157,0.005513405,14.23705,0.0474414,1.81899e-14,8.00355e-14,/home/sunyahui/worktrees/FilterVectorCode_multilevel_special/runs/high_selectivity_formal_amazon_x1/layer2_t1_8000_t2_100000/sel_80/search_time_summary.csv
sel_80,query_minlen1_nested_avgsel80pct,0.8002369928,layer2_t1_8000_t2_100000,2,8000,100000,500,0.89,512.353,510.1938333333334,510.5375,0.011478807303415798,503.142,525.306,0.89,0.89,48.620000000000005,13.196950000000001,16.47025,0.0057585299999999996,18.77505,0.0672165,48.69945,13.382100000000001,16.47025,0.005819515,18.775750000000002,0.06555665,-7.27597e-15,5.82077e-14,/home/sunyahui/worktrees/FilterVectorCode_multilevel_special/runs/high_selectivity_formal_amazon_x1/layer2_t1_8000_t2_100000/sel_80/search_time_summary.csv
sel_90,query_minlen1_nested_avgsel90pct,0.9004633639,layer2_t1_8000_t2_200000,2,8000,200000,125,0.9032,705.167,363.05283333333335,363.60900000000004,0.008403914641544377,359.399,2757.85,0.9032,0.9032,34.6161,13.91045,14.6046,0.0047761999999999995,6.07568,0.04510035,34.712,13.9549,14.5389,0.00475894,6.17039,0.04304265,-3.27418e-14,7.27596e-14,/home/sunyahui/worktrees/FilterVectorCode_multilevel_special/runs/high_selectivity_formal_amazon_x1/layer2_t1_8000_t2_200000/sel_90/search_time_summary.csv
sel_90,query_minlen1_nested_avgsel90pct,0.9004633639,layer2_t1_8000_t2_200000,2,8000,200000,156,0.9079,385.325,384.26933333333335,385.5195,0.010439995774018718,376.607,391.659,0.9079,0.9079,36.683049999999994,13.8306,15.25655,0.005015655,7.4532050000000005,0.05276585,36.766099999999994,13.7822,15.4191,0.0049879650000000005,7.51489,0.0449098,-1.4551929999999998e-14,5.09317e-14,/home/sunyahui/worktrees/FilterVectorCode_multilevel_special/runs/high_selectivity_formal_amazon_x1/layer2_t1_8000_t2_200000/sel_90/search_time_summary.csv
sel_90,query_minlen1_nested_avgsel90pct,0.9004633639,layer2_t1_8000_t2_200000,2,8000,200000,188,0.9111,403.968,403.02866666666665,401.8225,0.0162279477556886,395.505,414.039,0.9111,0.9111,37.99675,13.79955,15.55085,0.005134025,8.792195,0.0424683,37.9499,13.63625,15.547550000000001,0.0051649750000000005,8.709175,0.051706150000000006,-2.1827850000000002e-14,5.09317e-14,/home/sunyahui/worktrees/FilterVectorCode_multilevel_special/runs/high_selectivity_formal_amazon_x1/layer2_t1_8000_t2_200000/sel_90/search_time_summary.csv
sel_90,query_minlen1_nested_avgsel90pct,0.9004633639,layer2_t1_8000_t2_200000,2,8000,200000,219,0.9114,423.613,422.0115,419.80999999999995,0.01972832191688923,413.499,433.225,0.9114,0.9114,40.1286,13.7789,16.13845,0.00515179,10.22955,0.050779149999999995,40.1286,13.728,16.1209,0.00515179,10.22955,0.0449512,1.8189900000000002e-14,6.54836e-14,/home/sunyahui/worktrees/FilterVectorCode_multilevel_special/runs/high_selectivity_formal_amazon_x1/layer2_t1_8000_t2_200000/sel_90/search_time_summary.csv
sel_90,query_minlen1_nested_avgsel90pct,0.9004633639,layer2_t1_8000_t2_200000,2,8000,200000,250,0.9132,440.441,440.0885,441.37,0.008799490430864502,434.615,444.39,0.9132,0.9132,42.08685,13.7423,16.577350000000003,0.00536484,11.57415,0.054713,42.123900000000006,13.97905,16.577350000000003,0.00530599,11.51,0.05212625,-2.18279e-14,5.82077e-14,/home/sunyahui/worktrees/FilterVectorCode_multilevel_special/runs/high_selectivity_formal_amazon_x1/layer2_t1_8000_t2_200000/sel_90/search_time_summary.csv
sel_90,query_minlen1_nested_avgsel90pct,0.9004633639,layer2_t1_8000_t2_200000,2,8000,200000,375,0.9307,519.474,518.8213333333333,518.012,0.011716838778280884,509.343,526.168,0.9307,0.9307,49.63435,13.85685,18.12375,0.00587339,17.339,0.0624031,49.63435,14.13725,18.09715,0.00575365,17.339,0.05517375,-1.091395e-14,4.36557e-14,/home/sunyahui/worktrees/FilterVectorCode_multilevel_special/runs/high_selectivity_formal_amazon_x1/layer2_t1_8000_t2_200000/sel_90/search_time_summary.csv
sel_100,query_empty_full100pct,1.0,layer2_t1_8000_t2_400000,2,8000,400000,10,0.8149,404.623,379.7518333333333,380.05449999999996,0.014690252779663725,372.239,553.853,0.8149,0.8149,36.2996,9.717265,25.4568,0.003739885,1.15719,0.049588850000000004,36.294,9.65154,25.4568,0.003714695,1.12706,0.0548372,4.001778e-14,8.73115e-14,/home/sunyahui/worktrees/FilterVectorCode_multilevel_special/runs/high_selectivity_formal_boundary_extension_amazon_x1/layer2_t1_8000_t2_400000/sel_100/search_time_summary.csv
sel_100,query_empty_full100pct,1.0,layer2_t1_8000_t2_400000,2,8000,400000,15,0.8623,384.869,386.342,384.7495,0.021627492860617728,375.519,397.764,0.8623,0.8623,37.0262,9.85426,25.60505,0.0037803999999999997,1.53463,0.054927149999999994,37.0262,9.84045,25.616100000000003,0.004064265,1.505015,0.06053245,-1.81899e-14,4.36557e-14,/home/sunyahui/worktrees/FilterVectorCode_multilevel_special/runs/high_selectivity_formal_boundary_extension_amazon_x1/layer2_t1_8000_t2_400000/sel_100/search_time_summary.csv
sel_100,query_empty_full100pct,1.0,layer2_t1_8000_t2_400000,2,8000,400000,20,0.8774,400.698,396.8863333333333,391.991,0.03420520232294551,379.524,423.571,0.8774,0.8774,37.57825,9.708775,26.0453,0.003997105,1.822715,0.05170975,37.57825,9.686175,26.0453,0.003863625,1.78946,0.053519449999999996,3.27418e-14,4.36557e-14,/home/sunyahui/worktrees/FilterVectorCode_multilevel_special/runs/high_selectivity_formal_boundary_extension_amazon_x1/layer2_t1_8000_t2_400000/sel_100/search_time_summary.csv
sel_100,query_empty_full100pct,1.0,layer2_t1_8000_t2_400000,2,8000,400000,25,0.8878,404.327,405.87016666666665,408.427,0.03830055837175355,381.175,425.999,0.8878,0.8878,38.945049999999995,9.763819999999999,27.022399999999998,0.004050915,2.093325,0.04325165,38.945049999999995,9.79158,27.022399999999998,0.004052055,2.090515,0.036518800000000004,-6.548348e-14,1.23691e-13,/home/sunyahui/worktrees/FilterVectorCode_multilevel_special/runs/high_selectivity_formal_boundary_extension_amazon_x1/layer2_t1_8000_t2_400000/sel_100/search_time_summary.csv
sel_100,query_empty_full100pct,1.0,layer2_t1_8000_t2_400000,2,8000,400000,31,0.8968,405.285,408.73883333333333,409.6135,0.018994974597573055,384.561,417.33,0.8968,0.8968,39.0679,9.70679,26.7797,0.00388676,2.42054,0.046609700000000004,39.0679,9.837665,26.71765,0.003865975,2.459905,0.0488352,-3.27418e-14,8.00355e-14,/home/sunyahui/worktrees/FilterVectorCode_multilevel_special/runs/high_selectivity_formal_boundary_extension_amazon_x1/layer2_t1_8000_t2_400000/sel_100/search_time_summary.csv
sel_100,query_empty_full100pct,1.0,layer2_t1_8000_t2_400000,2,8000,400000,38,0.9024,410.645,414.2296666666667,415.9945,0.016880505546667392,389.134,420.492,0.9024,0.9024,39.65645,9.812664999999999,27.072499999999998,0.0039681149999999995,2.79633,0.0506266,39.67665,9.599975,27.2812,0.003981805,2.7506399999999998,0.0408674,3.637978e-14,6.54836e-14,/home/sunyahui/worktrees/FilterVectorCode_multilevel_special/runs/high_selectivity_formal_boundary_extension_amazon_x1/layer2_t1_8000_t2_400000/sel_100/search_time_summary.csv
sel_100,query_empty_full100pct,1.0,layer2_t1_8000_t2_400000,2,8000,400000,44,0.9052,415.588,417.36516666666665,420.36249999999995,0.03203515162317103,399.015,435.496,0.9052,0.9052,40.2179,9.694435,27.47255,0.00396643,3.115095,0.042076,40.2179,9.630425,27.47255,0.003981345000000001,3.0741899999999998,0.03676715,3.6379769999999996e-14,8.00355e-14,/home/sunyahui/worktrees/FilterVectorCode_multilevel_special/runs/high_selectivity_formal_boundary_extension_amazon_x1/layer2_t1_8000_t2_400000/sel_100/search_time_summary.csv
sel_100,query_empty_full100pct,1.0,layer2_t1_8000_t2_400000,2,8000,400000,50,0.9096,417.785,417.7966666666667,418.568,0.01689257249805691,407.811,428.759,0.9096,0.9096,40.299800000000005,9.750530000000001,27.261200000000002,0.003958965,3.27041,0.0511269,40.37785,9.718125,27.293,0.00398596,3.2988999999999997,0.06385125,1.091393e-14,9.45874e-14,/home/sunyahui/worktrees/FilterVectorCode_multilevel_special/runs/high_selectivity_formal_boundary_extension_amazon_x1/layer2_t1_8000_t2_400000/sel_100/search_time_summary.csv
sel_100,query_empty_full100pct,1.0,layer2_t1_8000_t2_400000,2,8000,400000,100,0.9271,469.662,470.28166666666664,471.029,0.013494464445035473,460.933,478.711,0.9271,0.9271,45.2644,9.66783,29.832749999999997,0.0042632550000000005,5.630245,0.047363249999999996,45.2644,9.681799999999999,29.832749999999997,0.00421554,5.699475,0.046201049999999994,-7.275949999999999e-15,9.45874e-14,/home/sunyahui/worktrees/FilterVectorCode_multilevel_special/runs/high_selectivity_formal_boundary_extension_amazon_x1/layer2_t1_8000_t2_400000/sel_100/search_time_summary.csv
sel_80,query_minlen1_nested_avgsel80pct,0.8002369928,layer2_t1_8000_t2_400000,2,8000,400000,250,0.8698,1248.51,391.89799999999997,391.294,0.015025027395809963,385.81,6388.16,0.8698,0.8698,37.030100000000004,12.6019,14.4454,0.0055181499999999994,9.815905,0.056652499999999995,37.030100000000004,12.700849999999999,14.4454,0.005503725,9.815905,0.0624056,6.184559999999999e-14,8.00355e-14,/home/sunyahui/worktrees/FilterVectorCode_multilevel_special/runs/high_selectivity_formal_boundary_extension_amazon_x1/layer2_t1_8000_t2_400000/sel_80/search_time_summary.csv
sel_80,query_minlen1_nested_avgsel80pct,0.8002369928,layer2_t1_8000_t2_400000,2,8000,400000,281,0.875,417.23,409.3575,407.995,0.010777732843685165,404.523,464.464,0.875,0.875,38.6545,12.6015,14.94285,0.0057913800000000005,11.007850000000001,0.05636785,38.679249999999996,12.48515,15.0296,0.006664605,11.08845,0.0693492,3.637999999999998e-15,8.00355e-14,/home/sunyahui/worktrees/FilterVectorCode_multilevel_special/runs/high_selectivity_formal_boundary_extension_amazon_x1/layer2_t1_8000_t2_400000/sel_80/search_time_summary.csv
sel_80,query_minlen1_nested_avgsel80pct,0.8002369928,layer2_t1_8000_t2_400000,2,8000,400000,312,0.8805,427.755,421.44016666666664,419.93600000000004,0.015443505968939394,415.292,465.645,0.8805,0.8805,39.67955,12.71395,14.946,0.0057507,11.971499999999999,0.0556229,39.64425,12.737400000000001,14.946,0.005741645,11.90085,0.05425015,-1.091395e-14,5.82077e-14,/home/sunyahui/worktrees/FilterVectorCode_multilevel_special/runs/high_selectivity_formal_boundary_extension_amazon_x1/layer2_t1_8000_t2_400000/sel_80/search_time_summary.csv
sel_80,query_minlen1_nested_avgsel80pct,0.8002369928,layer2_t1_8000_t2_400000,2,8000,400000,344,0.8837,467.842,465.212,439.985,0.1283963614876994,433.525,586.091,0.8837,0.8837,41.7121,12.9408,15.34,0.005865805,13.23235,0.04852705,41.7121,12.9372,15.34,0.00590017,13.362850000000002,0.06610435,-4.001775e-14,9.45874e-14,/home/sunyahui/worktrees/FilterVectorCode_multilevel_special/runs/high_selectivity_formal_boundary_extension_amazon_x1/layer2_t1_8000_t2_400000/sel_80/search_time_summary.csv
sel_80,query_minlen1_nested_avgsel80pct,0.8002369928,layer2_t1_8000_t2_400000,2,8000,400000,375,0.8841,455.917,450.3031666666667,449.18899999999996,0.010621996789811272,444.591,489.601,0.8841,0.8841,42.594899999999996,12.78575,15.398900000000001,0.006000435,14.277750000000001,0.0554613,42.781099999999995,12.8387,15.4876,0.006042535,14.399149999999999,0.04957705,4.7293699999999996e-14,8.00355e-14,/home/sunyahui/worktrees/FilterVectorCode_multilevel_special/runs/high_selectivity_formal_boundary_extension_amazon_x1/layer2_t1_8000_t2_400000/sel_80/search_time_summary.csv
sel_80,query_minlen1_nested_avgsel80pct,0.8002369928,layer2_t1_8000_t2_400000,2,8000,400000,500,0.8924,518.629,511.49916666666667,511.326,0.007873854170710218,506.743,561.408,0.8924,0.8924,48.643,13.0952,16.39885,0.00644929,18.9812,0.06548385000000001,48.45935,13.01745,16.38355,0.00644929,18.97775,0.0741329,1.8189900000000002e-14,8.00355e-14,/home/sunyahui/worktrees/FilterVectorCode_multilevel_special/runs/high_selectivity_formal_boundary_extension_amazon_x1/layer2_t1_8000_t2_400000/sel_80/search_time_summary.csv
sel_85,query_minlen1_nested_avgsel85pct,0.8496712723,layer2_t1_8000_t2_400000,2,8000,400000,25,0.8392,889.525,272.04783333333336,271.5005,0.010274471134881755,268.338,4594.39,0.8392,0.8392,25.6956,12.415199999999999,11.6044,0.0042662099999999994,1.7160350000000002,0.043946,25.6377,12.34045,11.5276,0.004189965,1.71239,0.0530604,1.455194e-14,5.09317e-14,/home/sunyahui/worktrees/FilterVectorCode_multilevel_special/runs/high_selectivity_formal_boundary_extension_amazon_x1/layer2_t1_8000_t2_400000/sel_85/search_time_summary.csv
sel_85,query_minlen1_nested_avgsel85pct,0.8496712723,layer2_t1_8000_t2_400000,2,8000,400000,50,0.8608,293.035,290.32733333333334,288.7,0.013188913086896584,288.075,309.282,0.8608,0.8608,27.2635,12.4665,11.9113,0.004388695,2.757995,0.0503126,27.1998,12.4057,11.99765,0.004419205,2.7364699999999997,0.055549600000000005,1.273291e-14,2.91038e-14,/home/sunyahui/worktrees/FilterVectorCode_multilevel_special/runs/high_selectivity_formal_boundary_extension_amazon_x1/layer2_t1_8000_t2_400000/sel_85/search_time_summary.csv
sel_85,query_minlen1_nested_avgsel85pct,0.8496712723,layer2_t1_8000_t2_400000,2,8000,400000,75,0.8691,310.748,309.75283333333334,308.3895,0.013021581698029151,305.918,317.201,0.8691,0.8691,29.230800000000002,12.617799999999999,12.8583,0.004583205,3.720605,0.05399985,29.218850000000003,12.617799999999999,12.8583,0.00451875,3.68703,0.051230250000000005,4.9112749999999996e-14,8.36735e-14,/home/sunyahui/worktrees/FilterVectorCode_multilevel_special/runs/high_selectivity_formal_boundary_extension_amazon_x1/layer2_t1_8000_t2_400000/sel_85/search_time_summary.csv
sel_85,query_minlen1_nested_avgsel85pct,0.8496712723,layer2_t1_8000_t2_400000,2,8000,400000,100,0.8754,328.144,327.43083333333334,327.8885,0.014097126957197616,320.412,334.245,0.8754,0.8754,31.11835,12.68745,13.56465,0.004748815,4.74273,0.04217825,31.11835,12.6601,13.6265,0.004811365,4.76979,0.0571859,2.000885e-14,2.91038e-14,/home/sunyahui/worktrees/FilterVectorCode_multilevel_special/runs/high_selectivity_formal_boundary_extension_amazon_x1/layer2_t1_8000_t2_400000/sel_85/search_time_summary.csv
sel_85,query_minlen1_nested_avgsel85pct,0.8496712723,layer2_t1_8000_t2_400000,2,8000,400000,125,0.8793,344.623,344.8691666666667,343.4255,0.015533945891573066,339.036,353.842,0.8793,0.8793,32.69445,12.8408,13.9847,0.00481322,5.7666699999999995,0.0460746,32.69445,12.8408,13.9847,0.0047784049999999995,5.8213,0.04283755,3.63798e-15,2.54659e-14,/home/sunyahui/worktrees/FilterVectorCode_multilevel_special/runs/high_selectivity_formal_boundary_extension_amazon_x1/layer2_t1_8000_t2_400000/sel_85/search_time_summary.csv
sel_85,query_minlen1_nested_avgsel85pct,0.8496712723,layer2_t1_8000_t2_400000,2,8000,400000,156,0.8827,360.798,360.397,360.55949999999996,0.01260817345045913,355.183,366.638,0.8827,0.8827,34.334199999999996,12.9378,14.48395,0.0050219800000000005,6.9602699999999995,0.056286249999999996,34.5538,12.969650000000001,14.48395,0.004944924999999999,7.03275,0.062569,-7.27595e-15,3.63798e-14,/home/sunyahui/worktrees/FilterVectorCode_multilevel_special/runs/high_selectivity_formal_boundary_extension_amazon_x1/layer2_t1_8000_t2_400000/sel_85/search_time_summary.csv
sel_85,query_minlen1_nested_avgsel85pct,0.8496712723,layer2_t1_8000_t2_400000,2,8000,400000,188,0.8882,387.233,386.606,383.19,0.029640849404188544,378.012,409.099,0.8882,0.8882,36.4589,12.8587,15.07865,0.005140205,8.355789999999999,0.04650965,36.4589,12.788499999999999,15.17285,0.005469255,8.431305,0.06075270000000001,-4.001775e-14,5.82077e-14,/home/sunyahui/worktrees/FilterVectorCode_multilevel_special/runs/high_selectivity_formal_boundary_extension_amazon_x1/layer2_t1_8000_t2_400000/sel_85/search_time_summary.csv
sel_85,query_minlen1_nested_avgsel85pct,0.8496712723,layer2_t1_8000_t2_400000,2,8000,400000,219,0.8914,403.993,403.2101666666667,404.942,0.0167748166570802,393.961,412.163,0.8914,0.8914,38.42655,12.972750000000001,15.59495,0.005339965,9.707925,0.05422175,38.42655,13.0219,15.59495,0.00531067,9.750589999999999,0.0537432,-3.63797e-15,7.27596e-14,/home/sunyahui/worktrees/FilterVectorCode_multilevel_special/runs/high_selectivity_formal_boundary_extension_amazon_x1/layer2_t1_8000_t2_400000/sel_85/search_time_summary.csv
sel_85,query_minlen1_nested_avgsel85pct,0.8496712723,layer2_t1_8000_t2_400000,2,8000,400000,250,0.8939,421.81,420.094,419.15250000000003,0.015325434647140363,413.193,432.11,0.8939,0.8939,40.1915,13.0838,15.9361,0.005452125,11.07105,0.0567173,40.2265,13.00755,16.07835,0.00540701,11.07915,0.0560311,2.910385e-14,8.73115e-14,/home/sunyahui/worktrees/FilterVectorCode_multilevel_special/runs/high_selectivity_formal_boundary_extension_amazon_x1/layer2_t1_8000_t2_400000/sel_85/search_time_summary.csv
sel_90,query_minlen1_nested_avgsel90pct,0.9004633639,layer2_t1_8000_t2_400000,2,8000,400000,25,0.8645,641.568,307.416,279.95550000000003,0.22562947062678906,275.67,2646.48,0.8645,0.8645,26.579250000000002,13.137149999999998,11.407250000000001,0.00439245,1.7342650000000002,0.053461049999999996,26.579250000000002,13.0649,11.7127,0.004451505,1.7342650000000002,0.06288625,1.8190000000000006e-15,4.36557e-14,/home/sunyahui/worktrees/FilterVectorCode_multilevel_special/runs/high_selectivity_formal_boundary_extension_amazon_x1/layer2_t1_8000_t2_400000/sel_90/search_time_summary.csv
sel_90,query_minlen1_nested_avgsel90pct,0.9004633639,layer2_t1_8000_t2_400000,2,8000,400000,50,0.8855,312.289,311.95166666666665,303.24350000000004,0.09405712422507356,291.898,371.077,0.8855,0.8855,28.49305,13.28795,12.40285,0.004499955,2.73217,0.05047335,28.49305,13.194500000000001,12.51695,0.00456915,2.73217,0.04489135,-1.4551899999999997e-14,4.36557e-14,/home/sunyahui/worktrees/FilterVectorCode_multilevel_special/runs/high_selectivity_formal_boundary_extension_amazon_x1/layer2_t1_8000_t2_400000/sel_90/search_time_summary.csv
sel_90,query_minlen1_nested_avgsel90pct,0.9004633639,layer2_t1_8000_t2_400000,2,8000,400000,75,0.8938,318.253,317.9223333333333,318.3665,0.020536087461666144,307.044,325.662,0.8938,0.8938,30.21915,13.48255,12.85695,0.00467899,3.74678,0.0575351,30.21915,13.5705,12.8396,0.004682755,3.74678,0.0575351,-1.8190000000000006e-15,3.27418e-14,/home/sunyahui/worktrees/FilterVectorCode_multilevel_special/runs/high_selectivity_formal_boundary_extension_amazon_x1/layer2_t1_8000_t2_400000/sel_90/search_time_summary.csv
sel_90,query_minlen1_nested_avgsel90pct,0.9004633639,layer2_t1_8000_t2_400000,2,8000,400000,100,0.9002,333.741,331.53766666666667,330.2745,0.01322345064840344,327.919,346.96,0.9002,0.9002,31.389899999999997,13.42735,13.25965,0.004839365,4.683935,0.04416005,31.4621,13.4297,13.31805,0.004929565,4.6577,0.0517305,3.0922799999999997e-14,4.36557e-14,/home/sunyahui/worktrees/FilterVectorCode_multilevel_special/runs/high_selectivity_formal_boundary_extension_amazon_x1/layer2_t1_8000_t2_400000/sel_90/search_time_summary.csv
sel_90,query_minlen1_nested_avgsel90pct,0.9004633639,layer2_t1_8000_t2_400000,2,8000,400000,125,0.9031,348.867,347.1191666666667,347.471,0.008721249034667708,343.796,359.354,0.9031,0.9031,32.938900000000004,13.48245,13.750399999999999,0.00488774,5.70898,0.0431479,32.997150000000005,13.4387,13.81355,0.004901615,5.688745,0.0512397,3.63797e-15,8.73115e-14,/home/sunyahui/worktrees/FilterVectorCode_multilevel_special/runs/high_selectivity_formal_boundary_extension_amazon_x1/layer2_t1_8000_t2_400000/sel_90/search_time_summary.csv
sel_90,query_minlen1_nested_avgsel90pct,0.9004633639,layer2_t1_8000_t2_400000,2,8000,400000,156,0.9063,365.907,364.2821666666667,363.525,0.009121544019998243,361.375,375.654,0.9063,0.9063,34.63965,13.4287,14.2397,0.00509685,6.92442,0.04627475,34.6874,13.3462,14.315650000000002,0.00520217,6.972455,0.04790195,-2.91038e-14,6.54836e-14,/home/sunyahui/worktrees/FilterVectorCode_multilevel_special/runs/high_selectivity_formal_boundary_extension_amazon_x1/layer2_t1_8000_t2_400000/sel_90/search_time_summary.csv
sel_90,query_minlen1_nested_avgsel90pct,0.9004633639,layer2_t1_8000_t2_400000,2,8000,400000,188,0.9108,388.964,388.45983333333334,385.3245,0.02487511963353936,380.882,407.21,0.9108,0.9108,36.745599999999996,13.4602,14.7136,0.0052387449999999995,8.279174999999999,0.05789325,36.62875,13.28115,14.92995,0.005245,8.369309999999999,0.04312795,-7.275949999999999e-15,6.54836e-14,/home/sunyahui/worktrees/FilterVectorCode_multilevel_special/runs/high_selectivity_formal_boundary_extension_amazon_x1/layer2_t1_8000_t2_400000/sel_90/search_time_summary.csv
sel_90,query_minlen1_nested_avgsel90pct,0.9004633639,layer2_t1_8000_t2_400000,2,8000,400000,219,0.9139,401.532,399.3005,400.1105,0.011240826089327508,393.899,414.921,0.9139,0.9139,38.2158,13.37395,15.0724,0.005349639999999999,9.53776,0.048526200000000005,38.27795,13.357099999999999,15.2081,0.005350295,9.649485,0.0579475,2.546585e-14,5.09317e-14,/home/sunyahui/worktrees/FilterVectorCode_multilevel_special/runs/high_selectivity_formal_boundary_extension_amazon_x1/layer2_t1_8000_t2_400000/sel_90/search_time_summary.csv
sel_90,query_minlen1_nested_avgsel90pct,0.9004633639,layer2_t1_8000_t2_400000,2,8000,400000,250,0.9156,423.106,421.1835,422.45500000000004,0.008928782933067805,415.564,434.644,0.9156,0.9156,40.061800000000005,13.4244,15.63875,0.005482745,10.8264,0.05593145,40.15585,13.2756,15.77815,0.005541595,11.0388,0.0577022,0.0,8.73115e-14,/home/sunyahui/worktrees/FilterVectorCode_multilevel_special/runs/high_selectivity_formal_boundary_extension_amazon_x1/layer2_t1_8000_t2_400000/sel_90/search_time_summary.csv
sel_95,query_minlen1_nested_avgsel95pct,0.9501978063,layer2_t1_8000_t2_400000,2,8000,400000,25,0.8886,411.83,294.4141666666667,291.91999999999996,0.03774710455254397,283.145,1116.33,0.8886,0.8886,27.67305,13.91155,11.88985,0.00407099,1.919035,0.0418993,27.801000000000002,13.806,12.0662,0.00424971,1.87305,0.05151175,-9.09494e-15,3.27418e-14,/home/sunyahui/worktrees/FilterVectorCode_multilevel_special/runs/high_selectivity_formal_boundary_extension_amazon_x1/layer2_t1_8000_t2_400000/sel_95/search_time_summary.csv
sel_95,query_minlen1_nested_avgsel95pct,0.9501978063,layer2_t1_8000_t2_400000,2,8000,400000,50,0.9098,313.566,308.627,309.493,0.013601290024584144,302.467,343.198,0.9098,0.9098,29.35975,13.9464,12.5227,0.00413824,2.942155,0.05197775,29.43475,13.9163,12.5244,0.0041551999999999995,2.9379549999999997,0.05197775,-5.09317e-14,5.45697e-14,/home/sunyahui/worktrees/FilterVectorCode_multilevel_special/runs/high_selectivity_formal_boundary_extension_amazon_x1/layer2_t1_8000_t2_400000/sel_95/search_time_summary.csv
sel_95,query_minlen1_nested_avgsel95pct,0.9501978063,layer2_t1_8000_t2_400000,2,8000,400000,75,0.9173,336.408,334.8035,334.25699999999995,0.01677306869434371,327.567,346.032,0.9173,0.9173,31.6334,14.338450000000002,13.1609,0.00424806,3.9902699999999998,0.0414651,31.6334,14.3953,13.1866,0.00424806,3.9902699999999998,0.05704355,-2.364688e-14,4.00178e-14,/home/sunyahui/worktrees/FilterVectorCode_multilevel_special/runs/high_selectivity_formal_boundary_extension_amazon_x1/layer2_t1_8000_t2_400000/sel_95/search_time_summary.csv
sel_95,query_minlen1_nested_avgsel95pct,0.9501978063,layer2_t1_8000_t2_400000,2,8000,400000,100,0.9233,351.55,349.91883333333334,348.9065,0.013532693597968114,345.137,361.334,0.9233,0.9233,33.211,14.2905,13.8,0.00442854,5.000215,0.052315,33.1756,14.450700000000001,13.733350000000002,0.004382860000000001,4.939019999999999,0.0481603,0.0,4.36557e-14,/home/sunyahui/worktrees/FilterVectorCode_multilevel_special/runs/high_selectivity_formal_boundary_extension_amazon_x1/layer2_t1_8000_t2_400000/sel_95/search_time_summary.csv
sel_95,query_minlen1_nested_avgsel95pct,0.9501978063,layer2_t1_8000_t2_400000,2,8000,400000,125,0.9256,369.482,368.3225,368.844,0.006169454233318927,364.516,376.441,0.9256,0.9256,34.9261,14.40775,14.4742,0.004524284999999999,6.11248,0.05042305,34.98805,14.2781,14.4742,0.00455644,6.169420000000001,0.06182024999999999,1.8189900000000002e-14,5.09317e-14,/home/sunyahui/worktrees/FilterVectorCode_multilevel_special/runs/high_selectivity_formal_boundary_extension_amazon_x1/layer2_t1_8000_t2_400000/sel_95/search_time_summary.csv
sel_95,query_minlen1_nested_avgsel95pct,0.9501978063,layer2_t1_8000_t2_400000,2,8000,400000,156,0.9279,392.8,391.086,391.749,0.01726468273182061,380.635,403.082,0.9279,0.9279,37.22465,14.3774,15.318200000000001,0.00467757,7.41372,0.0451401,37.16674999999999,14.3774,15.33545,0.00461578,7.407755,0.04151665,-1.8189900000000002e-14,5.09317e-14,/home/sunyahui/worktrees/FilterVectorCode_multilevel_special/runs/high_selectivity_formal_boundary_extension_amazon_x1/layer2_t1_8000_t2_400000/sel_95/search_time_summary.csv
sel_95,query_minlen1_nested_avgsel95pct,0.9501978063,layer2_t1_8000_t2_400000,2,8000,400000,188,0.9305,410.636,409.716,407.536,0.01814045575746339,404.254,424.176,0.9305,0.9305,39.01405,14.3682,15.646049999999999,0.0048531849999999994,8.95529,0.05239665,39.01405,14.248349999999999,15.646049999999999,0.004797605,9.054649999999999,0.060218850000000004,6.184559999999999e-14,8.00355e-14,/home/sunyahui/worktrees/FilterVectorCode_multilevel_special/runs/high_selectivity_formal_boundary_extension_amazon_x1/layer2_t1_8000_t2_400000/sel_95/search_time_summary.csv
sel_95,query_minlen1_nested_avgsel95pct,0.9501978063,layer2_t1_8000_t2_400000,2,8000,400000,219,0.9336,430.736,428.35083333333336,428.146,0.014992896021078847,420.141,445.045,0.9336,0.9336,40.7475,14.449850000000001,16.06905,0.004983965,10.1212,0.051466349999999994,40.782849999999996,14.3496,16.18245,0.00501522,10.19745,0.048318849999999997,7.27594e-14,1.09139e-13,/home/sunyahui/worktrees/FilterVectorCode_multilevel_special/runs/high_selectivity_formal_boundary_extension_amazon_x1/layer2_t1_8000_t2_400000/sel_95/search_time_summary.csv
sel_95,query_minlen1_nested_avgsel95pct,0.9501978063,layer2_t1_8000_t2_400000,2,8000,400000,250,0.9349,450.85,447.8345,447.467,0.017083636469739746,436.804,468.946,0.9349,0.9349,42.94145,14.4887,16.58665,0.00508387,11.57525,0.045227550000000005,42.94145,14.35965,16.7646,0.00508387,11.76885,0.04326565,2.91038e-14,4.36557e-14,/home/sunyahui/worktrees/FilterVectorCode_multilevel_special/runs/high_selectivity_formal_boundary_extension_amazon_x1/layer2_t1_8000_t2_400000/sel_95/search_time_summary.csv
sel_967,query_minlen1_label1_sel967pct,0.9670165142,layer2_t1_8000_t2_400000,2,8000,400000,25,0.8977,361.177,305.62966666666665,306.89549999999997,0.01686946239340003,297.391,694.458,0.8977,0.8977,28.76875,14.3444,12.44555,0.003848385,1.945855,0.037008,28.665100000000002,14.365400000000001,12.33865,0.0037833650000000003,1.920255,0.037008,-3.819878e-14,6.91216e-14,/home/sunyahui/worktrees/FilterVectorCode_multilevel_special/runs/high_selectivity_formal_boundary_extension_amazon_x1/layer2_t1_8000_t2_400000/sel_967/search_time_summary.csv
sel_967,query_minlen1_label1_sel967pct,0.9670165142,layer2_t1_8000_t2_400000,2,8000,400000,50,0.9186,322.4,320.7728333333333,317.8935,0.024411315428621988,313.81,333.365,0.9186,0.9186,30.17605,14.1597,12.8607,0.00428684,3.07605,0.04264385,30.32425,14.303650000000001,12.90075,0.004305804999999999,3.07605,0.0394862,4.365575e-14,6.91216e-14,/home/sunyahui/worktrees/FilterVectorCode_multilevel_special/runs/high_selectivity_formal_boundary_extension_amazon_x1/layer2_t1_8000_t2_400000/sel_967/search_time_summary.csv
sel_967,query_minlen1_label1_sel967pct,0.9670165142,layer2_t1_8000_t2_400000,2,8000,400000,75,0.9251,363.668,368.37283333333335,342.09349999999995,0.18550394432140876,335.435,507.677,0.9251,0.9251,32.593199999999996,14.5085,13.762599999999999,0.00423645,4.109775000000001,0.04552085,32.603449999999995,14.657,13.74655,0.0041974149999999995,4.144495,0.05123225,0.0,1.01863e-13,/home/sunyahui/worktrees/FilterVectorCode_multilevel_special/runs/high_selectivity_formal_boundary_extension_amazon_x1/layer2_t1_8000_t2_400000/sel_967/search_time_summary.csv
sel_967,query_minlen1_label1_sel967pct,0.9670165142,layer2_t1_8000_t2_400000,2,8000,400000,100,0.931,358.962,358.2848333333333,358.23,0.003082641639957148,356.804,363.026,0.931,0.931,34.11125,14.512450000000001,14.345600000000001,0.0044398300000000005,5.167345,0.041384149999999995,34.2273,14.5185,14.31455,0.004516925,5.348515,0.041224250000000004,-3.63797e-15,2.18279e-14,/home/sunyahui/worktrees/FilterVectorCode_multilevel_special/runs/high_selectivity_formal_boundary_extension_amazon_x1/layer2_t1_8000_t2_400000/sel_967/search_time_summary.csv
sel_967,query_minlen1_label1_sel967pct,0.9670165142,layer2_t1_8000_t2_400000,2,8000,400000,125,0.9331,377.125,375.637,374.84799999999996,0.012441615629783711,369.641,386.052,0.9331,0.9331,35.81155,14.5969,14.83015,0.00459604,6.32072,0.043532,35.693349999999995,14.5102,14.81305,0.00458482,6.31876,0.04678355,-2.1827899999999996e-14,7.27596e-14,/home/sunyahui/worktrees/FilterVectorCode_multilevel_special/runs/high_selectivity_formal_boundary_extension_amazon_x1/layer2_t1_8000_t2_400000/sel_967/search_time_summary.csv
sel_967,query_minlen1_label1_sel967pct,0.9670165142,layer2_t1_8000_t2_400000,2,8000,400000,156,0.9352,401.44,398.69733333333335,398.0295,0.0069608762747645735,395.779,417.901,0.9352,0.9352,38.152950000000004,14.737649999999999,15.72155,0.004782645,7.65234,0.043734949999999995,38.122749999999996,14.7848,15.672,0.004852645,7.620915,0.04018645,1.45519e-14,5.09317e-14,/home/sunyahui/worktrees/FilterVectorCode_multilevel_special/runs/high_selectivity_formal_boundary_extension_amazon_x1/layer2_t1_8000_t2_400000/sel_967/search_time_summary.csv
sel_967,query_minlen1_label1_sel967pct,0.9670165142,layer2_t1_8000_t2_400000,2,8000,400000,188,0.9375,422.4,420.90233333333333,420.6835,0.015043664541773106,412.463,431.388,0.9375,0.9375,39.99745,14.7896,15.9806,0.004936305,8.99332,0.0493641,40.08595,14.9725,15.977350000000001,0.004936305,9.088090000000001,0.04308645,-4.72936e-14,1.23691e-13,/home/sunyahui/worktrees/FilterVectorCode_multilevel_special/runs/high_selectivity_formal_boundary_extension_amazon_x1/layer2_t1_8000_t2_400000/sel_967/search_time_summary.csv
sel_967,query_minlen1_label1_sel967pct,0.9670165142,layer2_t1_8000_t2_400000,2,8000,400000,219,0.9405,458.529,458.33216666666664,440.322,0.10098773664695906,437.025,552.762,0.9405,0.9405,42.028499999999994,14.917000000000002,16.5593,0.005121775,10.35675,0.04907515,42.03885,14.96055,16.627299999999998,0.005159975,10.38945,0.056406,-3.27418e-14,7.27596e-14,/home/sunyahui/worktrees/FilterVectorCode_multilevel_special/runs/high_selectivity_formal_boundary_extension_amazon_x1/layer2_t1_8000_t2_400000/sel_967/search_time_summary.csv
sel_967,query_minlen1_label1_sel967pct,0.9670165142,layer2_t1_8000_t2_400000,2,8000,400000,250,0.941,463.341,461.27816666666666,460.4285,0.010756602639843375,456.323,475.715,0.941,0.941,43.6905,14.9336,16.942999999999998,0.005308895,11.942450000000001,0.043065400000000004,43.63545,14.879,16.91245,0.005341505,11.7966,0.042077649999999994,-1.45519e-14,3.63798e-14,/home/sunyahui/worktrees/FilterVectorCode_multilevel_special/runs/high_selectivity_formal_boundary_extension_amazon_x1/layer2_t1_8000_t2_400000/sel_967/search_time_summary.csv
